[0m01:27:54.027960 [debug] [MainThread]: Sending event: {'category': 'dbt', 'action': 'invocation', 'label': 'start', 'context': [<snowplow_tracker.self_describing_json.SelfDescribingJson object at 0x7d199d521040>, <snowplow_tracker.self_describing_json.SelfDescribingJson object at 0x7d199d3a6de0>, <snowplow_tracker.self_describing_json.SelfDescribingJson object at 0x7d199d3a6d20>]}


============================== 01:27:54.049599 | 38bd5002-ca0c-41e7-9f5b-a789c0410e8c ==============================
[0m01:27:54.049599 [info ] [MainThread]: Running with dbt=1.8.0
[0m01:27:54.050532 [debug] [MainThread]: running dbt with arguments {'printer_width': '80', 'indirect_selection': 'eager', 'write_json': 'True', 'log_cache_events': 'False', 'partial_parse': 'True', 'cache_selected_only': 'False', 'profiles_dir': '/opt/airflow/dbt', 'fail_fast': 'False', 'warn_error': 'None', 'log_path': '/opt/airflow/dbt/logs', 'version_check': 'True', 'debug': 'False', 'use_colors': 'True', 'use_experimental_parser': 'False', 'no_print': 'None', 'quiet': 'False', 'warn_error_options': 'WarnErrorOptions(include=[], exclude=[])', 'invocation_command': 'dbt run --select tag:staging', 'log_format': 'default', 'static_parser': 'True', 'target_path': 'None', 'introspect': 'True', 'send_anonymous_usage_stats': 'True'}
[0m01:27:54.253220 [debug] [MainThread]: Sending event: {'category': 'dbt', 'action': 'project_id', 'label': '38bd5002-ca0c-41e7-9f5b-a789c0410e8c', 'context': [<snowplow_tracker.self_describing_json.SelfDescribingJson object at 0x7d199cdbf170>]}
[0m01:27:54.303070 [debug] [MainThread]: Sending event: {'category': 'dbt', 'action': 'adapter_info', 'label': '38bd5002-ca0c-41e7-9f5b-a789c0410e8c', 'context': [<snowplow_tracker.self_describing_json.SelfDescribingJson object at 0x7d199d5772c0>]}
[0m01:27:54.304350 [info ] [MainThread]: Registered adapter: postgres=1.8.2
[0m01:27:54.370400 [debug] [MainThread]: checksum: dbb12d416fdb55e3665e4828703bbedf40c5c90ed7ca6ff39bbbfb29b12b0a92, vars: {}, profile: , target: , version: 1.8.0
[0m01:27:54.372884 [info ] [MainThread]: Unable to do partial parsing because saved manifest not found. Starting full parse.
[0m01:27:54.373574 [debug] [MainThread]: Sending event: {'category': 'dbt', 'action': 'partial_parser', 'label': '38bd5002-ca0c-41e7-9f5b-a789c0410e8c', 'context': [<snowplow_tracker.self_describing_json.SelfDescribingJson object at 0x7d199cd75eb0>]}
[0m01:27:55.449875 [debug] [MainThread]: Sending event: {'category': 'dbt', 'action': 'load_project', 'label': '38bd5002-ca0c-41e7-9f5b-a789c0410e8c', 'context': [<snowplow_tracker.self_describing_json.SelfDescribingJson object at 0x7d199b912ed0>]}
[0m01:27:55.553224 [debug] [MainThread]: Sending event: {'category': 'dbt', 'action': 'resource_counts', 'label': '38bd5002-ca0c-41e7-9f5b-a789c0410e8c', 'context': [<snowplow_tracker.self_describing_json.SelfDescribingJson object at 0x7d199b919be0>]}
[0m01:27:55.553963 [info ] [MainThread]: Found 9 models, 10 sources, 428 macros
[0m01:27:55.554897 [debug] [MainThread]: Sending event: {'category': 'dbt', 'action': 'runnable_timing', 'label': '38bd5002-ca0c-41e7-9f5b-a789c0410e8c', 'context': [<snowplow_tracker.self_describing_json.SelfDescribingJson object at 0x7d199c190f50>]}
[0m01:27:55.556929 [info ] [MainThread]: 
[0m01:27:55.557784 [debug] [MainThread]: Acquiring new postgres connection 'master'
[0m01:27:55.561654 [debug] [ThreadPool]: Acquiring new postgres connection 'list_airflow'
[0m01:27:55.593138 [debug] [ThreadPool]: Using postgres connection "list_airflow"
[0m01:27:55.593955 [debug] [ThreadPool]: On list_airflow: /* {"app": "dbt", "dbt_version": "1.8.0", "profile_name": "default", "target_name": "dev", "connection_name": "list_airflow"} */

    select distinct nspname from pg_namespace
  
[0m01:27:55.594574 [debug] [ThreadPool]: Opening a new connection, currently in state init
[0m01:27:55.600799 [debug] [ThreadPool]: SQL status: SELECT 5 in 0.006 seconds
[0m01:27:55.602558 [debug] [ThreadPool]: On list_airflow: Close
[0m01:27:55.603840 [debug] [ThreadPool]: Re-using an available connection from the pool (formerly list_airflow, now create_airflow_driven_staging)
[0m01:27:55.604894 [debug] [ThreadPool]: Creating schema "database: "airflow"
schema: "driven_staging"
"
[0m01:27:55.610528 [debug] [ThreadPool]: Using postgres connection "create_airflow_driven_staging"
[0m01:27:55.611329 [debug] [ThreadPool]: On create_airflow_driven_staging: BEGIN
[0m01:27:55.611983 [debug] [ThreadPool]: Opening a new connection, currently in state closed
[0m01:27:55.617124 [debug] [ThreadPool]: SQL status: BEGIN in 0.005 seconds
[0m01:27:55.617696 [debug] [ThreadPool]: Using postgres connection "create_airflow_driven_staging"
[0m01:27:55.618303 [debug] [ThreadPool]: On create_airflow_driven_staging: /* {"app": "dbt", "dbt_version": "1.8.0", "profile_name": "default", "target_name": "dev", "connection_name": "create_airflow_driven_staging"} */
create schema if not exists "driven_staging"
[0m01:27:55.619268 [debug] [ThreadPool]: SQL status: CREATE SCHEMA in 0.000 seconds
[0m01:27:55.620279 [debug] [ThreadPool]: On create_airflow_driven_staging: COMMIT
[0m01:27:55.620829 [debug] [ThreadPool]: Using postgres connection "create_airflow_driven_staging"
[0m01:27:55.621315 [debug] [ThreadPool]: On create_airflow_driven_staging: COMMIT
[0m01:27:55.622987 [debug] [ThreadPool]: SQL status: COMMIT in 0.001 seconds
[0m01:27:55.623545 [debug] [ThreadPool]: On create_airflow_driven_staging: Close
[0m01:27:55.625275 [debug] [ThreadPool]: Re-using an available connection from the pool (formerly create_airflow_driven_staging, now list_airflow_driven_trusted)
[0m01:27:55.631451 [debug] [ThreadPool]: Using postgres connection "list_airflow_driven_trusted"
[0m01:27:55.632183 [debug] [ThreadPool]: On list_airflow_driven_trusted: BEGIN
[0m01:27:55.632735 [debug] [ThreadPool]: Opening a new connection, currently in state closed
[0m01:27:55.636372 [debug] [ThreadPool]: SQL status: BEGIN in 0.004 seconds
[0m01:27:55.636956 [debug] [ThreadPool]: Using postgres connection "list_airflow_driven_trusted"
[0m01:27:55.637493 [debug] [ThreadPool]: On list_airflow_driven_trusted: /* {"app": "dbt", "dbt_version": "1.8.0", "profile_name": "default", "target_name": "dev", "connection_name": "list_airflow_driven_trusted"} */
select
      'airflow' as database,
      tablename as name,
      schemaname as schema,
      'table' as type
    from pg_tables
    where schemaname ilike 'driven_trusted'
    union all
    select
      'airflow' as database,
      viewname as name,
      schemaname as schema,
      'view' as type
    from pg_views
    where schemaname ilike 'driven_trusted'
    union all
    select
      'airflow' as database,
      matviewname as name,
      schemaname as schema,
      'materialized_view' as type
    from pg_matviews
    where schemaname ilike 'driven_trusted'
  
[0m01:27:55.643542 [debug] [ThreadPool]: SQL status: SELECT 0 in 0.006 seconds
[0m01:27:55.644944 [debug] [ThreadPool]: On list_airflow_driven_trusted: ROLLBACK
[0m01:27:55.645598 [debug] [ThreadPool]: On list_airflow_driven_trusted: Close
[0m01:27:55.646364 [debug] [ThreadPool]: Re-using an available connection from the pool (formerly list_airflow_driven_trusted, now list_airflow_driven_staging)
[0m01:27:55.649780 [debug] [ThreadPool]: Using postgres connection "list_airflow_driven_staging"
[0m01:27:55.650287 [debug] [ThreadPool]: On list_airflow_driven_staging: BEGIN
[0m01:27:55.650786 [debug] [ThreadPool]: Opening a new connection, currently in state closed
[0m01:27:55.653991 [debug] [ThreadPool]: SQL status: BEGIN in 0.003 seconds
[0m01:27:55.654497 [debug] [ThreadPool]: Using postgres connection "list_airflow_driven_staging"
[0m01:27:55.654993 [debug] [ThreadPool]: On list_airflow_driven_staging: /* {"app": "dbt", "dbt_version": "1.8.0", "profile_name": "default", "target_name": "dev", "connection_name": "list_airflow_driven_staging"} */
select
      'airflow' as database,
      tablename as name,
      schemaname as schema,
      'table' as type
    from pg_tables
    where schemaname ilike 'driven_staging'
    union all
    select
      'airflow' as database,
      viewname as name,
      schemaname as schema,
      'view' as type
    from pg_views
    where schemaname ilike 'driven_staging'
    union all
    select
      'airflow' as database,
      matviewname as name,
      schemaname as schema,
      'materialized_view' as type
    from pg_matviews
    where schemaname ilike 'driven_staging'
  
[0m01:27:55.657601 [debug] [ThreadPool]: SQL status: SELECT 0 in 0.002 seconds
[0m01:27:55.658925 [debug] [ThreadPool]: On list_airflow_driven_staging: ROLLBACK
[0m01:27:55.659868 [debug] [ThreadPool]: On list_airflow_driven_staging: Close
[0m01:27:55.665496 [debug] [MainThread]: Using postgres connection "master"
[0m01:27:55.666207 [debug] [MainThread]: On master: BEGIN
[0m01:27:55.666754 [debug] [MainThread]: Opening a new connection, currently in state init
[0m01:27:55.670239 [debug] [MainThread]: SQL status: BEGIN in 0.003 seconds
[0m01:27:55.670718 [debug] [MainThread]: Using postgres connection "master"
[0m01:27:55.671251 [debug] [MainThread]: On master: /* {"app": "dbt", "dbt_version": "1.8.0", "profile_name": "default", "target_name": "dev", "connection_name": "master"} */
with relation as (
        select
            pg_rewrite.ev_class as class,
            pg_rewrite.oid as id
        from pg_rewrite
    ),
    class as (
        select
            oid as id,
            relname as name,
            relnamespace as schema,
            relkind as kind
        from pg_class
    ),
    dependency as (
        select distinct
            pg_depend.objid as id,
            pg_depend.refobjid as ref
        from pg_depend
    ),
    schema as (
        select
            pg_namespace.oid as id,
            pg_namespace.nspname as name
        from pg_namespace
        where nspname != 'information_schema' and nspname not like 'pg\_%'
    ),
    referenced as (
        select
            relation.id AS id,
            referenced_class.name ,
            referenced_class.schema ,
            referenced_class.kind
        from relation
        join class as referenced_class on relation.class=referenced_class.id
        where referenced_class.kind in ('r', 'v', 'm')
    ),
    relationships as (
        select
            referenced.name as referenced_name,
            referenced.schema as referenced_schema_id,
            dependent_class.name as dependent_name,
            dependent_class.schema as dependent_schema_id,
            referenced.kind as kind
        from referenced
        join dependency on referenced.id=dependency.id
        join class as dependent_class on dependency.ref=dependent_class.id
        where
            (referenced.name != dependent_class.name or
             referenced.schema != dependent_class.schema)
    )

    select
        referenced_schema.name as referenced_schema,
        relationships.referenced_name as referenced_name,
        dependent_schema.name as dependent_schema,
        relationships.dependent_name as dependent_name
    from relationships
    join schema as dependent_schema on relationships.dependent_schema_id=dependent_schema.id
    join schema as referenced_schema on relationships.referenced_schema_id=referenced_schema.id
    group by referenced_schema, referenced_name, dependent_schema, dependent_name
    order by referenced_schema, referenced_name, dependent_schema, dependent_name;
[0m01:27:55.675293 [debug] [MainThread]: SQL status: SELECT 0 in 0.003 seconds
[0m01:27:55.676747 [debug] [MainThread]: Sending event: {'category': 'dbt', 'action': 'runnable_timing', 'label': '38bd5002-ca0c-41e7-9f5b-a789c0410e8c', 'context': [<snowplow_tracker.self_describing_json.SelfDescribingJson object at 0x7d199e741cd0>]}
[0m01:27:55.677357 [debug] [MainThread]: On master: ROLLBACK
[0m01:27:55.678037 [debug] [MainThread]: Using postgres connection "master"
[0m01:27:55.678833 [debug] [MainThread]: On master: BEGIN
[0m01:27:55.680014 [debug] [MainThread]: SQL status: BEGIN in 0.000 seconds
[0m01:27:55.680517 [debug] [MainThread]: On master: COMMIT
[0m01:27:55.681122 [debug] [MainThread]: Using postgres connection "master"
[0m01:27:55.681611 [debug] [MainThread]: On master: COMMIT
[0m01:27:55.682178 [debug] [MainThread]: SQL status: COMMIT in 0.000 seconds
[0m01:27:55.682643 [debug] [MainThread]: On master: Close
[0m01:27:55.683537 [info ] [MainThread]: Concurrency: 1 threads (target='dev')
[0m01:27:55.685053 [info ] [MainThread]: 
[0m01:27:55.693195 [debug] [Thread-1 (]: Began running node model.dbt_driven_data.staging_dim_address
[0m01:27:55.693957 [info ] [Thread-1 (]: 1 of 5 START sql table model driven_staging.dim_address ........................ [RUN]
[0m01:27:55.694777 [debug] [Thread-1 (]: Re-using an available connection from the pool (formerly list_airflow_driven_staging, now model.dbt_driven_data.staging_dim_address)
[0m01:27:55.695326 [debug] [Thread-1 (]: Began compiling node model.dbt_driven_data.staging_dim_address
[0m01:27:55.754163 [debug] [Thread-1 (]: Writing injected SQL for node "model.dbt_driven_data.staging_dim_address"
[0m01:27:55.792702 [debug] [Thread-1 (]: Began executing node model.dbt_driven_data.staging_dim_address
[0m01:27:55.822908 [debug] [Thread-1 (]: Writing runtime sql for node "model.dbt_driven_data.staging_dim_address"
[0m01:27:55.835031 [debug] [Thread-1 (]: Using postgres connection "model.dbt_driven_data.staging_dim_address"
[0m01:27:55.835733 [debug] [Thread-1 (]: On model.dbt_driven_data.staging_dim_address: BEGIN
[0m01:27:55.836290 [debug] [Thread-1 (]: Opening a new connection, currently in state closed
[0m01:27:55.839780 [debug] [Thread-1 (]: SQL status: BEGIN in 0.003 seconds
[0m01:27:55.840297 [debug] [Thread-1 (]: Using postgres connection "model.dbt_driven_data.staging_dim_address"
[0m01:27:55.840832 [debug] [Thread-1 (]: On model.dbt_driven_data.staging_dim_address: /* {"app": "dbt", "dbt_version": "1.8.0", "profile_name": "default", "target_name": "dev", "node_id": "model.dbt_driven_data.staging_dim_address"} */

  
    

  create  table "airflow"."driven_staging"."dim_address__dbt_tmp"
  
  
    as
  
  (
    

WITH source_data AS (
    SELECT
        unique_id,
        address,
        mac_address,
        ip_address
    FROM "airflow"."driven_raw"."raw_batch_data"
)

SELECT * FROM source_data;
  );
  
[0m01:27:55.841711 [debug] [Thread-1 (]: Postgres adapter: Postgres error: syntax error at or near ";"
LINE 23: SELECT * FROM source_data;
                                  ^

[0m01:27:55.842217 [debug] [Thread-1 (]: On model.dbt_driven_data.staging_dim_address: ROLLBACK
[0m01:27:55.842913 [debug] [Thread-1 (]: On model.dbt_driven_data.staging_dim_address: Close
[0m01:27:55.849352 [debug] [Thread-1 (]: Database Error in model staging_dim_address (models/staging_dim_address.sql)
  syntax error at or near ";"
  LINE 23: SELECT * FROM source_data;
                                    ^
  compiled code at target/run/dbt_driven_data/models/staging_dim_address.sql
[0m01:27:55.852173 [debug] [Thread-1 (]: Sending event: {'category': 'dbt', 'action': 'run_model', 'label': '38bd5002-ca0c-41e7-9f5b-a789c0410e8c', 'context': [<snowplow_tracker.self_describing_json.SelfDescribingJson object at 0x7d199b94cbc0>]}
[0m01:27:55.852978 [error] [Thread-1 (]: 1 of 5 ERROR creating sql table model driven_staging.dim_address ............... [[31mERROR[0m in 0.16s]
[0m01:27:55.853861 [debug] [Thread-1 (]: Finished running node model.dbt_driven_data.staging_dim_address
[0m01:27:55.854461 [debug] [Thread-1 (]: Began running node model.dbt_driven_data.staging_dim_date
[0m01:27:55.856103 [info ] [Thread-1 (]: 2 of 5 START sql table model driven_staging.dim_date ........................... [RUN]
[0m01:27:55.856769 [debug] [Thread-1 (]: Re-using an available connection from the pool (formerly model.dbt_driven_data.staging_dim_address, now model.dbt_driven_data.staging_dim_date)
[0m01:27:55.857271 [debug] [Thread-1 (]: Began compiling node model.dbt_driven_data.staging_dim_date
[0m01:27:55.860103 [debug] [Thread-1 (]: Writing injected SQL for node "model.dbt_driven_data.staging_dim_date"
[0m01:27:55.874776 [debug] [Thread-1 (]: Began executing node model.dbt_driven_data.staging_dim_date
[0m01:27:55.877933 [debug] [Thread-1 (]: Writing runtime sql for node "model.dbt_driven_data.staging_dim_date"
[0m01:27:55.890086 [debug] [Thread-1 (]: Using postgres connection "model.dbt_driven_data.staging_dim_date"
[0m01:27:55.890832 [debug] [Thread-1 (]: On model.dbt_driven_data.staging_dim_date: BEGIN
[0m01:27:55.891431 [debug] [Thread-1 (]: Opening a new connection, currently in state closed
[0m01:27:55.895182 [debug] [Thread-1 (]: SQL status: BEGIN in 0.004 seconds
[0m01:27:55.896148 [debug] [Thread-1 (]: Using postgres connection "model.dbt_driven_data.staging_dim_date"
[0m01:27:55.896826 [debug] [Thread-1 (]: On model.dbt_driven_data.staging_dim_date: /* {"app": "dbt", "dbt_version": "1.8.0", "profile_name": "default", "target_name": "dev", "node_id": "model.dbt_driven_data.staging_dim_date"} */

  
    

  create  table "airflow"."driven_staging"."dim_date__dbt_tmp"
  
  
    as
  
  (
    

WITH source_data AS (
    SELECT
        unique_id,
        accessed_at
    FROM "airflow"."driven_raw"."raw_batch_data"
)

SELECT * FROM source_data;
  );
  
[0m01:27:55.897650 [debug] [Thread-1 (]: Postgres adapter: Postgres error: syntax error at or near ";"
LINE 21: SELECT * FROM source_data;
                                  ^

[0m01:27:55.898400 [debug] [Thread-1 (]: On model.dbt_driven_data.staging_dim_date: ROLLBACK
[0m01:27:55.899329 [debug] [Thread-1 (]: On model.dbt_driven_data.staging_dim_date: Close
[0m01:27:55.901418 [debug] [Thread-1 (]: Database Error in model staging_dim_date (models/staging_dim_date.sql)
  syntax error at or near ";"
  LINE 21: SELECT * FROM source_data;
                                    ^
  compiled code at target/run/dbt_driven_data/models/staging_dim_date.sql
[0m01:27:55.902105 [debug] [Thread-1 (]: Sending event: {'category': 'dbt', 'action': 'run_model', 'label': '38bd5002-ca0c-41e7-9f5b-a789c0410e8c', 'context': [<snowplow_tracker.self_describing_json.SelfDescribingJson object at 0x7d199c1d2450>]}
[0m01:27:55.902886 [error] [Thread-1 (]: 2 of 5 ERROR creating sql table model driven_staging.dim_date .................. [[31mERROR[0m in 0.05s]
[0m01:27:55.903645 [debug] [Thread-1 (]: Finished running node model.dbt_driven_data.staging_dim_date
[0m01:27:55.904248 [debug] [Thread-1 (]: Began running node model.dbt_driven_data.staging_dim_finance
[0m01:27:55.905016 [info ] [Thread-1 (]: 3 of 5 START sql table model driven_staging.dim_finance ........................ [RUN]
[0m01:27:55.905834 [debug] [Thread-1 (]: Re-using an available connection from the pool (formerly model.dbt_driven_data.staging_dim_date, now model.dbt_driven_data.staging_dim_finance)
[0m01:27:55.906362 [debug] [Thread-1 (]: Began compiling node model.dbt_driven_data.staging_dim_finance
[0m01:27:55.909126 [debug] [Thread-1 (]: Writing injected SQL for node "model.dbt_driven_data.staging_dim_finance"
[0m01:27:55.917600 [debug] [Thread-1 (]: Began executing node model.dbt_driven_data.staging_dim_finance
[0m01:27:55.920718 [debug] [Thread-1 (]: Writing runtime sql for node "model.dbt_driven_data.staging_dim_finance"
[0m01:27:55.929463 [debug] [Thread-1 (]: Using postgres connection "model.dbt_driven_data.staging_dim_finance"
[0m01:27:55.930136 [debug] [Thread-1 (]: On model.dbt_driven_data.staging_dim_finance: BEGIN
[0m01:27:55.930806 [debug] [Thread-1 (]: Opening a new connection, currently in state closed
[0m01:27:55.934387 [debug] [Thread-1 (]: SQL status: BEGIN in 0.004 seconds
[0m01:27:55.935144 [debug] [Thread-1 (]: Using postgres connection "model.dbt_driven_data.staging_dim_finance"
[0m01:27:55.935756 [debug] [Thread-1 (]: On model.dbt_driven_data.staging_dim_finance: /* {"app": "dbt", "dbt_version": "1.8.0", "profile_name": "default", "target_name": "dev", "node_id": "model.dbt_driven_data.staging_dim_finance"} */

  
    

  create  table "airflow"."driven_staging"."dim_finance__dbt_tmp"
  
  
    as
  
  (
    

WITH source_data AS (
    SELECT
        unique_id,
        iban
    FROM "airflow"."driven_raw"."raw_batch_data"
)

SELECT * FROM source_data;
  );
  
[0m01:27:55.936583 [debug] [Thread-1 (]: Postgres adapter: Postgres error: syntax error at or near ";"
LINE 21: SELECT * FROM source_data;
                                  ^

[0m01:27:55.937109 [debug] [Thread-1 (]: On model.dbt_driven_data.staging_dim_finance: ROLLBACK
[0m01:27:55.937858 [debug] [Thread-1 (]: On model.dbt_driven_data.staging_dim_finance: Close
[0m01:27:55.939812 [debug] [Thread-1 (]: Database Error in model staging_dim_finance (models/staging_dim_finance.sql)
  syntax error at or near ";"
  LINE 21: SELECT * FROM source_data;
                                    ^
  compiled code at target/run/dbt_driven_data/models/staging_dim_finance.sql
[0m01:27:55.940430 [debug] [Thread-1 (]: Sending event: {'category': 'dbt', 'action': 'run_model', 'label': '38bd5002-ca0c-41e7-9f5b-a789c0410e8c', 'context': [<snowplow_tracker.self_describing_json.SelfDescribingJson object at 0x7d199ce123f0>]}
[0m01:27:55.941259 [error] [Thread-1 (]: 3 of 5 ERROR creating sql table model driven_staging.dim_finance ............... [[31mERROR[0m in 0.03s]
[0m01:27:55.942009 [debug] [Thread-1 (]: Finished running node model.dbt_driven_data.staging_dim_finance
[0m01:27:55.942644 [debug] [Thread-1 (]: Began running node model.dbt_driven_data.staging_dim_person
[0m01:27:55.943240 [info ] [Thread-1 (]: 4 of 5 START sql table model driven_staging.dim_person ......................... [RUN]
[0m01:27:55.943880 [debug] [Thread-1 (]: Re-using an available connection from the pool (formerly model.dbt_driven_data.staging_dim_finance, now model.dbt_driven_data.staging_dim_person)
[0m01:27:55.944398 [debug] [Thread-1 (]: Began compiling node model.dbt_driven_data.staging_dim_person
[0m01:27:55.947797 [debug] [Thread-1 (]: Writing injected SQL for node "model.dbt_driven_data.staging_dim_person"
[0m01:27:55.955346 [debug] [Thread-1 (]: Began executing node model.dbt_driven_data.staging_dim_person
[0m01:27:55.958434 [debug] [Thread-1 (]: Writing runtime sql for node "model.dbt_driven_data.staging_dim_person"
[0m01:27:55.966687 [debug] [Thread-1 (]: Using postgres connection "model.dbt_driven_data.staging_dim_person"
[0m01:27:55.967481 [debug] [Thread-1 (]: On model.dbt_driven_data.staging_dim_person: BEGIN
[0m01:27:55.968103 [debug] [Thread-1 (]: Opening a new connection, currently in state closed
[0m01:27:55.971627 [debug] [Thread-1 (]: SQL status: BEGIN in 0.003 seconds
[0m01:27:55.972218 [debug] [Thread-1 (]: Using postgres connection "model.dbt_driven_data.staging_dim_person"
[0m01:27:55.972798 [debug] [Thread-1 (]: On model.dbt_driven_data.staging_dim_person: /* {"app": "dbt", "dbt_version": "1.8.0", "profile_name": "default", "target_name": "dev", "node_id": "model.dbt_driven_data.staging_dim_person"} */

  
    

  create  table "airflow"."driven_staging"."dim_person__dbt_tmp"
  
  
    as
  
  (
    

WITH source_data AS (
    SELECT
        unique_id,
        person_name,
        user_name,
        email,
        phone,
        birth_date,
        personal_number
    FROM "airflow"."driven_raw"."raw_batch_data"
)

SELECT * FROM source_data;
  );
  
[0m01:27:55.973596 [debug] [Thread-1 (]: Postgres adapter: Postgres error: syntax error at or near ";"
LINE 26: SELECT * FROM source_data;
                                  ^

[0m01:27:55.974168 [debug] [Thread-1 (]: On model.dbt_driven_data.staging_dim_person: ROLLBACK
[0m01:27:55.974930 [debug] [Thread-1 (]: On model.dbt_driven_data.staging_dim_person: Close
[0m01:27:55.976940 [debug] [Thread-1 (]: Database Error in model staging_dim_person (models/staging_dim_person.sql)
  syntax error at or near ";"
  LINE 26: SELECT * FROM source_data;
                                    ^
  compiled code at target/run/dbt_driven_data/models/staging_dim_person.sql
[0m01:27:55.977590 [debug] [Thread-1 (]: Sending event: {'category': 'dbt', 'action': 'run_model', 'label': '38bd5002-ca0c-41e7-9f5b-a789c0410e8c', 'context': [<snowplow_tracker.self_describing_json.SelfDescribingJson object at 0x7d199ce13fe0>]}
[0m01:27:55.978339 [error] [Thread-1 (]: 4 of 5 ERROR creating sql table model driven_staging.dim_person ................ [[31mERROR[0m in 0.03s]
[0m01:27:55.979119 [debug] [Thread-1 (]: Finished running node model.dbt_driven_data.staging_dim_person
[0m01:27:55.979646 [debug] [Thread-1 (]: Began running node model.dbt_driven_data.staging_fact_network_usage
[0m01:27:55.980337 [info ] [Thread-1 (]: 5 of 5 START sql table model driven_staging.fact_network_usage ................. [RUN]
[0m01:27:55.980972 [debug] [Thread-1 (]: Re-using an available connection from the pool (formerly model.dbt_driven_data.staging_dim_person, now model.dbt_driven_data.staging_fact_network_usage)
[0m01:27:55.981459 [debug] [Thread-1 (]: Began compiling node model.dbt_driven_data.staging_fact_network_usage
[0m01:27:55.984525 [debug] [Thread-1 (]: Writing injected SQL for node "model.dbt_driven_data.staging_fact_network_usage"
[0m01:27:55.994867 [debug] [Thread-1 (]: Began executing node model.dbt_driven_data.staging_fact_network_usage
[0m01:27:56.000233 [debug] [Thread-1 (]: Writing runtime sql for node "model.dbt_driven_data.staging_fact_network_usage"
[0m01:27:56.010946 [debug] [Thread-1 (]: Using postgres connection "model.dbt_driven_data.staging_fact_network_usage"
[0m01:27:56.011644 [debug] [Thread-1 (]: On model.dbt_driven_data.staging_fact_network_usage: BEGIN
[0m01:27:56.012248 [debug] [Thread-1 (]: Opening a new connection, currently in state closed
[0m01:27:56.016224 [debug] [Thread-1 (]: SQL status: BEGIN in 0.004 seconds
[0m01:27:56.017472 [debug] [Thread-1 (]: Using postgres connection "model.dbt_driven_data.staging_fact_network_usage"
[0m01:27:56.018132 [debug] [Thread-1 (]: On model.dbt_driven_data.staging_fact_network_usage: /* {"app": "dbt", "dbt_version": "1.8.0", "profile_name": "default", "target_name": "dev", "node_id": "model.dbt_driven_data.staging_fact_network_usage"} */

  
    

  create  table "airflow"."driven_staging"."fact_network_usage__dbt_tmp"
  
  
    as
  
  (
    

WITH source_data AS (
    SELECT
        unique_id,
        session_duration,
        download_speed,
        upload_speed,
        consumed_traffic
    FROM "airflow"."driven_raw"."raw_batch_data"
)

SELECT * FROM source_data;
  );
  
[0m01:27:56.019006 [debug] [Thread-1 (]: Postgres adapter: Postgres error: syntax error at or near ";"
LINE 24: SELECT * FROM source_data;
                                  ^

[0m01:27:56.019663 [debug] [Thread-1 (]: On model.dbt_driven_data.staging_fact_network_usage: ROLLBACK
[0m01:27:56.020435 [debug] [Thread-1 (]: On model.dbt_driven_data.staging_fact_network_usage: Close
[0m01:27:56.022304 [debug] [Thread-1 (]: Database Error in model staging_fact_network_usage (models/staging_fact_network_usage.sql)
  syntax error at or near ";"
  LINE 24: SELECT * FROM source_data;
                                    ^
  compiled code at target/run/dbt_driven_data/models/staging_fact_network_usage.sql
[0m01:27:56.022947 [debug] [Thread-1 (]: Sending event: {'category': 'dbt', 'action': 'run_model', 'label': '38bd5002-ca0c-41e7-9f5b-a789c0410e8c', 'context': [<snowplow_tracker.self_describing_json.SelfDescribingJson object at 0x7d199bd95ee0>]}
[0m01:27:56.023714 [error] [Thread-1 (]: 5 of 5 ERROR creating sql table model driven_staging.fact_network_usage ........ [[31mERROR[0m in 0.04s]
[0m01:27:56.024544 [debug] [Thread-1 (]: Finished running node model.dbt_driven_data.staging_fact_network_usage
[0m01:27:56.026121 [debug] [MainThread]: Using postgres connection "master"
[0m01:27:56.026659 [debug] [MainThread]: On master: BEGIN
[0m01:27:56.027105 [debug] [MainThread]: Opening a new connection, currently in state closed
[0m01:27:56.030741 [debug] [MainThread]: SQL status: BEGIN in 0.004 seconds
[0m01:27:56.031386 [debug] [MainThread]: On master: COMMIT
[0m01:27:56.031961 [debug] [MainThread]: Using postgres connection "master"
[0m01:27:56.032500 [debug] [MainThread]: On master: COMMIT
[0m01:27:56.033099 [debug] [MainThread]: SQL status: COMMIT in 0.000 seconds
[0m01:27:56.033582 [debug] [MainThread]: On master: Close
[0m01:27:56.034180 [debug] [MainThread]: Connection 'master' was properly closed.
[0m01:27:56.034643 [debug] [MainThread]: Connection 'model.dbt_driven_data.staging_fact_network_usage' was properly closed.
[0m01:27:56.035158 [info ] [MainThread]: 
[0m01:27:56.035694 [info ] [MainThread]: Finished running 5 table models in 0 hours 0 minutes and 0.48 seconds (0.48s).
[0m01:27:56.036846 [debug] [MainThread]: Command end result
[0m01:27:56.078671 [info ] [MainThread]: 
[0m01:27:56.079658 [info ] [MainThread]: [31mCompleted with 5 errors and 0 warnings:[0m
[0m01:27:56.080299 [info ] [MainThread]: 
[0m01:27:56.081152 [error] [MainThread]:   Database Error in model staging_dim_address (models/staging_dim_address.sql)
  syntax error at or near ";"
  LINE 23: SELECT * FROM source_data;
                                    ^
  compiled code at target/run/dbt_driven_data/models/staging_dim_address.sql
[0m01:27:56.081686 [info ] [MainThread]: 
[0m01:27:56.082299 [error] [MainThread]:   Database Error in model staging_dim_date (models/staging_dim_date.sql)
  syntax error at or near ";"
  LINE 21: SELECT * FROM source_data;
                                    ^
  compiled code at target/run/dbt_driven_data/models/staging_dim_date.sql
[0m01:27:56.082828 [info ] [MainThread]: 
[0m01:27:56.083463 [error] [MainThread]:   Database Error in model staging_dim_finance (models/staging_dim_finance.sql)
  syntax error at or near ";"
  LINE 21: SELECT * FROM source_data;
                                    ^
  compiled code at target/run/dbt_driven_data/models/staging_dim_finance.sql
[0m01:27:56.083997 [info ] [MainThread]: 
[0m01:27:56.084634 [error] [MainThread]:   Database Error in model staging_dim_person (models/staging_dim_person.sql)
  syntax error at or near ";"
  LINE 26: SELECT * FROM source_data;
                                    ^
  compiled code at target/run/dbt_driven_data/models/staging_dim_person.sql
[0m01:27:56.085157 [info ] [MainThread]: 
[0m01:27:56.085753 [error] [MainThread]:   Database Error in model staging_fact_network_usage (models/staging_fact_network_usage.sql)
  syntax error at or near ";"
  LINE 24: SELECT * FROM source_data;
                                    ^
  compiled code at target/run/dbt_driven_data/models/staging_fact_network_usage.sql
[0m01:27:56.086241 [info ] [MainThread]: 
[0m01:27:56.086799 [info ] [MainThread]: Done. PASS=0 WARN=0 ERROR=5 SKIP=0 TOTAL=5
[0m01:27:56.087797 [debug] [MainThread]: Resource report: {"command_name": "run", "command_wall_clock_time": 2.1653373, "process_user_time": 3.250792, "process_kernel_time": 0.451832, "process_mem_max_rss": "123744", "process_out_blocks": "4056", "command_success": false, "process_in_blocks": "0"}
[0m01:27:56.088488 [debug] [MainThread]: Command `dbt run` failed at 01:27:56.088383 after 2.17 seconds
[0m01:27:56.089070 [debug] [MainThread]: Sending event: {'category': 'dbt', 'action': 'invocation', 'label': 'end', 'context': [<snowplow_tracker.self_describing_json.SelfDescribingJson object at 0x7d199b919be0>, <snowplow_tracker.self_describing_json.SelfDescribingJson object at 0x7d199cdbda00>, <snowplow_tracker.self_describing_json.SelfDescribingJson object at 0x7d199cdbc530>]}
[0m01:27:56.089594 [debug] [MainThread]: Flushing usage events
[0m02:08:43.022944 [debug] [MainThread]: Sending event: {'category': 'dbt', 'action': 'invocation', 'label': 'start', 'context': [<snowplow_tracker.self_describing_json.SelfDescribingJson object at 0x724fdcf257c0>, <snowplow_tracker.self_describing_json.SelfDescribingJson object at 0x724fdce3c050>, <snowplow_tracker.self_describing_json.SelfDescribingJson object at 0x724fdce3efc0>]}


============================== 02:08:43.047264 | a163a9d4-fa8a-411d-8cc0-582a5d749fed ==============================
[0m02:08:43.047264 [info ] [MainThread]: Running with dbt=1.8.0
[0m02:08:43.048128 [debug] [MainThread]: running dbt with arguments {'printer_width': '80', 'indirect_selection': 'eager', 'log_cache_events': 'False', 'write_json': 'True', 'partial_parse': 'True', 'cache_selected_only': 'False', 'profiles_dir': '/opt/airflow/dbt', 'version_check': 'True', 'debug': 'False', 'log_path': '/opt/airflow/dbt/logs', 'fail_fast': 'False', 'warn_error': 'None', 'use_colors': 'True', 'use_experimental_parser': 'False', 'no_print': 'None', 'quiet': 'False', 'warn_error_options': 'WarnErrorOptions(include=[], exclude=[])', 'introspect': 'True', 'static_parser': 'True', 'invocation_command': 'dbt run --select tag:staging', 'target_path': 'None', 'log_format': 'default', 'send_anonymous_usage_stats': 'True'}
[0m02:08:43.283316 [debug] [MainThread]: Sending event: {'category': 'dbt', 'action': 'project_id', 'label': 'a163a9d4-fa8a-411d-8cc0-582a5d749fed', 'context': [<snowplow_tracker.self_describing_json.SelfDescribingJson object at 0x724fdc609490>]}
[0m02:08:43.337378 [debug] [MainThread]: Sending event: {'category': 'dbt', 'action': 'adapter_info', 'label': 'a163a9d4-fa8a-411d-8cc0-582a5d749fed', 'context': [<snowplow_tracker.self_describing_json.SelfDescribingJson object at 0x724fdba80f50>]}
[0m02:08:43.338605 [info ] [MainThread]: Registered adapter: postgres=1.8.2
[0m02:08:43.414153 [debug] [MainThread]: checksum: dbb12d416fdb55e3665e4828703bbedf40c5c90ed7ca6ff39bbbfb29b12b0a92, vars: {}, profile: , target: , version: 1.8.0
[0m02:08:43.669792 [debug] [MainThread]: Partial parsing enabled: 0 files deleted, 0 files added, 0 files changed.
[0m02:08:43.670541 [debug] [MainThread]: Partial parsing enabled, no changes found, skipping parsing
[0m02:08:43.702204 [debug] [MainThread]: Sending event: {'category': 'dbt', 'action': 'load_project', 'label': 'a163a9d4-fa8a-411d-8cc0-582a5d749fed', 'context': [<snowplow_tracker.self_describing_json.SelfDescribingJson object at 0x724fdb9583b0>]}
[0m02:08:43.813260 [debug] [MainThread]: Sending event: {'category': 'dbt', 'action': 'resource_counts', 'label': 'a163a9d4-fa8a-411d-8cc0-582a5d749fed', 'context': [<snowplow_tracker.self_describing_json.SelfDescribingJson object at 0x724fdb8de060>]}
[0m02:08:43.814021 [info ] [MainThread]: Found 9 models, 10 sources, 428 macros
[0m02:08:43.814607 [debug] [MainThread]: Sending event: {'category': 'dbt', 'action': 'runnable_timing', 'label': 'a163a9d4-fa8a-411d-8cc0-582a5d749fed', 'context': [<snowplow_tracker.self_describing_json.SelfDescribingJson object at 0x724fdadcd910>]}
[0m02:08:43.817539 [info ] [MainThread]: 
[0m02:08:43.819427 [debug] [MainThread]: Acquiring new postgres connection 'master'
[0m02:08:43.823470 [debug] [ThreadPool]: Acquiring new postgres connection 'list_airflow'
[0m02:08:43.867053 [debug] [ThreadPool]: Using postgres connection "list_airflow"
[0m02:08:43.868091 [debug] [ThreadPool]: On list_airflow: /* {"app": "dbt", "dbt_version": "1.8.0", "profile_name": "default", "target_name": "dev", "connection_name": "list_airflow"} */

    select distinct nspname from pg_namespace
  
[0m02:08:43.868796 [debug] [ThreadPool]: Opening a new connection, currently in state init
[0m02:08:43.873628 [debug] [ThreadPool]: SQL status: SELECT 6 in 0.005 seconds
[0m02:08:43.875725 [debug] [ThreadPool]: On list_airflow: Close
[0m02:08:43.879816 [debug] [ThreadPool]: Re-using an available connection from the pool (formerly list_airflow, now list_airflow_driven_trusted)
[0m02:08:43.884671 [debug] [ThreadPool]: Using postgres connection "list_airflow_driven_trusted"
[0m02:08:43.885409 [debug] [ThreadPool]: On list_airflow_driven_trusted: BEGIN
[0m02:08:43.885920 [debug] [ThreadPool]: Opening a new connection, currently in state closed
[0m02:08:43.889277 [debug] [ThreadPool]: SQL status: BEGIN in 0.003 seconds
[0m02:08:43.889843 [debug] [ThreadPool]: Using postgres connection "list_airflow_driven_trusted"
[0m02:08:43.890391 [debug] [ThreadPool]: On list_airflow_driven_trusted: /* {"app": "dbt", "dbt_version": "1.8.0", "profile_name": "default", "target_name": "dev", "connection_name": "list_airflow_driven_trusted"} */
select
      'airflow' as database,
      tablename as name,
      schemaname as schema,
      'table' as type
    from pg_tables
    where schemaname ilike 'driven_trusted'
    union all
    select
      'airflow' as database,
      viewname as name,
      schemaname as schema,
      'view' as type
    from pg_views
    where schemaname ilike 'driven_trusted'
    union all
    select
      'airflow' as database,
      matviewname as name,
      schemaname as schema,
      'materialized_view' as type
    from pg_matviews
    where schemaname ilike 'driven_trusted'
  
[0m02:08:43.893695 [debug] [ThreadPool]: SQL status: SELECT 0 in 0.003 seconds
[0m02:08:43.895215 [debug] [ThreadPool]: On list_airflow_driven_trusted: ROLLBACK
[0m02:08:43.896012 [debug] [ThreadPool]: On list_airflow_driven_trusted: Close
[0m02:08:43.896862 [debug] [ThreadPool]: Re-using an available connection from the pool (formerly list_airflow_driven_trusted, now list_airflow_driven_staging)
[0m02:08:43.898550 [debug] [ThreadPool]: Using postgres connection "list_airflow_driven_staging"
[0m02:08:43.899057 [debug] [ThreadPool]: On list_airflow_driven_staging: BEGIN
[0m02:08:43.899546 [debug] [ThreadPool]: Opening a new connection, currently in state closed
[0m02:08:43.902751 [debug] [ThreadPool]: SQL status: BEGIN in 0.003 seconds
[0m02:08:43.904047 [debug] [ThreadPool]: Using postgres connection "list_airflow_driven_staging"
[0m02:08:43.904657 [debug] [ThreadPool]: On list_airflow_driven_staging: /* {"app": "dbt", "dbt_version": "1.8.0", "profile_name": "default", "target_name": "dev", "connection_name": "list_airflow_driven_staging"} */
select
      'airflow' as database,
      tablename as name,
      schemaname as schema,
      'table' as type
    from pg_tables
    where schemaname ilike 'driven_staging'
    union all
    select
      'airflow' as database,
      viewname as name,
      schemaname as schema,
      'view' as type
    from pg_views
    where schemaname ilike 'driven_staging'
    union all
    select
      'airflow' as database,
      matviewname as name,
      schemaname as schema,
      'materialized_view' as type
    from pg_matviews
    where schemaname ilike 'driven_staging'
  
[0m02:08:43.907353 [debug] [ThreadPool]: SQL status: SELECT 0 in 0.002 seconds
[0m02:08:43.908608 [debug] [ThreadPool]: On list_airflow_driven_staging: ROLLBACK
[0m02:08:43.909288 [debug] [ThreadPool]: On list_airflow_driven_staging: Close
[0m02:08:43.914159 [debug] [MainThread]: Using postgres connection "master"
[0m02:08:43.914898 [debug] [MainThread]: On master: BEGIN
[0m02:08:43.915580 [debug] [MainThread]: Opening a new connection, currently in state init
[0m02:08:43.919143 [debug] [MainThread]: SQL status: BEGIN in 0.004 seconds
[0m02:08:43.919773 [debug] [MainThread]: Using postgres connection "master"
[0m02:08:43.920304 [debug] [MainThread]: On master: /* {"app": "dbt", "dbt_version": "1.8.0", "profile_name": "default", "target_name": "dev", "connection_name": "master"} */
with relation as (
        select
            pg_rewrite.ev_class as class,
            pg_rewrite.oid as id
        from pg_rewrite
    ),
    class as (
        select
            oid as id,
            relname as name,
            relnamespace as schema,
            relkind as kind
        from pg_class
    ),
    dependency as (
        select distinct
            pg_depend.objid as id,
            pg_depend.refobjid as ref
        from pg_depend
    ),
    schema as (
        select
            pg_namespace.oid as id,
            pg_namespace.nspname as name
        from pg_namespace
        where nspname != 'information_schema' and nspname not like 'pg\_%'
    ),
    referenced as (
        select
            relation.id AS id,
            referenced_class.name ,
            referenced_class.schema ,
            referenced_class.kind
        from relation
        join class as referenced_class on relation.class=referenced_class.id
        where referenced_class.kind in ('r', 'v', 'm')
    ),
    relationships as (
        select
            referenced.name as referenced_name,
            referenced.schema as referenced_schema_id,
            dependent_class.name as dependent_name,
            dependent_class.schema as dependent_schema_id,
            referenced.kind as kind
        from referenced
        join dependency on referenced.id=dependency.id
        join class as dependent_class on dependency.ref=dependent_class.id
        where
            (referenced.name != dependent_class.name or
             referenced.schema != dependent_class.schema)
    )

    select
        referenced_schema.name as referenced_schema,
        relationships.referenced_name as referenced_name,
        dependent_schema.name as dependent_schema,
        relationships.dependent_name as dependent_name
    from relationships
    join schema as dependent_schema on relationships.dependent_schema_id=dependent_schema.id
    join schema as referenced_schema on relationships.referenced_schema_id=referenced_schema.id
    group by referenced_schema, referenced_name, dependent_schema, dependent_name
    order by referenced_schema, referenced_name, dependent_schema, dependent_name;
[0m02:08:43.923928 [debug] [MainThread]: SQL status: SELECT 0 in 0.003 seconds
[0m02:08:43.925406 [debug] [MainThread]: Sending event: {'category': 'dbt', 'action': 'runnable_timing', 'label': 'a163a9d4-fa8a-411d-8cc0-582a5d749fed', 'context': [<snowplow_tracker.self_describing_json.SelfDescribingJson object at 0x724fdbb23cb0>]}
[0m02:08:43.926133 [debug] [MainThread]: On master: ROLLBACK
[0m02:08:43.926929 [debug] [MainThread]: Using postgres connection "master"
[0m02:08:43.927700 [debug] [MainThread]: On master: BEGIN
[0m02:08:43.928520 [debug] [MainThread]: SQL status: BEGIN in 0.000 seconds
[0m02:08:43.929067 [debug] [MainThread]: On master: COMMIT
[0m02:08:43.929589 [debug] [MainThread]: Using postgres connection "master"
[0m02:08:43.930024 [debug] [MainThread]: On master: COMMIT
[0m02:08:43.930586 [debug] [MainThread]: SQL status: COMMIT in 0.000 seconds
[0m02:08:43.931043 [debug] [MainThread]: On master: Close
[0m02:08:43.931785 [info ] [MainThread]: Concurrency: 1 threads (target='dev')
[0m02:08:43.932319 [info ] [MainThread]: 
[0m02:08:43.940166 [debug] [Thread-1 (]: Began running node model.dbt_driven_data.staging_dim_address
[0m02:08:43.941069 [info ] [Thread-1 (]: 1 of 5 START sql table model driven_staging.dim_address ........................ [RUN]
[0m02:08:43.941778 [debug] [Thread-1 (]: Re-using an available connection from the pool (formerly list_airflow_driven_staging, now model.dbt_driven_data.staging_dim_address)
[0m02:08:43.942275 [debug] [Thread-1 (]: Began compiling node model.dbt_driven_data.staging_dim_address
[0m02:08:43.948526 [debug] [Thread-1 (]: Writing injected SQL for node "model.dbt_driven_data.staging_dim_address"
[0m02:08:43.955905 [debug] [Thread-1 (]: Began executing node model.dbt_driven_data.staging_dim_address
[0m02:08:43.989400 [debug] [Thread-1 (]: Writing runtime sql for node "model.dbt_driven_data.staging_dim_address"
[0m02:08:43.997349 [debug] [Thread-1 (]: Using postgres connection "model.dbt_driven_data.staging_dim_address"
[0m02:08:43.999288 [debug] [Thread-1 (]: On model.dbt_driven_data.staging_dim_address: BEGIN
[0m02:08:44.000007 [debug] [Thread-1 (]: Opening a new connection, currently in state closed
[0m02:08:44.003781 [debug] [Thread-1 (]: SQL status: BEGIN in 0.004 seconds
[0m02:08:44.004430 [debug] [Thread-1 (]: Using postgres connection "model.dbt_driven_data.staging_dim_address"
[0m02:08:44.005051 [debug] [Thread-1 (]: On model.dbt_driven_data.staging_dim_address: /* {"app": "dbt", "dbt_version": "1.8.0", "profile_name": "default", "target_name": "dev", "node_id": "model.dbt_driven_data.staging_dim_address"} */

  
    

  create  table "airflow"."driven_staging"."dim_address__dbt_tmp"
  
  
    as
  
  (
    

WITH source_data AS (
    SELECT
        unique_id,
        address,
        mac_address,
        ip_address
    FROM "airflow"."driven_raw"."raw_batch_data"
)

SELECT * FROM source_data;
  );
  
[0m02:08:44.006009 [debug] [Thread-1 (]: Postgres adapter: Postgres error: syntax error at or near ";"
LINE 23: SELECT * FROM source_data;
                                  ^

[0m02:08:44.006638 [debug] [Thread-1 (]: On model.dbt_driven_data.staging_dim_address: ROLLBACK
[0m02:08:44.011291 [debug] [Thread-1 (]: On model.dbt_driven_data.staging_dim_address: Close
[0m02:08:44.015514 [debug] [Thread-1 (]: Database Error in model staging_dim_address (models/staging_dim_address.sql)
  syntax error at or near ";"
  LINE 23: SELECT * FROM source_data;
                                    ^
  compiled code at target/run/dbt_driven_data/models/staging_dim_address.sql
[0m02:08:44.017221 [debug] [Thread-1 (]: Sending event: {'category': 'dbt', 'action': 'run_model', 'label': 'a163a9d4-fa8a-411d-8cc0-582a5d749fed', 'context': [<snowplow_tracker.self_describing_json.SelfDescribingJson object at 0x724fdbb224b0>]}
[0m02:08:44.018077 [error] [Thread-1 (]: 1 of 5 ERROR creating sql table model driven_staging.dim_address ............... [[31mERROR[0m in 0.07s]
[0m02:08:44.018866 [debug] [Thread-1 (]: Finished running node model.dbt_driven_data.staging_dim_address
[0m02:08:44.019391 [debug] [Thread-1 (]: Began running node model.dbt_driven_data.staging_dim_date
[0m02:08:44.020440 [info ] [Thread-1 (]: 2 of 5 START sql table model driven_staging.dim_date ........................... [RUN]
[0m02:08:44.021361 [debug] [Thread-1 (]: Re-using an available connection from the pool (formerly model.dbt_driven_data.staging_dim_address, now model.dbt_driven_data.staging_dim_date)
[0m02:08:44.022003 [debug] [Thread-1 (]: Began compiling node model.dbt_driven_data.staging_dim_date
[0m02:08:44.025744 [debug] [Thread-1 (]: Writing injected SQL for node "model.dbt_driven_data.staging_dim_date"
[0m02:08:44.033749 [debug] [Thread-1 (]: Began executing node model.dbt_driven_data.staging_dim_date
[0m02:08:44.036934 [debug] [Thread-1 (]: Writing runtime sql for node "model.dbt_driven_data.staging_dim_date"
[0m02:08:44.043989 [debug] [Thread-1 (]: Using postgres connection "model.dbt_driven_data.staging_dim_date"
[0m02:08:44.044881 [debug] [Thread-1 (]: On model.dbt_driven_data.staging_dim_date: BEGIN
[0m02:08:44.045577 [debug] [Thread-1 (]: Opening a new connection, currently in state closed
[0m02:08:44.049444 [debug] [Thread-1 (]: SQL status: BEGIN in 0.004 seconds
[0m02:08:44.050270 [debug] [Thread-1 (]: Using postgres connection "model.dbt_driven_data.staging_dim_date"
[0m02:08:44.050823 [debug] [Thread-1 (]: On model.dbt_driven_data.staging_dim_date: /* {"app": "dbt", "dbt_version": "1.8.0", "profile_name": "default", "target_name": "dev", "node_id": "model.dbt_driven_data.staging_dim_date"} */

  
    

  create  table "airflow"."driven_staging"."dim_date__dbt_tmp"
  
  
    as
  
  (
    

WITH source_data AS (
    SELECT
        unique_id,
        accessed_at
    FROM "airflow"."driven_raw"."raw_batch_data"
)

SELECT * FROM source_data;
  );
  
[0m02:08:44.051625 [debug] [Thread-1 (]: Postgres adapter: Postgres error: syntax error at or near ";"
LINE 21: SELECT * FROM source_data;
                                  ^

[0m02:08:44.052122 [debug] [Thread-1 (]: On model.dbt_driven_data.staging_dim_date: ROLLBACK
[0m02:08:44.052845 [debug] [Thread-1 (]: On model.dbt_driven_data.staging_dim_date: Close
[0m02:08:44.054866 [debug] [Thread-1 (]: Database Error in model staging_dim_date (models/staging_dim_date.sql)
  syntax error at or near ";"
  LINE 21: SELECT * FROM source_data;
                                    ^
  compiled code at target/run/dbt_driven_data/models/staging_dim_date.sql
[0m02:08:44.055512 [debug] [Thread-1 (]: Sending event: {'category': 'dbt', 'action': 'run_model', 'label': 'a163a9d4-fa8a-411d-8cc0-582a5d749fed', 'context': [<snowplow_tracker.self_describing_json.SelfDescribingJson object at 0x724fd99e44a0>]}
[0m02:08:44.056271 [error] [Thread-1 (]: 2 of 5 ERROR creating sql table model driven_staging.dim_date .................. [[31mERROR[0m in 0.03s]
[0m02:08:44.057047 [debug] [Thread-1 (]: Finished running node model.dbt_driven_data.staging_dim_date
[0m02:08:44.057679 [debug] [Thread-1 (]: Began running node model.dbt_driven_data.staging_dim_finance
[0m02:08:44.058333 [info ] [Thread-1 (]: 3 of 5 START sql table model driven_staging.dim_finance ........................ [RUN]
[0m02:08:44.058977 [debug] [Thread-1 (]: Re-using an available connection from the pool (formerly model.dbt_driven_data.staging_dim_date, now model.dbt_driven_data.staging_dim_finance)
[0m02:08:44.059623 [debug] [Thread-1 (]: Began compiling node model.dbt_driven_data.staging_dim_finance
[0m02:08:44.062343 [debug] [Thread-1 (]: Writing injected SQL for node "model.dbt_driven_data.staging_dim_finance"
[0m02:08:44.069664 [debug] [Thread-1 (]: Began executing node model.dbt_driven_data.staging_dim_finance
[0m02:08:44.072965 [debug] [Thread-1 (]: Writing runtime sql for node "model.dbt_driven_data.staging_dim_finance"
[0m02:08:44.080745 [debug] [Thread-1 (]: Using postgres connection "model.dbt_driven_data.staging_dim_finance"
[0m02:08:44.081418 [debug] [Thread-1 (]: On model.dbt_driven_data.staging_dim_finance: BEGIN
[0m02:08:44.082000 [debug] [Thread-1 (]: Opening a new connection, currently in state closed
[0m02:08:44.085715 [debug] [Thread-1 (]: SQL status: BEGIN in 0.004 seconds
[0m02:08:44.086244 [debug] [Thread-1 (]: Using postgres connection "model.dbt_driven_data.staging_dim_finance"
[0m02:08:44.086839 [debug] [Thread-1 (]: On model.dbt_driven_data.staging_dim_finance: /* {"app": "dbt", "dbt_version": "1.8.0", "profile_name": "default", "target_name": "dev", "node_id": "model.dbt_driven_data.staging_dim_finance"} */

  
    

  create  table "airflow"."driven_staging"."dim_finance__dbt_tmp"
  
  
    as
  
  (
    

WITH source_data AS (
    SELECT
        unique_id,
        iban
    FROM "airflow"."driven_raw"."raw_batch_data"
)

SELECT * FROM source_data;
  );
  
[0m02:08:44.087663 [debug] [Thread-1 (]: Postgres adapter: Postgres error: syntax error at or near ";"
LINE 21: SELECT * FROM source_data;
                                  ^

[0m02:08:44.088155 [debug] [Thread-1 (]: On model.dbt_driven_data.staging_dim_finance: ROLLBACK
[0m02:08:44.088935 [debug] [Thread-1 (]: On model.dbt_driven_data.staging_dim_finance: Close
[0m02:08:44.091221 [debug] [Thread-1 (]: Database Error in model staging_dim_finance (models/staging_dim_finance.sql)
  syntax error at or near ";"
  LINE 21: SELECT * FROM source_data;
                                    ^
  compiled code at target/run/dbt_driven_data/models/staging_dim_finance.sql
[0m02:08:44.091849 [debug] [Thread-1 (]: Sending event: {'category': 'dbt', 'action': 'run_model', 'label': 'a163a9d4-fa8a-411d-8cc0-582a5d749fed', 'context': [<snowplow_tracker.self_describing_json.SelfDescribingJson object at 0x724fd99dd910>]}
[0m02:08:44.092550 [error] [Thread-1 (]: 3 of 5 ERROR creating sql table model driven_staging.dim_finance ............... [[31mERROR[0m in 0.03s]
[0m02:08:44.093322 [debug] [Thread-1 (]: Finished running node model.dbt_driven_data.staging_dim_finance
[0m02:08:44.093918 [debug] [Thread-1 (]: Began running node model.dbt_driven_data.staging_dim_person
[0m02:08:44.094675 [info ] [Thread-1 (]: 4 of 5 START sql table model driven_staging.dim_person ......................... [RUN]
[0m02:08:44.095442 [debug] [Thread-1 (]: Re-using an available connection from the pool (formerly model.dbt_driven_data.staging_dim_finance, now model.dbt_driven_data.staging_dim_person)
[0m02:08:44.096038 [debug] [Thread-1 (]: Began compiling node model.dbt_driven_data.staging_dim_person
[0m02:08:44.098896 [debug] [Thread-1 (]: Writing injected SQL for node "model.dbt_driven_data.staging_dim_person"
[0m02:08:44.106423 [debug] [Thread-1 (]: Began executing node model.dbt_driven_data.staging_dim_person
[0m02:08:44.109525 [debug] [Thread-1 (]: Writing runtime sql for node "model.dbt_driven_data.staging_dim_person"
[0m02:08:44.117212 [debug] [Thread-1 (]: Using postgres connection "model.dbt_driven_data.staging_dim_person"
[0m02:08:44.117938 [debug] [Thread-1 (]: On model.dbt_driven_data.staging_dim_person: BEGIN
[0m02:08:44.118524 [debug] [Thread-1 (]: Opening a new connection, currently in state closed
[0m02:08:44.122108 [debug] [Thread-1 (]: SQL status: BEGIN in 0.004 seconds
[0m02:08:44.122767 [debug] [Thread-1 (]: Using postgres connection "model.dbt_driven_data.staging_dim_person"
[0m02:08:44.123263 [debug] [Thread-1 (]: On model.dbt_driven_data.staging_dim_person: /* {"app": "dbt", "dbt_version": "1.8.0", "profile_name": "default", "target_name": "dev", "node_id": "model.dbt_driven_data.staging_dim_person"} */

  
    

  create  table "airflow"."driven_staging"."dim_person__dbt_tmp"
  
  
    as
  
  (
    

WITH source_data AS (
    SELECT
        unique_id,
        person_name,
        user_name,
        email,
        phone,
        birth_date,
        personal_number
    FROM "airflow"."driven_raw"."raw_batch_data"
)

SELECT * FROM source_data;
  );
  
[0m02:08:44.124070 [debug] [Thread-1 (]: Postgres adapter: Postgres error: syntax error at or near ";"
LINE 26: SELECT * FROM source_data;
                                  ^

[0m02:08:44.124709 [debug] [Thread-1 (]: On model.dbt_driven_data.staging_dim_person: ROLLBACK
[0m02:08:44.125501 [debug] [Thread-1 (]: On model.dbt_driven_data.staging_dim_person: Close
[0m02:08:44.127445 [debug] [Thread-1 (]: Database Error in model staging_dim_person (models/staging_dim_person.sql)
  syntax error at or near ";"
  LINE 26: SELECT * FROM source_data;
                                    ^
  compiled code at target/run/dbt_driven_data/models/staging_dim_person.sql
[0m02:08:44.128161 [debug] [Thread-1 (]: Sending event: {'category': 'dbt', 'action': 'run_model', 'label': 'a163a9d4-fa8a-411d-8cc0-582a5d749fed', 'context': [<snowplow_tracker.self_describing_json.SelfDescribingJson object at 0x724fd997f680>]}
[0m02:08:44.128981 [error] [Thread-1 (]: 4 of 5 ERROR creating sql table model driven_staging.dim_person ................ [[31mERROR[0m in 0.03s]
[0m02:08:44.129657 [debug] [Thread-1 (]: Finished running node model.dbt_driven_data.staging_dim_person
[0m02:08:44.130243 [debug] [Thread-1 (]: Began running node model.dbt_driven_data.staging_fact_network_usage
[0m02:08:44.130882 [info ] [Thread-1 (]: 5 of 5 START sql table model driven_staging.fact_network_usage ................. [RUN]
[0m02:08:44.131540 [debug] [Thread-1 (]: Re-using an available connection from the pool (formerly model.dbt_driven_data.staging_dim_person, now model.dbt_driven_data.staging_fact_network_usage)
[0m02:08:44.131998 [debug] [Thread-1 (]: Began compiling node model.dbt_driven_data.staging_fact_network_usage
[0m02:08:44.134730 [debug] [Thread-1 (]: Writing injected SQL for node "model.dbt_driven_data.staging_fact_network_usage"
[0m02:08:44.142123 [debug] [Thread-1 (]: Began executing node model.dbt_driven_data.staging_fact_network_usage
[0m02:08:44.145396 [debug] [Thread-1 (]: Writing runtime sql for node "model.dbt_driven_data.staging_fact_network_usage"
[0m02:08:44.152737 [debug] [Thread-1 (]: Using postgres connection "model.dbt_driven_data.staging_fact_network_usage"
[0m02:08:44.153385 [debug] [Thread-1 (]: On model.dbt_driven_data.staging_fact_network_usage: BEGIN
[0m02:08:44.153927 [debug] [Thread-1 (]: Opening a new connection, currently in state closed
[0m02:08:44.157422 [debug] [Thread-1 (]: SQL status: BEGIN in 0.003 seconds
[0m02:08:44.158029 [debug] [Thread-1 (]: Using postgres connection "model.dbt_driven_data.staging_fact_network_usage"
[0m02:08:44.158556 [debug] [Thread-1 (]: On model.dbt_driven_data.staging_fact_network_usage: /* {"app": "dbt", "dbt_version": "1.8.0", "profile_name": "default", "target_name": "dev", "node_id": "model.dbt_driven_data.staging_fact_network_usage"} */

  
    

  create  table "airflow"."driven_staging"."fact_network_usage__dbt_tmp"
  
  
    as
  
  (
    

WITH source_data AS (
    SELECT
        unique_id,
        session_duration,
        download_speed,
        upload_speed,
        consumed_traffic
    FROM "airflow"."driven_raw"."raw_batch_data"
)

SELECT * FROM source_data;
  );
  
[0m02:08:44.159367 [debug] [Thread-1 (]: Postgres adapter: Postgres error: syntax error at or near ";"
LINE 24: SELECT * FROM source_data;
                                  ^

[0m02:08:44.160135 [debug] [Thread-1 (]: On model.dbt_driven_data.staging_fact_network_usage: ROLLBACK
[0m02:08:44.161467 [debug] [Thread-1 (]: On model.dbt_driven_data.staging_fact_network_usage: Close
[0m02:08:44.163687 [debug] [Thread-1 (]: Database Error in model staging_fact_network_usage (models/staging_fact_network_usage.sql)
  syntax error at or near ";"
  LINE 24: SELECT * FROM source_data;
                                    ^
  compiled code at target/run/dbt_driven_data/models/staging_fact_network_usage.sql
[0m02:08:44.164360 [debug] [Thread-1 (]: Sending event: {'category': 'dbt', 'action': 'run_model', 'label': 'a163a9d4-fa8a-411d-8cc0-582a5d749fed', 'context': [<snowplow_tracker.self_describing_json.SelfDescribingJson object at 0x724fd9963230>]}
[0m02:08:44.165153 [error] [Thread-1 (]: 5 of 5 ERROR creating sql table model driven_staging.fact_network_usage ........ [[31mERROR[0m in 0.03s]
[0m02:08:44.165875 [debug] [Thread-1 (]: Finished running node model.dbt_driven_data.staging_fact_network_usage
[0m02:08:44.167382 [debug] [MainThread]: Using postgres connection "master"
[0m02:08:44.168072 [debug] [MainThread]: On master: BEGIN
[0m02:08:44.168557 [debug] [MainThread]: Opening a new connection, currently in state closed
[0m02:08:44.172034 [debug] [MainThread]: SQL status: BEGIN in 0.003 seconds
[0m02:08:44.172540 [debug] [MainThread]: On master: COMMIT
[0m02:08:44.173041 [debug] [MainThread]: Using postgres connection "master"
[0m02:08:44.173529 [debug] [MainThread]: On master: COMMIT
[0m02:08:44.174215 [debug] [MainThread]: SQL status: COMMIT in 0.000 seconds
[0m02:08:44.174675 [debug] [MainThread]: On master: Close
[0m02:08:44.175334 [debug] [MainThread]: Connection 'master' was properly closed.
[0m02:08:44.175802 [debug] [MainThread]: Connection 'model.dbt_driven_data.staging_fact_network_usage' was properly closed.
[0m02:08:44.176591 [info ] [MainThread]: 
[0m02:08:44.177134 [info ] [MainThread]: Finished running 5 table models in 0 hours 0 minutes and 0.36 seconds (0.36s).
[0m02:08:44.178869 [debug] [MainThread]: Command end result
[0m02:08:44.225842 [info ] [MainThread]: 
[0m02:08:44.226555 [info ] [MainThread]: [31mCompleted with 5 errors and 0 warnings:[0m
[0m02:08:44.227251 [info ] [MainThread]: 
[0m02:08:44.228010 [error] [MainThread]:   Database Error in model staging_dim_address (models/staging_dim_address.sql)
  syntax error at or near ";"
  LINE 23: SELECT * FROM source_data;
                                    ^
  compiled code at target/run/dbt_driven_data/models/staging_dim_address.sql
[0m02:08:44.228671 [info ] [MainThread]: 
[0m02:08:44.229275 [error] [MainThread]:   Database Error in model staging_dim_date (models/staging_dim_date.sql)
  syntax error at or near ";"
  LINE 21: SELECT * FROM source_data;
                                    ^
  compiled code at target/run/dbt_driven_data/models/staging_dim_date.sql
[0m02:08:44.229861 [info ] [MainThread]: 
[0m02:08:44.230456 [error] [MainThread]:   Database Error in model staging_dim_finance (models/staging_dim_finance.sql)
  syntax error at or near ";"
  LINE 21: SELECT * FROM source_data;
                                    ^
  compiled code at target/run/dbt_driven_data/models/staging_dim_finance.sql
[0m02:08:44.230981 [info ] [MainThread]: 
[0m02:08:44.231551 [error] [MainThread]:   Database Error in model staging_dim_person (models/staging_dim_person.sql)
  syntax error at or near ";"
  LINE 26: SELECT * FROM source_data;
                                    ^
  compiled code at target/run/dbt_driven_data/models/staging_dim_person.sql
[0m02:08:44.232083 [info ] [MainThread]: 
[0m02:08:44.232657 [error] [MainThread]:   Database Error in model staging_fact_network_usage (models/staging_fact_network_usage.sql)
  syntax error at or near ";"
  LINE 24: SELECT * FROM source_data;
                                    ^
  compiled code at target/run/dbt_driven_data/models/staging_fact_network_usage.sql
[0m02:08:44.233141 [info ] [MainThread]: 
[0m02:08:44.233625 [info ] [MainThread]: Done. PASS=0 WARN=0 ERROR=5 SKIP=0 TOTAL=5
[0m02:08:44.234669 [debug] [MainThread]: Resource report: {"command_name": "run", "command_wall_clock_time": 1.3055898, "process_user_time": 2.628841, "process_kernel_time": 0.335087, "process_mem_max_rss": "120696", "process_in_blocks": "208", "process_out_blocks": "4056", "command_success": false}
[0m02:08:44.235311 [debug] [MainThread]: Command `dbt run` failed at 02:08:44.235215 after 1.31 seconds
[0m02:08:44.235849 [debug] [MainThread]: Sending event: {'category': 'dbt', 'action': 'invocation', 'label': 'end', 'context': [<snowplow_tracker.self_describing_json.SelfDescribingJson object at 0x724fdb98af60>, <snowplow_tracker.self_describing_json.SelfDescribingJson object at 0x724fdb958a70>, <snowplow_tracker.self_describing_json.SelfDescribingJson object at 0x724fdb9d4530>]}
[0m02:08:44.236417 [debug] [MainThread]: Flushing usage events
[0m02:11:13.691238 [debug] [MainThread]: Sending event: {'category': 'dbt', 'action': 'invocation', 'label': 'start', 'context': [<snowplow_tracker.self_describing_json.SelfDescribingJson object at 0x7365a773d1f0>, <snowplow_tracker.self_describing_json.SelfDescribingJson object at 0x7365a8ad06b0>, <snowplow_tracker.self_describing_json.SelfDescribingJson object at 0x7365a7c39f40>]}


============================== 02:11:13.697303 | 5fc4c922-85c9-446c-814f-a1324345deda ==============================
[0m02:11:13.697303 [info ] [MainThread]: Running with dbt=1.8.0
[0m02:11:13.698203 [debug] [MainThread]: running dbt with arguments {'printer_width': '80', 'indirect_selection': 'eager', 'write_json': 'True', 'log_cache_events': 'False', 'partial_parse': 'True', 'cache_selected_only': 'False', 'profiles_dir': '/opt/airflow/dbt', 'version_check': 'True', 'fail_fast': 'False', 'log_path': '/opt/airflow/dbt/logs', 'debug': 'False', 'warn_error': 'None', 'use_colors': 'True', 'use_experimental_parser': 'False', 'no_print': 'None', 'quiet': 'False', 'log_format': 'default', 'static_parser': 'True', 'invocation_command': 'dbt run --select tag:staging', 'warn_error_options': 'WarnErrorOptions(include=[], exclude=[])', 'target_path': 'None', 'introspect': 'True', 'send_anonymous_usage_stats': 'True'}
[0m02:11:13.873932 [debug] [MainThread]: Sending event: {'category': 'dbt', 'action': 'project_id', 'label': '5fc4c922-85c9-446c-814f-a1324345deda', 'context': [<snowplow_tracker.self_describing_json.SelfDescribingJson object at 0x7365a75e2660>]}
[0m02:11:13.923592 [debug] [MainThread]: Sending event: {'category': 'dbt', 'action': 'adapter_info', 'label': '5fc4c922-85c9-446c-814f-a1324345deda', 'context': [<snowplow_tracker.self_describing_json.SelfDescribingJson object at 0x7365a7201310>]}
[0m02:11:13.924615 [info ] [MainThread]: Registered adapter: postgres=1.8.2
[0m02:11:13.988385 [debug] [MainThread]: checksum: dbb12d416fdb55e3665e4828703bbedf40c5c90ed7ca6ff39bbbfb29b12b0a92, vars: {}, profile: , target: , version: 1.8.0
[0m02:11:14.279058 [debug] [MainThread]: Partial parsing enabled: 0 files deleted, 0 files added, 9 files changed.
[0m02:11:14.280021 [debug] [MainThread]: Partial parsing: updated file: dbt_driven_data://models/staging_dim_person.sql
[0m02:11:14.280684 [debug] [MainThread]: Partial parsing: updated file: dbt_driven_data://models/trusted_payment_data.sql
[0m02:11:14.281304 [debug] [MainThread]: Partial parsing: updated file: dbt_driven_data://models/staging_dim_address.sql
[0m02:11:14.281929 [debug] [MainThread]: Partial parsing: updated file: dbt_driven_data://models/staging_dim_date.sql
[0m02:11:14.282489 [debug] [MainThread]: Partial parsing: updated file: dbt_driven_data://models/trusted_non_pii_data.sql
[0m02:11:14.283018 [debug] [MainThread]: Partial parsing: updated file: dbt_driven_data://models/trusted_pii_data.sql
[0m02:11:14.283710 [debug] [MainThread]: Partial parsing: updated file: dbt_driven_data://models/staging_dim_finance.sql
[0m02:11:14.284267 [debug] [MainThread]: Partial parsing: updated file: dbt_driven_data://models/trusted_technical_data.sql
[0m02:11:14.284889 [debug] [MainThread]: Partial parsing: updated file: dbt_driven_data://models/staging_fact_network_usage.sql
[0m02:11:14.536518 [debug] [MainThread]: Sending event: {'category': 'dbt', 'action': 'load_project', 'label': '5fc4c922-85c9-446c-814f-a1324345deda', 'context': [<snowplow_tracker.self_describing_json.SelfDescribingJson object at 0x7365a63877a0>]}
[0m02:11:14.661416 [debug] [MainThread]: Sending event: {'category': 'dbt', 'action': 'resource_counts', 'label': '5fc4c922-85c9-446c-814f-a1324345deda', 'context': [<snowplow_tracker.self_describing_json.SelfDescribingJson object at 0x7365a53bacf0>]}
[0m02:11:14.662367 [info ] [MainThread]: Found 9 models, 10 sources, 428 macros
[0m02:11:14.663266 [debug] [MainThread]: Sending event: {'category': 'dbt', 'action': 'runnable_timing', 'label': '5fc4c922-85c9-446c-814f-a1324345deda', 'context': [<snowplow_tracker.self_describing_json.SelfDescribingJson object at 0x7365a5f52c30>]}
[0m02:11:14.665628 [info ] [MainThread]: 
[0m02:11:14.666717 [debug] [MainThread]: Acquiring new postgres connection 'master'
[0m02:11:14.671361 [debug] [ThreadPool]: Acquiring new postgres connection 'list_airflow'
[0m02:11:14.704820 [debug] [ThreadPool]: Using postgres connection "list_airflow"
[0m02:11:14.705628 [debug] [ThreadPool]: On list_airflow: /* {"app": "dbt", "dbt_version": "1.8.0", "profile_name": "default", "target_name": "dev", "connection_name": "list_airflow"} */

    select distinct nspname from pg_namespace
  
[0m02:11:14.706491 [debug] [ThreadPool]: Opening a new connection, currently in state init
[0m02:11:14.712225 [debug] [ThreadPool]: SQL status: SELECT 6 in 0.006 seconds
[0m02:11:14.714211 [debug] [ThreadPool]: On list_airflow: Close
[0m02:11:14.716305 [debug] [ThreadPool]: Re-using an available connection from the pool (formerly list_airflow, now list_airflow_driven_trusted)
[0m02:11:14.721140 [debug] [ThreadPool]: Using postgres connection "list_airflow_driven_trusted"
[0m02:11:14.721927 [debug] [ThreadPool]: On list_airflow_driven_trusted: BEGIN
[0m02:11:14.722543 [debug] [ThreadPool]: Opening a new connection, currently in state closed
[0m02:11:14.727324 [debug] [ThreadPool]: SQL status: BEGIN in 0.005 seconds
[0m02:11:14.728215 [debug] [ThreadPool]: Using postgres connection "list_airflow_driven_trusted"
[0m02:11:14.728836 [debug] [ThreadPool]: On list_airflow_driven_trusted: /* {"app": "dbt", "dbt_version": "1.8.0", "profile_name": "default", "target_name": "dev", "connection_name": "list_airflow_driven_trusted"} */
select
      'airflow' as database,
      tablename as name,
      schemaname as schema,
      'table' as type
    from pg_tables
    where schemaname ilike 'driven_trusted'
    union all
    select
      'airflow' as database,
      viewname as name,
      schemaname as schema,
      'view' as type
    from pg_views
    where schemaname ilike 'driven_trusted'
    union all
    select
      'airflow' as database,
      matviewname as name,
      schemaname as schema,
      'materialized_view' as type
    from pg_matviews
    where schemaname ilike 'driven_trusted'
  
[0m02:11:14.731692 [debug] [ThreadPool]: SQL status: SELECT 0 in 0.002 seconds
[0m02:11:14.733031 [debug] [ThreadPool]: On list_airflow_driven_trusted: ROLLBACK
[0m02:11:14.733877 [debug] [ThreadPool]: On list_airflow_driven_trusted: Close
[0m02:11:14.734685 [debug] [ThreadPool]: Re-using an available connection from the pool (formerly list_airflow_driven_trusted, now list_airflow_driven_staging)
[0m02:11:14.736490 [debug] [ThreadPool]: Using postgres connection "list_airflow_driven_staging"
[0m02:11:14.737076 [debug] [ThreadPool]: On list_airflow_driven_staging: BEGIN
[0m02:11:14.737555 [debug] [ThreadPool]: Opening a new connection, currently in state closed
[0m02:11:14.742697 [debug] [ThreadPool]: SQL status: BEGIN in 0.005 seconds
[0m02:11:14.743539 [debug] [ThreadPool]: Using postgres connection "list_airflow_driven_staging"
[0m02:11:14.744394 [debug] [ThreadPool]: On list_airflow_driven_staging: /* {"app": "dbt", "dbt_version": "1.8.0", "profile_name": "default", "target_name": "dev", "connection_name": "list_airflow_driven_staging"} */
select
      'airflow' as database,
      tablename as name,
      schemaname as schema,
      'table' as type
    from pg_tables
    where schemaname ilike 'driven_staging'
    union all
    select
      'airflow' as database,
      viewname as name,
      schemaname as schema,
      'view' as type
    from pg_views
    where schemaname ilike 'driven_staging'
    union all
    select
      'airflow' as database,
      matviewname as name,
      schemaname as schema,
      'materialized_view' as type
    from pg_matviews
    where schemaname ilike 'driven_staging'
  
[0m02:11:14.748066 [debug] [ThreadPool]: SQL status: SELECT 0 in 0.003 seconds
[0m02:11:14.750208 [debug] [ThreadPool]: On list_airflow_driven_staging: ROLLBACK
[0m02:11:14.751432 [debug] [ThreadPool]: On list_airflow_driven_staging: Close
[0m02:11:14.757232 [debug] [MainThread]: Using postgres connection "master"
[0m02:11:14.758295 [debug] [MainThread]: On master: BEGIN
[0m02:11:14.759415 [debug] [MainThread]: Opening a new connection, currently in state init
[0m02:11:14.765020 [debug] [MainThread]: SQL status: BEGIN in 0.006 seconds
[0m02:11:14.765921 [debug] [MainThread]: Using postgres connection "master"
[0m02:11:14.766495 [debug] [MainThread]: On master: /* {"app": "dbt", "dbt_version": "1.8.0", "profile_name": "default", "target_name": "dev", "connection_name": "master"} */
with relation as (
        select
            pg_rewrite.ev_class as class,
            pg_rewrite.oid as id
        from pg_rewrite
    ),
    class as (
        select
            oid as id,
            relname as name,
            relnamespace as schema,
            relkind as kind
        from pg_class
    ),
    dependency as (
        select distinct
            pg_depend.objid as id,
            pg_depend.refobjid as ref
        from pg_depend
    ),
    schema as (
        select
            pg_namespace.oid as id,
            pg_namespace.nspname as name
        from pg_namespace
        where nspname != 'information_schema' and nspname not like 'pg\_%'
    ),
    referenced as (
        select
            relation.id AS id,
            referenced_class.name ,
            referenced_class.schema ,
            referenced_class.kind
        from relation
        join class as referenced_class on relation.class=referenced_class.id
        where referenced_class.kind in ('r', 'v', 'm')
    ),
    relationships as (
        select
            referenced.name as referenced_name,
            referenced.schema as referenced_schema_id,
            dependent_class.name as dependent_name,
            dependent_class.schema as dependent_schema_id,
            referenced.kind as kind
        from referenced
        join dependency on referenced.id=dependency.id
        join class as dependent_class on dependency.ref=dependent_class.id
        where
            (referenced.name != dependent_class.name or
             referenced.schema != dependent_class.schema)
    )

    select
        referenced_schema.name as referenced_schema,
        relationships.referenced_name as referenced_name,
        dependent_schema.name as dependent_schema,
        relationships.dependent_name as dependent_name
    from relationships
    join schema as dependent_schema on relationships.dependent_schema_id=dependent_schema.id
    join schema as referenced_schema on relationships.referenced_schema_id=referenced_schema.id
    group by referenced_schema, referenced_name, dependent_schema, dependent_name
    order by referenced_schema, referenced_name, dependent_schema, dependent_name;
[0m02:11:14.769755 [debug] [MainThread]: SQL status: SELECT 0 in 0.003 seconds
[0m02:11:14.771353 [debug] [MainThread]: Sending event: {'category': 'dbt', 'action': 'runnable_timing', 'label': '5fc4c922-85c9-446c-814f-a1324345deda', 'context': [<snowplow_tracker.self_describing_json.SelfDescribingJson object at 0x7365a5341580>]}
[0m02:11:14.772389 [debug] [MainThread]: On master: ROLLBACK
[0m02:11:14.773614 [debug] [MainThread]: Using postgres connection "master"
[0m02:11:14.774316 [debug] [MainThread]: On master: BEGIN
[0m02:11:14.775596 [debug] [MainThread]: SQL status: BEGIN in 0.001 seconds
[0m02:11:14.776329 [debug] [MainThread]: On master: COMMIT
[0m02:11:14.777083 [debug] [MainThread]: Using postgres connection "master"
[0m02:11:14.777742 [debug] [MainThread]: On master: COMMIT
[0m02:11:14.778519 [debug] [MainThread]: SQL status: COMMIT in 0.000 seconds
[0m02:11:14.779094 [debug] [MainThread]: On master: Close
[0m02:11:14.780128 [info ] [MainThread]: Concurrency: 1 threads (target='dev')
[0m02:11:14.780983 [info ] [MainThread]: 
[0m02:11:14.789685 [debug] [Thread-1 (]: Began running node model.dbt_driven_data.staging_dim_address
[0m02:11:14.790501 [info ] [Thread-1 (]: 1 of 5 START sql table model driven_staging.dim_address ........................ [RUN]
[0m02:11:14.791213 [debug] [Thread-1 (]: Re-using an available connection from the pool (formerly list_airflow_driven_staging, now model.dbt_driven_data.staging_dim_address)
[0m02:11:14.791716 [debug] [Thread-1 (]: Began compiling node model.dbt_driven_data.staging_dim_address
[0m02:11:14.799947 [debug] [Thread-1 (]: Writing injected SQL for node "model.dbt_driven_data.staging_dim_address"
[0m02:11:14.807877 [debug] [Thread-1 (]: Began executing node model.dbt_driven_data.staging_dim_address
[0m02:11:14.838224 [debug] [Thread-1 (]: Writing runtime sql for node "model.dbt_driven_data.staging_dim_address"
[0m02:11:14.845463 [debug] [Thread-1 (]: Using postgres connection "model.dbt_driven_data.staging_dim_address"
[0m02:11:14.846143 [debug] [Thread-1 (]: On model.dbt_driven_data.staging_dim_address: BEGIN
[0m02:11:14.846646 [debug] [Thread-1 (]: Opening a new connection, currently in state closed
[0m02:11:14.850721 [debug] [Thread-1 (]: SQL status: BEGIN in 0.004 seconds
[0m02:11:14.851410 [debug] [Thread-1 (]: Using postgres connection "model.dbt_driven_data.staging_dim_address"
[0m02:11:14.852054 [debug] [Thread-1 (]: On model.dbt_driven_data.staging_dim_address: /* {"app": "dbt", "dbt_version": "1.8.0", "profile_name": "default", "target_name": "dev", "node_id": "model.dbt_driven_data.staging_dim_address"} */

  
    

  create  table "airflow"."driven_staging"."dim_address__dbt_tmp"
  
  
    as
  
  (
    

WITH source_data AS (
    SELECT
        unique_id,
        address,
        mac_address,
        ip_address
    FROM "airflow"."driven_raw"."raw_batch_data"
)

SELECT * FROM source_data
  );
  
[0m02:11:14.858185 [debug] [Thread-1 (]: SQL status: SELECT 605 in 0.006 seconds
[0m02:11:14.864547 [debug] [Thread-1 (]: Using postgres connection "model.dbt_driven_data.staging_dim_address"
[0m02:11:14.867025 [debug] [Thread-1 (]: On model.dbt_driven_data.staging_dim_address: /* {"app": "dbt", "dbt_version": "1.8.0", "profile_name": "default", "target_name": "dev", "node_id": "model.dbt_driven_data.staging_dim_address"} */
alter table "airflow"."driven_staging"."dim_address__dbt_tmp" rename to "dim_address"
[0m02:11:14.869738 [debug] [Thread-1 (]: SQL status: ALTER TABLE in 0.002 seconds
[0m02:11:14.886372 [debug] [Thread-1 (]: On model.dbt_driven_data.staging_dim_address: COMMIT
[0m02:11:14.887163 [debug] [Thread-1 (]: Using postgres connection "model.dbt_driven_data.staging_dim_address"
[0m02:11:14.887680 [debug] [Thread-1 (]: On model.dbt_driven_data.staging_dim_address: COMMIT
[0m02:11:14.890172 [debug] [Thread-1 (]: SQL status: COMMIT in 0.002 seconds
[0m02:11:14.896364 [debug] [Thread-1 (]: Applying DROP to: "airflow"."driven_staging"."dim_address__dbt_backup"
[0m02:11:14.901301 [debug] [Thread-1 (]: Using postgres connection "model.dbt_driven_data.staging_dim_address"
[0m02:11:14.902070 [debug] [Thread-1 (]: On model.dbt_driven_data.staging_dim_address: /* {"app": "dbt", "dbt_version": "1.8.0", "profile_name": "default", "target_name": "dev", "node_id": "model.dbt_driven_data.staging_dim_address"} */
drop table if exists "airflow"."driven_staging"."dim_address__dbt_backup" cascade
[0m02:11:14.903935 [debug] [Thread-1 (]: SQL status: DROP TABLE in 0.001 seconds
[0m02:11:14.906625 [debug] [Thread-1 (]: On model.dbt_driven_data.staging_dim_address: Close
[0m02:11:14.908826 [debug] [Thread-1 (]: Sending event: {'category': 'dbt', 'action': 'run_model', 'label': '5fc4c922-85c9-446c-814f-a1324345deda', 'context': [<snowplow_tracker.self_describing_json.SelfDescribingJson object at 0x7365a5f26270>]}
[0m02:11:14.910204 [info ] [Thread-1 (]: 1 of 5 OK created sql table model driven_staging.dim_address ................... [[32mSELECT 605[0m in 0.12s]
[0m02:11:14.911143 [debug] [Thread-1 (]: Finished running node model.dbt_driven_data.staging_dim_address
[0m02:11:14.911778 [debug] [Thread-1 (]: Began running node model.dbt_driven_data.staging_dim_date
[0m02:11:14.912810 [info ] [Thread-1 (]: 2 of 5 START sql table model driven_staging.dim_date ........................... [RUN]
[0m02:11:14.913545 [debug] [Thread-1 (]: Re-using an available connection from the pool (formerly model.dbt_driven_data.staging_dim_address, now model.dbt_driven_data.staging_dim_date)
[0m02:11:14.914117 [debug] [Thread-1 (]: Began compiling node model.dbt_driven_data.staging_dim_date
[0m02:11:14.918862 [debug] [Thread-1 (]: Writing injected SQL for node "model.dbt_driven_data.staging_dim_date"
[0m02:11:14.931318 [debug] [Thread-1 (]: Began executing node model.dbt_driven_data.staging_dim_date
[0m02:11:14.934333 [debug] [Thread-1 (]: Writing runtime sql for node "model.dbt_driven_data.staging_dim_date"
[0m02:11:14.940865 [debug] [Thread-1 (]: Using postgres connection "model.dbt_driven_data.staging_dim_date"
[0m02:11:14.941455 [debug] [Thread-1 (]: On model.dbt_driven_data.staging_dim_date: BEGIN
[0m02:11:14.942000 [debug] [Thread-1 (]: Opening a new connection, currently in state closed
[0m02:11:14.947910 [debug] [Thread-1 (]: SQL status: BEGIN in 0.006 seconds
[0m02:11:14.948622 [debug] [Thread-1 (]: Using postgres connection "model.dbt_driven_data.staging_dim_date"
[0m02:11:14.949281 [debug] [Thread-1 (]: On model.dbt_driven_data.staging_dim_date: /* {"app": "dbt", "dbt_version": "1.8.0", "profile_name": "default", "target_name": "dev", "node_id": "model.dbt_driven_data.staging_dim_date"} */

  
    

  create  table "airflow"."driven_staging"."dim_date__dbt_tmp"
  
  
    as
  
  (
    

WITH source_data AS (
    SELECT
        unique_id,
        accessed_at
    FROM "airflow"."driven_raw"."raw_batch_data"
)

SELECT * FROM source_data
  );
  
[0m02:11:14.953025 [debug] [Thread-1 (]: SQL status: SELECT 605 in 0.003 seconds
[0m02:11:14.955704 [debug] [Thread-1 (]: Using postgres connection "model.dbt_driven_data.staging_dim_date"
[0m02:11:14.956433 [debug] [Thread-1 (]: On model.dbt_driven_data.staging_dim_date: /* {"app": "dbt", "dbt_version": "1.8.0", "profile_name": "default", "target_name": "dev", "node_id": "model.dbt_driven_data.staging_dim_date"} */
alter table "airflow"."driven_staging"."dim_date__dbt_tmp" rename to "dim_date"
[0m02:11:14.957418 [debug] [Thread-1 (]: SQL status: ALTER TABLE in 0.000 seconds
[0m02:11:14.959226 [debug] [Thread-1 (]: On model.dbt_driven_data.staging_dim_date: COMMIT
[0m02:11:14.959837 [debug] [Thread-1 (]: Using postgres connection "model.dbt_driven_data.staging_dim_date"
[0m02:11:14.960488 [debug] [Thread-1 (]: On model.dbt_driven_data.staging_dim_date: COMMIT
[0m02:11:14.962694 [debug] [Thread-1 (]: SQL status: COMMIT in 0.002 seconds
[0m02:11:14.964993 [debug] [Thread-1 (]: Applying DROP to: "airflow"."driven_staging"."dim_date__dbt_backup"
[0m02:11:14.966174 [debug] [Thread-1 (]: Using postgres connection "model.dbt_driven_data.staging_dim_date"
[0m02:11:14.966781 [debug] [Thread-1 (]: On model.dbt_driven_data.staging_dim_date: /* {"app": "dbt", "dbt_version": "1.8.0", "profile_name": "default", "target_name": "dev", "node_id": "model.dbt_driven_data.staging_dim_date"} */
drop table if exists "airflow"."driven_staging"."dim_date__dbt_backup" cascade
[0m02:11:14.967544 [debug] [Thread-1 (]: SQL status: DROP TABLE in 0.000 seconds
[0m02:11:14.968914 [debug] [Thread-1 (]: On model.dbt_driven_data.staging_dim_date: Close
[0m02:11:14.969618 [debug] [Thread-1 (]: Sending event: {'category': 'dbt', 'action': 'run_model', 'label': '5fc4c922-85c9-446c-814f-a1324345deda', 'context': [<snowplow_tracker.self_describing_json.SelfDescribingJson object at 0x7365a1bf0e00>]}
[0m02:11:14.970440 [info ] [Thread-1 (]: 2 of 5 OK created sql table model driven_staging.dim_date ...................... [[32mSELECT 605[0m in 0.06s]
[0m02:11:14.971498 [debug] [Thread-1 (]: Finished running node model.dbt_driven_data.staging_dim_date
[0m02:11:14.972651 [debug] [Thread-1 (]: Began running node model.dbt_driven_data.staging_dim_finance
[0m02:11:14.973377 [info ] [Thread-1 (]: 3 of 5 START sql table model driven_staging.dim_finance ........................ [RUN]
[0m02:11:14.974257 [debug] [Thread-1 (]: Re-using an available connection from the pool (formerly model.dbt_driven_data.staging_dim_date, now model.dbt_driven_data.staging_dim_finance)
[0m02:11:14.974891 [debug] [Thread-1 (]: Began compiling node model.dbt_driven_data.staging_dim_finance
[0m02:11:14.978483 [debug] [Thread-1 (]: Writing injected SQL for node "model.dbt_driven_data.staging_dim_finance"
[0m02:11:14.986687 [debug] [Thread-1 (]: Began executing node model.dbt_driven_data.staging_dim_finance
[0m02:11:14.990079 [debug] [Thread-1 (]: Writing runtime sql for node "model.dbt_driven_data.staging_dim_finance"
[0m02:11:14.998706 [debug] [Thread-1 (]: Using postgres connection "model.dbt_driven_data.staging_dim_finance"
[0m02:11:14.999342 [debug] [Thread-1 (]: On model.dbt_driven_data.staging_dim_finance: BEGIN
[0m02:11:14.999936 [debug] [Thread-1 (]: Opening a new connection, currently in state closed
[0m02:11:15.004218 [debug] [Thread-1 (]: SQL status: BEGIN in 0.004 seconds
[0m02:11:15.005316 [debug] [Thread-1 (]: Using postgres connection "model.dbt_driven_data.staging_dim_finance"
[0m02:11:15.006221 [debug] [Thread-1 (]: On model.dbt_driven_data.staging_dim_finance: /* {"app": "dbt", "dbt_version": "1.8.0", "profile_name": "default", "target_name": "dev", "node_id": "model.dbt_driven_data.staging_dim_finance"} */

  
    

  create  table "airflow"."driven_staging"."dim_finance__dbt_tmp"
  
  
    as
  
  (
    

WITH source_data AS (
    SELECT
        unique_id,
        iban
    FROM "airflow"."driven_raw"."raw_batch_data"
)

SELECT * FROM source_data
  );
  
[0m02:11:15.008506 [debug] [Thread-1 (]: SQL status: SELECT 605 in 0.002 seconds
[0m02:11:15.011341 [debug] [Thread-1 (]: Using postgres connection "model.dbt_driven_data.staging_dim_finance"
[0m02:11:15.011997 [debug] [Thread-1 (]: On model.dbt_driven_data.staging_dim_finance: /* {"app": "dbt", "dbt_version": "1.8.0", "profile_name": "default", "target_name": "dev", "node_id": "model.dbt_driven_data.staging_dim_finance"} */
alter table "airflow"."driven_staging"."dim_finance__dbt_tmp" rename to "dim_finance"
[0m02:11:15.012930 [debug] [Thread-1 (]: SQL status: ALTER TABLE in 0.000 seconds
[0m02:11:15.014626 [debug] [Thread-1 (]: On model.dbt_driven_data.staging_dim_finance: COMMIT
[0m02:11:15.015173 [debug] [Thread-1 (]: Using postgres connection "model.dbt_driven_data.staging_dim_finance"
[0m02:11:15.015762 [debug] [Thread-1 (]: On model.dbt_driven_data.staging_dim_finance: COMMIT
[0m02:11:15.017748 [debug] [Thread-1 (]: SQL status: COMMIT in 0.001 seconds
[0m02:11:15.019885 [debug] [Thread-1 (]: Applying DROP to: "airflow"."driven_staging"."dim_finance__dbt_backup"
[0m02:11:15.020794 [debug] [Thread-1 (]: Using postgres connection "model.dbt_driven_data.staging_dim_finance"
[0m02:11:15.021363 [debug] [Thread-1 (]: On model.dbt_driven_data.staging_dim_finance: /* {"app": "dbt", "dbt_version": "1.8.0", "profile_name": "default", "target_name": "dev", "node_id": "model.dbt_driven_data.staging_dim_finance"} */
drop table if exists "airflow"."driven_staging"."dim_finance__dbt_backup" cascade
[0m02:11:15.022292 [debug] [Thread-1 (]: SQL status: DROP TABLE in 0.000 seconds
[0m02:11:15.023907 [debug] [Thread-1 (]: On model.dbt_driven_data.staging_dim_finance: Close
[0m02:11:15.024591 [debug] [Thread-1 (]: Sending event: {'category': 'dbt', 'action': 'run_model', 'label': '5fc4c922-85c9-446c-814f-a1324345deda', 'context': [<snowplow_tracker.self_describing_json.SelfDescribingJson object at 0x7365a53b8830>]}
[0m02:11:15.025336 [info ] [Thread-1 (]: 3 of 5 OK created sql table model driven_staging.dim_finance ................... [[32mSELECT 605[0m in 0.05s]
[0m02:11:15.026605 [debug] [Thread-1 (]: Finished running node model.dbt_driven_data.staging_dim_finance
[0m02:11:15.027467 [debug] [Thread-1 (]: Began running node model.dbt_driven_data.staging_dim_person
[0m02:11:15.028230 [info ] [Thread-1 (]: 4 of 5 START sql table model driven_staging.dim_person ......................... [RUN]
[0m02:11:15.028872 [debug] [Thread-1 (]: Re-using an available connection from the pool (formerly model.dbt_driven_data.staging_dim_finance, now model.dbt_driven_data.staging_dim_person)
[0m02:11:15.029414 [debug] [Thread-1 (]: Began compiling node model.dbt_driven_data.staging_dim_person
[0m02:11:15.032242 [debug] [Thread-1 (]: Writing injected SQL for node "model.dbt_driven_data.staging_dim_person"
[0m02:11:15.039041 [debug] [Thread-1 (]: Began executing node model.dbt_driven_data.staging_dim_person
[0m02:11:15.043089 [debug] [Thread-1 (]: Writing runtime sql for node "model.dbt_driven_data.staging_dim_person"
[0m02:11:15.058224 [debug] [Thread-1 (]: Using postgres connection "model.dbt_driven_data.staging_dim_person"
[0m02:11:15.059312 [debug] [Thread-1 (]: On model.dbt_driven_data.staging_dim_person: BEGIN
[0m02:11:15.060849 [debug] [Thread-1 (]: Opening a new connection, currently in state closed
[0m02:11:15.066290 [debug] [Thread-1 (]: SQL status: BEGIN in 0.005 seconds
[0m02:11:15.067372 [debug] [Thread-1 (]: Using postgres connection "model.dbt_driven_data.staging_dim_person"
[0m02:11:15.068282 [debug] [Thread-1 (]: On model.dbt_driven_data.staging_dim_person: /* {"app": "dbt", "dbt_version": "1.8.0", "profile_name": "default", "target_name": "dev", "node_id": "model.dbt_driven_data.staging_dim_person"} */

  
    

  create  table "airflow"."driven_staging"."dim_person__dbt_tmp"
  
  
    as
  
  (
    

WITH source_data AS (
    SELECT
        unique_id,
        person_name,
        user_name,
        email,
        phone,
        birth_date,
        personal_number
    FROM "airflow"."driven_raw"."raw_batch_data"
)

SELECT * FROM source_data
  );
  
[0m02:11:15.077007 [debug] [Thread-1 (]: SQL status: SELECT 605 in 0.008 seconds
[0m02:11:15.080044 [debug] [Thread-1 (]: Using postgres connection "model.dbt_driven_data.staging_dim_person"
[0m02:11:15.080695 [debug] [Thread-1 (]: On model.dbt_driven_data.staging_dim_person: /* {"app": "dbt", "dbt_version": "1.8.0", "profile_name": "default", "target_name": "dev", "node_id": "model.dbt_driven_data.staging_dim_person"} */
alter table "airflow"."driven_staging"."dim_person__dbt_tmp" rename to "dim_person"
[0m02:11:15.081679 [debug] [Thread-1 (]: SQL status: ALTER TABLE in 0.000 seconds
[0m02:11:15.083302 [debug] [Thread-1 (]: On model.dbt_driven_data.staging_dim_person: COMMIT
[0m02:11:15.083961 [debug] [Thread-1 (]: Using postgres connection "model.dbt_driven_data.staging_dim_person"
[0m02:11:15.084768 [debug] [Thread-1 (]: On model.dbt_driven_data.staging_dim_person: COMMIT
[0m02:11:15.087880 [debug] [Thread-1 (]: SQL status: COMMIT in 0.002 seconds
[0m02:11:15.092073 [debug] [Thread-1 (]: Applying DROP to: "airflow"."driven_staging"."dim_person__dbt_backup"
[0m02:11:15.093138 [debug] [Thread-1 (]: Using postgres connection "model.dbt_driven_data.staging_dim_person"
[0m02:11:15.093736 [debug] [Thread-1 (]: On model.dbt_driven_data.staging_dim_person: /* {"app": "dbt", "dbt_version": "1.8.0", "profile_name": "default", "target_name": "dev", "node_id": "model.dbt_driven_data.staging_dim_person"} */
drop table if exists "airflow"."driven_staging"."dim_person__dbt_backup" cascade
[0m02:11:15.094664 [debug] [Thread-1 (]: SQL status: DROP TABLE in 0.000 seconds
[0m02:11:15.096197 [debug] [Thread-1 (]: On model.dbt_driven_data.staging_dim_person: Close
[0m02:11:15.096943 [debug] [Thread-1 (]: Sending event: {'category': 'dbt', 'action': 'run_model', 'label': '5fc4c922-85c9-446c-814f-a1324345deda', 'context': [<snowplow_tracker.self_describing_json.SelfDescribingJson object at 0x7365a1c4df10>]}
[0m02:11:15.097785 [info ] [Thread-1 (]: 4 of 5 OK created sql table model driven_staging.dim_person .................... [[32mSELECT 605[0m in 0.07s]
[0m02:11:15.098851 [debug] [Thread-1 (]: Finished running node model.dbt_driven_data.staging_dim_person
[0m02:11:15.099626 [debug] [Thread-1 (]: Began running node model.dbt_driven_data.staging_fact_network_usage
[0m02:11:15.100326 [info ] [Thread-1 (]: 5 of 5 START sql table model driven_staging.fact_network_usage ................. [RUN]
[0m02:11:15.101010 [debug] [Thread-1 (]: Re-using an available connection from the pool (formerly model.dbt_driven_data.staging_dim_person, now model.dbt_driven_data.staging_fact_network_usage)
[0m02:11:15.101567 [debug] [Thread-1 (]: Began compiling node model.dbt_driven_data.staging_fact_network_usage
[0m02:11:15.104783 [debug] [Thread-1 (]: Writing injected SQL for node "model.dbt_driven_data.staging_fact_network_usage"
[0m02:11:15.112032 [debug] [Thread-1 (]: Began executing node model.dbt_driven_data.staging_fact_network_usage
[0m02:11:15.116043 [debug] [Thread-1 (]: Writing runtime sql for node "model.dbt_driven_data.staging_fact_network_usage"
[0m02:11:15.124274 [debug] [Thread-1 (]: Using postgres connection "model.dbt_driven_data.staging_fact_network_usage"
[0m02:11:15.124939 [debug] [Thread-1 (]: On model.dbt_driven_data.staging_fact_network_usage: BEGIN
[0m02:11:15.125568 [debug] [Thread-1 (]: Opening a new connection, currently in state closed
[0m02:11:15.129506 [debug] [Thread-1 (]: SQL status: BEGIN in 0.004 seconds
[0m02:11:15.130329 [debug] [Thread-1 (]: Using postgres connection "model.dbt_driven_data.staging_fact_network_usage"
[0m02:11:15.131012 [debug] [Thread-1 (]: On model.dbt_driven_data.staging_fact_network_usage: /* {"app": "dbt", "dbt_version": "1.8.0", "profile_name": "default", "target_name": "dev", "node_id": "model.dbt_driven_data.staging_fact_network_usage"} */

  
    

  create  table "airflow"."driven_staging"."fact_network_usage__dbt_tmp"
  
  
    as
  
  (
    

WITH source_data AS (
    SELECT
        unique_id,
        session_duration,
        download_speed,
        upload_speed,
        consumed_traffic
    FROM "airflow"."driven_raw"."raw_batch_data"
)

SELECT * FROM source_data
  );
  
[0m02:11:15.133325 [debug] [Thread-1 (]: SQL status: SELECT 605 in 0.002 seconds
[0m02:11:15.136111 [debug] [Thread-1 (]: Using postgres connection "model.dbt_driven_data.staging_fact_network_usage"
[0m02:11:15.136710 [debug] [Thread-1 (]: On model.dbt_driven_data.staging_fact_network_usage: /* {"app": "dbt", "dbt_version": "1.8.0", "profile_name": "default", "target_name": "dev", "node_id": "model.dbt_driven_data.staging_fact_network_usage"} */
alter table "airflow"."driven_staging"."fact_network_usage__dbt_tmp" rename to "fact_network_usage"
[0m02:11:15.137531 [debug] [Thread-1 (]: SQL status: ALTER TABLE in 0.000 seconds
[0m02:11:15.139291 [debug] [Thread-1 (]: On model.dbt_driven_data.staging_fact_network_usage: COMMIT
[0m02:11:15.139993 [debug] [Thread-1 (]: Using postgres connection "model.dbt_driven_data.staging_fact_network_usage"
[0m02:11:15.140576 [debug] [Thread-1 (]: On model.dbt_driven_data.staging_fact_network_usage: COMMIT
[0m02:11:15.145925 [debug] [Thread-1 (]: SQL status: COMMIT in 0.005 seconds
[0m02:11:15.148898 [debug] [Thread-1 (]: Applying DROP to: "airflow"."driven_staging"."fact_network_usage__dbt_backup"
[0m02:11:15.149784 [debug] [Thread-1 (]: Using postgres connection "model.dbt_driven_data.staging_fact_network_usage"
[0m02:11:15.150418 [debug] [Thread-1 (]: On model.dbt_driven_data.staging_fact_network_usage: /* {"app": "dbt", "dbt_version": "1.8.0", "profile_name": "default", "target_name": "dev", "node_id": "model.dbt_driven_data.staging_fact_network_usage"} */
drop table if exists "airflow"."driven_staging"."fact_network_usage__dbt_backup" cascade
[0m02:11:15.151252 [debug] [Thread-1 (]: SQL status: DROP TABLE in 0.000 seconds
[0m02:11:15.152762 [debug] [Thread-1 (]: On model.dbt_driven_data.staging_fact_network_usage: Close
[0m02:11:15.153685 [debug] [Thread-1 (]: Sending event: {'category': 'dbt', 'action': 'run_model', 'label': '5fc4c922-85c9-446c-814f-a1324345deda', 'context': [<snowplow_tracker.self_describing_json.SelfDescribingJson object at 0x7365a1ece930>]}
[0m02:11:15.154549 [info ] [Thread-1 (]: 5 of 5 OK created sql table model driven_staging.fact_network_usage ............ [[32mSELECT 605[0m in 0.05s]
[0m02:11:15.155515 [debug] [Thread-1 (]: Finished running node model.dbt_driven_data.staging_fact_network_usage
[0m02:11:15.157168 [debug] [MainThread]: Using postgres connection "master"
[0m02:11:15.157799 [debug] [MainThread]: On master: BEGIN
[0m02:11:15.158403 [debug] [MainThread]: Opening a new connection, currently in state closed
[0m02:11:15.162337 [debug] [MainThread]: SQL status: BEGIN in 0.004 seconds
[0m02:11:15.163109 [debug] [MainThread]: On master: COMMIT
[0m02:11:15.163750 [debug] [MainThread]: Using postgres connection "master"
[0m02:11:15.164302 [debug] [MainThread]: On master: COMMIT
[0m02:11:15.164941 [debug] [MainThread]: SQL status: COMMIT in 0.000 seconds
[0m02:11:15.165488 [debug] [MainThread]: On master: Close
[0m02:11:15.166215 [debug] [MainThread]: Connection 'master' was properly closed.
[0m02:11:15.166825 [debug] [MainThread]: Connection 'model.dbt_driven_data.staging_fact_network_usage' was properly closed.
[0m02:11:15.167427 [info ] [MainThread]: 
[0m02:11:15.168014 [info ] [MainThread]: Finished running 5 table models in 0 hours 0 minutes and 0.50 seconds (0.50s).
[0m02:11:15.169147 [debug] [MainThread]: Command end result
[0m02:11:15.220915 [info ] [MainThread]: 
[0m02:11:15.222474 [info ] [MainThread]: [32mCompleted successfully[0m
[0m02:11:15.223206 [info ] [MainThread]: 
[0m02:11:15.224542 [info ] [MainThread]: Done. PASS=5 WARN=0 ERROR=0 SKIP=0 TOTAL=5
[0m02:11:15.226526 [debug] [MainThread]: Resource report: {"command_name": "run", "command_success": true, "command_wall_clock_time": 1.5940427, "process_user_time": 2.525778, "process_kernel_time": 0.246515, "process_mem_max_rss": "122836", "process_in_blocks": "0", "process_out_blocks": "0"}
[0m02:11:15.227667 [debug] [MainThread]: Command `dbt run` succeeded at 02:11:15.227448 after 1.60 seconds
[0m02:11:15.228751 [debug] [MainThread]: Sending event: {'category': 'dbt', 'action': 'invocation', 'label': 'end', 'context': [<snowplow_tracker.self_describing_json.SelfDescribingJson object at 0x7365a775e2d0>, <snowplow_tracker.self_describing_json.SelfDescribingJson object at 0x7365a531d1c0>, <snowplow_tracker.self_describing_json.SelfDescribingJson object at 0x7365a71b0650>]}
[0m02:11:15.231280 [debug] [MainThread]: Flushing usage events
[0m02:11:18.890361 [debug] [MainThread]: Sending event: {'category': 'dbt', 'action': 'invocation', 'label': 'start', 'context': [<snowplow_tracker.self_describing_json.SelfDescribingJson object at 0x74f9f2fabdd0>, <snowplow_tracker.self_describing_json.SelfDescribingJson object at 0x74f9f3fe3bf0>, <snowplow_tracker.self_describing_json.SelfDescribingJson object at 0x74f9f204ba70>]}


============================== 02:11:18.898692 | ce3f4327-e3b7-485d-8cb1-156e185a091c ==============================
[0m02:11:18.898692 [info ] [MainThread]: Running with dbt=1.8.0
[0m02:11:18.899667 [debug] [MainThread]: running dbt with arguments {'printer_width': '80', 'indirect_selection': 'eager', 'log_cache_events': 'False', 'write_json': 'True', 'partial_parse': 'True', 'cache_selected_only': 'False', 'profiles_dir': '/opt/airflow/dbt', 'debug': 'False', 'fail_fast': 'False', 'log_path': '/opt/airflow/dbt/logs', 'version_check': 'True', 'warn_error': 'None', 'use_colors': 'True', 'use_experimental_parser': 'False', 'no_print': 'None', 'quiet': 'False', 'log_format': 'default', 'static_parser': 'True', 'warn_error_options': 'WarnErrorOptions(include=[], exclude=[])', 'introspect': 'True', 'target_path': 'None', 'invocation_command': 'dbt run --select tag:trusted', 'send_anonymous_usage_stats': 'True'}
[0m02:11:19.143733 [debug] [MainThread]: Sending event: {'category': 'dbt', 'action': 'project_id', 'label': 'ce3f4327-e3b7-485d-8cb1-156e185a091c', 'context': [<snowplow_tracker.self_describing_json.SelfDescribingJson object at 0x74f9f2d331d0>]}
[0m02:11:19.202119 [debug] [MainThread]: Sending event: {'category': 'dbt', 'action': 'adapter_info', 'label': 'ce3f4327-e3b7-485d-8cb1-156e185a091c', 'context': [<snowplow_tracker.self_describing_json.SelfDescribingJson object at 0x74f9f2add370>]}
[0m02:11:19.204401 [info ] [MainThread]: Registered adapter: postgres=1.8.2
[0m02:11:19.294803 [debug] [MainThread]: checksum: dbb12d416fdb55e3665e4828703bbedf40c5c90ed7ca6ff39bbbfb29b12b0a92, vars: {}, profile: , target: , version: 1.8.0
[0m02:11:19.481025 [debug] [MainThread]: Partial parsing enabled: 0 files deleted, 0 files added, 0 files changed.
[0m02:11:19.481876 [debug] [MainThread]: Partial parsing enabled, no changes found, skipping parsing
[0m02:11:19.510354 [debug] [MainThread]: Sending event: {'category': 'dbt', 'action': 'load_project', 'label': 'ce3f4327-e3b7-485d-8cb1-156e185a091c', 'context': [<snowplow_tracker.self_describing_json.SelfDescribingJson object at 0x74f9eff5bbf0>]}
[0m02:11:19.615945 [debug] [MainThread]: Sending event: {'category': 'dbt', 'action': 'resource_counts', 'label': 'ce3f4327-e3b7-485d-8cb1-156e185a091c', 'context': [<snowplow_tracker.self_describing_json.SelfDescribingJson object at 0x74f9eff8dee0>]}
[0m02:11:19.616675 [info ] [MainThread]: Found 9 models, 10 sources, 428 macros
[0m02:11:19.617431 [debug] [MainThread]: Sending event: {'category': 'dbt', 'action': 'runnable_timing', 'label': 'ce3f4327-e3b7-485d-8cb1-156e185a091c', 'context': [<snowplow_tracker.self_describing_json.SelfDescribingJson object at 0x74f9f0ba7f80>]}
[0m02:11:19.623598 [info ] [MainThread]: 
[0m02:11:19.624789 [debug] [MainThread]: Acquiring new postgres connection 'master'
[0m02:11:19.628852 [debug] [ThreadPool]: Acquiring new postgres connection 'list_airflow'
[0m02:11:19.656892 [debug] [ThreadPool]: Using postgres connection "list_airflow"
[0m02:11:19.657723 [debug] [ThreadPool]: On list_airflow: /* {"app": "dbt", "dbt_version": "1.8.0", "profile_name": "default", "target_name": "dev", "connection_name": "list_airflow"} */

    select distinct nspname from pg_namespace
  
[0m02:11:19.658375 [debug] [ThreadPool]: Opening a new connection, currently in state init
[0m02:11:19.663058 [debug] [ThreadPool]: SQL status: SELECT 6 in 0.005 seconds
[0m02:11:19.664612 [debug] [ThreadPool]: On list_airflow: Close
[0m02:11:19.665554 [debug] [ThreadPool]: Re-using an available connection from the pool (formerly list_airflow, now create_airflow_driven_trusted)
[0m02:11:19.666255 [debug] [ThreadPool]: Creating schema "database: "airflow"
schema: "driven_trusted"
"
[0m02:11:19.670712 [debug] [ThreadPool]: Using postgres connection "create_airflow_driven_trusted"
[0m02:11:19.671359 [debug] [ThreadPool]: On create_airflow_driven_trusted: BEGIN
[0m02:11:19.671916 [debug] [ThreadPool]: Opening a new connection, currently in state closed
[0m02:11:19.676304 [debug] [ThreadPool]: SQL status: BEGIN in 0.004 seconds
[0m02:11:19.676975 [debug] [ThreadPool]: Using postgres connection "create_airflow_driven_trusted"
[0m02:11:19.677490 [debug] [ThreadPool]: On create_airflow_driven_trusted: /* {"app": "dbt", "dbt_version": "1.8.0", "profile_name": "default", "target_name": "dev", "connection_name": "create_airflow_driven_trusted"} */
create schema if not exists "driven_trusted"
[0m02:11:19.678634 [debug] [ThreadPool]: SQL status: CREATE SCHEMA in 0.001 seconds
[0m02:11:19.679557 [debug] [ThreadPool]: On create_airflow_driven_trusted: COMMIT
[0m02:11:19.680024 [debug] [ThreadPool]: Using postgres connection "create_airflow_driven_trusted"
[0m02:11:19.680513 [debug] [ThreadPool]: On create_airflow_driven_trusted: COMMIT
[0m02:11:19.682105 [debug] [ThreadPool]: SQL status: COMMIT in 0.001 seconds
[0m02:11:19.682583 [debug] [ThreadPool]: On create_airflow_driven_trusted: Close
[0m02:11:19.684453 [debug] [ThreadPool]: Re-using an available connection from the pool (formerly create_airflow_driven_trusted, now list_airflow_driven_staging)
[0m02:11:19.688888 [debug] [ThreadPool]: Using postgres connection "list_airflow_driven_staging"
[0m02:11:19.689488 [debug] [ThreadPool]: On list_airflow_driven_staging: BEGIN
[0m02:11:19.689974 [debug] [ThreadPool]: Opening a new connection, currently in state closed
[0m02:11:19.693167 [debug] [ThreadPool]: SQL status: BEGIN in 0.003 seconds
[0m02:11:19.693673 [debug] [ThreadPool]: Using postgres connection "list_airflow_driven_staging"
[0m02:11:19.694236 [debug] [ThreadPool]: On list_airflow_driven_staging: /* {"app": "dbt", "dbt_version": "1.8.0", "profile_name": "default", "target_name": "dev", "connection_name": "list_airflow_driven_staging"} */
select
      'airflow' as database,
      tablename as name,
      schemaname as schema,
      'table' as type
    from pg_tables
    where schemaname ilike 'driven_staging'
    union all
    select
      'airflow' as database,
      viewname as name,
      schemaname as schema,
      'view' as type
    from pg_views
    where schemaname ilike 'driven_staging'
    union all
    select
      'airflow' as database,
      matviewname as name,
      schemaname as schema,
      'materialized_view' as type
    from pg_matviews
    where schemaname ilike 'driven_staging'
  
[0m02:11:19.696822 [debug] [ThreadPool]: SQL status: SELECT 5 in 0.002 seconds
[0m02:11:19.698178 [debug] [ThreadPool]: On list_airflow_driven_staging: ROLLBACK
[0m02:11:19.699190 [debug] [ThreadPool]: On list_airflow_driven_staging: Close
[0m02:11:19.700058 [debug] [ThreadPool]: Re-using an available connection from the pool (formerly list_airflow_driven_staging, now list_airflow_driven_trusted)
[0m02:11:19.702539 [debug] [ThreadPool]: Using postgres connection "list_airflow_driven_trusted"
[0m02:11:19.703000 [debug] [ThreadPool]: On list_airflow_driven_trusted: BEGIN
[0m02:11:19.703484 [debug] [ThreadPool]: Opening a new connection, currently in state closed
[0m02:11:19.706963 [debug] [ThreadPool]: SQL status: BEGIN in 0.003 seconds
[0m02:11:19.707667 [debug] [ThreadPool]: Using postgres connection "list_airflow_driven_trusted"
[0m02:11:19.708303 [debug] [ThreadPool]: On list_airflow_driven_trusted: /* {"app": "dbt", "dbt_version": "1.8.0", "profile_name": "default", "target_name": "dev", "connection_name": "list_airflow_driven_trusted"} */
select
      'airflow' as database,
      tablename as name,
      schemaname as schema,
      'table' as type
    from pg_tables
    where schemaname ilike 'driven_trusted'
    union all
    select
      'airflow' as database,
      viewname as name,
      schemaname as schema,
      'view' as type
    from pg_views
    where schemaname ilike 'driven_trusted'
    union all
    select
      'airflow' as database,
      matviewname as name,
      schemaname as schema,
      'materialized_view' as type
    from pg_matviews
    where schemaname ilike 'driven_trusted'
  
[0m02:11:19.711058 [debug] [ThreadPool]: SQL status: SELECT 0 in 0.002 seconds
[0m02:11:19.712709 [debug] [ThreadPool]: On list_airflow_driven_trusted: ROLLBACK
[0m02:11:19.713407 [debug] [ThreadPool]: On list_airflow_driven_trusted: Close
[0m02:11:19.717909 [debug] [MainThread]: Using postgres connection "master"
[0m02:11:19.718511 [debug] [MainThread]: On master: BEGIN
[0m02:11:19.719110 [debug] [MainThread]: Opening a new connection, currently in state init
[0m02:11:19.722868 [debug] [MainThread]: SQL status: BEGIN in 0.004 seconds
[0m02:11:19.724005 [debug] [MainThread]: Using postgres connection "master"
[0m02:11:19.725115 [debug] [MainThread]: On master: /* {"app": "dbt", "dbt_version": "1.8.0", "profile_name": "default", "target_name": "dev", "connection_name": "master"} */
with relation as (
        select
            pg_rewrite.ev_class as class,
            pg_rewrite.oid as id
        from pg_rewrite
    ),
    class as (
        select
            oid as id,
            relname as name,
            relnamespace as schema,
            relkind as kind
        from pg_class
    ),
    dependency as (
        select distinct
            pg_depend.objid as id,
            pg_depend.refobjid as ref
        from pg_depend
    ),
    schema as (
        select
            pg_namespace.oid as id,
            pg_namespace.nspname as name
        from pg_namespace
        where nspname != 'information_schema' and nspname not like 'pg\_%'
    ),
    referenced as (
        select
            relation.id AS id,
            referenced_class.name ,
            referenced_class.schema ,
            referenced_class.kind
        from relation
        join class as referenced_class on relation.class=referenced_class.id
        where referenced_class.kind in ('r', 'v', 'm')
    ),
    relationships as (
        select
            referenced.name as referenced_name,
            referenced.schema as referenced_schema_id,
            dependent_class.name as dependent_name,
            dependent_class.schema as dependent_schema_id,
            referenced.kind as kind
        from referenced
        join dependency on referenced.id=dependency.id
        join class as dependent_class on dependency.ref=dependent_class.id
        where
            (referenced.name != dependent_class.name or
             referenced.schema != dependent_class.schema)
    )

    select
        referenced_schema.name as referenced_schema,
        relationships.referenced_name as referenced_name,
        dependent_schema.name as dependent_schema,
        relationships.dependent_name as dependent_name
    from relationships
    join schema as dependent_schema on relationships.dependent_schema_id=dependent_schema.id
    join schema as referenced_schema on relationships.referenced_schema_id=referenced_schema.id
    group by referenced_schema, referenced_name, dependent_schema, dependent_name
    order by referenced_schema, referenced_name, dependent_schema, dependent_name;
[0m02:11:19.730137 [debug] [MainThread]: SQL status: SELECT 0 in 0.004 seconds
[0m02:11:19.733121 [debug] [MainThread]: Sending event: {'category': 'dbt', 'action': 'runnable_timing', 'label': 'ce3f4327-e3b7-485d-8cb1-156e185a091c', 'context': [<snowplow_tracker.self_describing_json.SelfDescribingJson object at 0x74f9f0ba6960>]}
[0m02:11:19.733812 [debug] [MainThread]: On master: ROLLBACK
[0m02:11:19.736028 [debug] [MainThread]: Using postgres connection "master"
[0m02:11:19.736663 [debug] [MainThread]: On master: BEGIN
[0m02:11:19.737598 [debug] [MainThread]: SQL status: BEGIN in 0.000 seconds
[0m02:11:19.738204 [debug] [MainThread]: On master: COMMIT
[0m02:11:19.738795 [debug] [MainThread]: Using postgres connection "master"
[0m02:11:19.739276 [debug] [MainThread]: On master: COMMIT
[0m02:11:19.740112 [debug] [MainThread]: SQL status: COMMIT in 0.000 seconds
[0m02:11:19.740660 [debug] [MainThread]: On master: Close
[0m02:11:19.741377 [info ] [MainThread]: Concurrency: 1 threads (target='dev')
[0m02:11:19.742885 [info ] [MainThread]: 
[0m02:11:19.753232 [debug] [Thread-1 (]: Began running node model.dbt_driven_data.trusted_non_pii_data
[0m02:11:19.754025 [info ] [Thread-1 (]: 1 of 4 START sql table model driven_trusted.non_pii_data ....................... [RUN]
[0m02:11:19.754787 [debug] [Thread-1 (]: Re-using an available connection from the pool (formerly list_airflow_driven_trusted, now model.dbt_driven_data.trusted_non_pii_data)
[0m02:11:19.755307 [debug] [Thread-1 (]: Began compiling node model.dbt_driven_data.trusted_non_pii_data
[0m02:11:19.768117 [debug] [Thread-1 (]: Writing injected SQL for node "model.dbt_driven_data.trusted_non_pii_data"
[0m02:11:19.783081 [debug] [Thread-1 (]: Began executing node model.dbt_driven_data.trusted_non_pii_data
[0m02:11:19.831049 [debug] [Thread-1 (]: Writing runtime sql for node "model.dbt_driven_data.trusted_non_pii_data"
[0m02:11:19.843092 [debug] [Thread-1 (]: Using postgres connection "model.dbt_driven_data.trusted_non_pii_data"
[0m02:11:19.843820 [debug] [Thread-1 (]: On model.dbt_driven_data.trusted_non_pii_data: BEGIN
[0m02:11:19.844887 [debug] [Thread-1 (]: Opening a new connection, currently in state closed
[0m02:11:19.849365 [debug] [Thread-1 (]: SQL status: BEGIN in 0.004 seconds
[0m02:11:19.850240 [debug] [Thread-1 (]: Using postgres connection "model.dbt_driven_data.trusted_non_pii_data"
[0m02:11:19.850850 [debug] [Thread-1 (]: On model.dbt_driven_data.trusted_non_pii_data: /* {"app": "dbt", "dbt_version": "1.8.0", "profile_name": "default", "target_name": "dev", "node_id": "model.dbt_driven_data.trusted_non_pii_data"} */

  
    

  create  table "airflow"."driven_trusted"."non_pii_data__dbt_tmp"
  
  
    as
  
  (
    

WITH source_data AS (
    SELECT
        '***MASKED***' AS person_name,
        SUBSTRING(dp.user_name, 1, 5) || '*****' AS user_name,
        SUBSTRING(dp.email, 1, 5) || '*****' AS email,
        '***MASKED***' AS personal_number,
        '***MASKED***' AS birth_date,
        '***MASKED***' AS address,
        '***MASKED***' AS phone,
        SUBSTRING(da.mac_address, 1, 5) || '*****' AS mac_address,
        SUBSTRING(da.ip_address, 1, 5) || '*****' AS ip_address,
        SUBSTRING(df.iban, 1, 5) || '*****' AS iban,
        dd.accessed_at,
        fnu.session_duration,
        fnu.download_speed,
        fnu.upload_speed,
        fnu.consumed_traffic,
        fnu.unique_id
    FROM "airflow"."driven_staging"."fact_network_usage" fnu
    INNER JOIN "airflow"."driven_staging"."dim_address" da
      ON fnu.unique_id = da.unique_id
    INNER JOIN "airflow"."driven_staging"."dim_date" dd
      ON da.unique_id = dd.unique_id
    INNER JOIN "airflow"."driven_staging"."dim_finance" df
      ON dd.unique_id = df.unique_id
    INNER JOIN "airflow"."driven_staging"."dim_person" dp
      ON df.unique_id = dp.unique_id
)

SELECT * FROM source_data
  );
  
[0m02:11:19.859389 [debug] [Thread-1 (]: SQL status: SELECT 605 in 0.008 seconds
[0m02:11:19.865005 [debug] [Thread-1 (]: Using postgres connection "model.dbt_driven_data.trusted_non_pii_data"
[0m02:11:19.865687 [debug] [Thread-1 (]: On model.dbt_driven_data.trusted_non_pii_data: /* {"app": "dbt", "dbt_version": "1.8.0", "profile_name": "default", "target_name": "dev", "node_id": "model.dbt_driven_data.trusted_non_pii_data"} */
alter table "airflow"."driven_trusted"."non_pii_data__dbt_tmp" rename to "non_pii_data"
[0m02:11:19.866697 [debug] [Thread-1 (]: SQL status: ALTER TABLE in 0.000 seconds
[0m02:11:19.881744 [debug] [Thread-1 (]: On model.dbt_driven_data.trusted_non_pii_data: COMMIT
[0m02:11:19.882495 [debug] [Thread-1 (]: Using postgres connection "model.dbt_driven_data.trusted_non_pii_data"
[0m02:11:19.883061 [debug] [Thread-1 (]: On model.dbt_driven_data.trusted_non_pii_data: COMMIT
[0m02:11:19.885293 [debug] [Thread-1 (]: SQL status: COMMIT in 0.002 seconds
[0m02:11:19.890536 [debug] [Thread-1 (]: Applying DROP to: "airflow"."driven_trusted"."non_pii_data__dbt_backup"
[0m02:11:19.897511 [debug] [Thread-1 (]: Using postgres connection "model.dbt_driven_data.trusted_non_pii_data"
[0m02:11:19.898300 [debug] [Thread-1 (]: On model.dbt_driven_data.trusted_non_pii_data: /* {"app": "dbt", "dbt_version": "1.8.0", "profile_name": "default", "target_name": "dev", "node_id": "model.dbt_driven_data.trusted_non_pii_data"} */
drop table if exists "airflow"."driven_trusted"."non_pii_data__dbt_backup" cascade
[0m02:11:19.899097 [debug] [Thread-1 (]: SQL status: DROP TABLE in 0.000 seconds
[0m02:11:19.901389 [debug] [Thread-1 (]: On model.dbt_driven_data.trusted_non_pii_data: Close
[0m02:11:19.902855 [debug] [Thread-1 (]: Sending event: {'category': 'dbt', 'action': 'run_model', 'label': 'ce3f4327-e3b7-485d-8cb1-156e185a091c', 'context': [<snowplow_tracker.self_describing_json.SelfDescribingJson object at 0x74f9f2d31b80>]}
[0m02:11:19.903616 [info ] [Thread-1 (]: 1 of 4 OK created sql table model driven_trusted.non_pii_data .................. [[32mSELECT 605[0m in 0.15s]
[0m02:11:19.904370 [debug] [Thread-1 (]: Finished running node model.dbt_driven_data.trusted_non_pii_data
[0m02:11:19.904950 [debug] [Thread-1 (]: Began running node model.dbt_driven_data.trusted_payment_data
[0m02:11:19.906113 [info ] [Thread-1 (]: 2 of 4 START sql table model driven_trusted.payment_data ....................... [RUN]
[0m02:11:19.906846 [debug] [Thread-1 (]: Re-using an available connection from the pool (formerly model.dbt_driven_data.trusted_non_pii_data, now model.dbt_driven_data.trusted_payment_data)
[0m02:11:19.907528 [debug] [Thread-1 (]: Began compiling node model.dbt_driven_data.trusted_payment_data
[0m02:11:19.910877 [debug] [Thread-1 (]: Writing injected SQL for node "model.dbt_driven_data.trusted_payment_data"
[0m02:11:19.917804 [debug] [Thread-1 (]: Began executing node model.dbt_driven_data.trusted_payment_data
[0m02:11:19.920790 [debug] [Thread-1 (]: Writing runtime sql for node "model.dbt_driven_data.trusted_payment_data"
[0m02:11:19.928207 [debug] [Thread-1 (]: Using postgres connection "model.dbt_driven_data.trusted_payment_data"
[0m02:11:19.928892 [debug] [Thread-1 (]: On model.dbt_driven_data.trusted_payment_data: BEGIN
[0m02:11:19.929415 [debug] [Thread-1 (]: Opening a new connection, currently in state closed
[0m02:11:19.932609 [debug] [Thread-1 (]: SQL status: BEGIN in 0.003 seconds
[0m02:11:19.933233 [debug] [Thread-1 (]: Using postgres connection "model.dbt_driven_data.trusted_payment_data"
[0m02:11:19.933776 [debug] [Thread-1 (]: On model.dbt_driven_data.trusted_payment_data: /* {"app": "dbt", "dbt_version": "1.8.0", "profile_name": "default", "target_name": "dev", "node_id": "model.dbt_driven_data.trusted_payment_data"} */

  
    

  create  table "airflow"."driven_trusted"."payment_data__dbt_tmp"
  
  
    as
  
  (
    

WITH source_data AS (
    SELECT
        fnu.unique_id,
        df.iban,
        fnu.download_speed,
        fnu.upload_speed,
        fnu.session_duration,
        fnu.consumed_traffic,
        ((fnu.download_speed + fnu.upload_speed + 1)/2) +
        (fnu.consumed_traffic / (fnu.session_duration + 1)) AS payment_amount
    FROM "airflow"."driven_staging"."fact_network_usage" fnu
    JOIN "airflow"."driven_staging"."dim_finance" df
      ON fnu.unique_id = df.unique_id
)

SELECT * FROM source_data
  );
  
[0m02:11:19.936292 [debug] [Thread-1 (]: SQL status: SELECT 605 in 0.002 seconds
[0m02:11:19.939131 [debug] [Thread-1 (]: Using postgres connection "model.dbt_driven_data.trusted_payment_data"
[0m02:11:19.939915 [debug] [Thread-1 (]: On model.dbt_driven_data.trusted_payment_data: /* {"app": "dbt", "dbt_version": "1.8.0", "profile_name": "default", "target_name": "dev", "node_id": "model.dbt_driven_data.trusted_payment_data"} */
alter table "airflow"."driven_trusted"."payment_data__dbt_tmp" rename to "payment_data"
[0m02:11:19.940760 [debug] [Thread-1 (]: SQL status: ALTER TABLE in 0.000 seconds
[0m02:11:19.942423 [debug] [Thread-1 (]: On model.dbt_driven_data.trusted_payment_data: COMMIT
[0m02:11:19.943006 [debug] [Thread-1 (]: Using postgres connection "model.dbt_driven_data.trusted_payment_data"
[0m02:11:19.943563 [debug] [Thread-1 (]: On model.dbt_driven_data.trusted_payment_data: COMMIT
[0m02:11:19.945949 [debug] [Thread-1 (]: SQL status: COMMIT in 0.002 seconds
[0m02:11:19.948143 [debug] [Thread-1 (]: Applying DROP to: "airflow"."driven_trusted"."payment_data__dbt_backup"
[0m02:11:19.949089 [debug] [Thread-1 (]: Using postgres connection "model.dbt_driven_data.trusted_payment_data"
[0m02:11:19.949689 [debug] [Thread-1 (]: On model.dbt_driven_data.trusted_payment_data: /* {"app": "dbt", "dbt_version": "1.8.0", "profile_name": "default", "target_name": "dev", "node_id": "model.dbt_driven_data.trusted_payment_data"} */
drop table if exists "airflow"."driven_trusted"."payment_data__dbt_backup" cascade
[0m02:11:19.950638 [debug] [Thread-1 (]: SQL status: DROP TABLE in 0.000 seconds
[0m02:11:19.953109 [debug] [Thread-1 (]: On model.dbt_driven_data.trusted_payment_data: Close
[0m02:11:19.953887 [debug] [Thread-1 (]: Sending event: {'category': 'dbt', 'action': 'run_model', 'label': 'ce3f4327-e3b7-485d-8cb1-156e185a091c', 'context': [<snowplow_tracker.self_describing_json.SelfDescribingJson object at 0x74f9ee614110>]}
[0m02:11:19.954629 [info ] [Thread-1 (]: 2 of 4 OK created sql table model driven_trusted.payment_data .................. [[32mSELECT 605[0m in 0.05s]
[0m02:11:19.955632 [debug] [Thread-1 (]: Finished running node model.dbt_driven_data.trusted_payment_data
[0m02:11:19.956490 [debug] [Thread-1 (]: Began running node model.dbt_driven_data.trusted_pii_data
[0m02:11:19.957241 [info ] [Thread-1 (]: 3 of 4 START sql table model driven_trusted.pii_data ........................... [RUN]
[0m02:11:19.957935 [debug] [Thread-1 (]: Re-using an available connection from the pool (formerly model.dbt_driven_data.trusted_payment_data, now model.dbt_driven_data.trusted_pii_data)
[0m02:11:19.958462 [debug] [Thread-1 (]: Began compiling node model.dbt_driven_data.trusted_pii_data
[0m02:11:19.962095 [debug] [Thread-1 (]: Writing injected SQL for node "model.dbt_driven_data.trusted_pii_data"
[0m02:11:19.968899 [debug] [Thread-1 (]: Began executing node model.dbt_driven_data.trusted_pii_data
[0m02:11:19.973887 [debug] [Thread-1 (]: Writing runtime sql for node "model.dbt_driven_data.trusted_pii_data"
[0m02:11:19.981103 [debug] [Thread-1 (]: Using postgres connection "model.dbt_driven_data.trusted_pii_data"
[0m02:11:19.981754 [debug] [Thread-1 (]: On model.dbt_driven_data.trusted_pii_data: BEGIN
[0m02:11:19.982355 [debug] [Thread-1 (]: Opening a new connection, currently in state closed
[0m02:11:19.986317 [debug] [Thread-1 (]: SQL status: BEGIN in 0.004 seconds
[0m02:11:19.987097 [debug] [Thread-1 (]: Using postgres connection "model.dbt_driven_data.trusted_pii_data"
[0m02:11:19.987669 [debug] [Thread-1 (]: On model.dbt_driven_data.trusted_pii_data: /* {"app": "dbt", "dbt_version": "1.8.0", "profile_name": "default", "target_name": "dev", "node_id": "model.dbt_driven_data.trusted_pii_data"} */

  
    

  create  table "airflow"."driven_trusted"."pii_data__dbt_tmp"
  
  
    as
  
  (
    

WITH source_data AS (
    SELECT
        dp.person_name,
        dp.user_name,
        dp.email,
        dp.personal_number,
        dp.birth_date,
        da.address,
        dp.phone,
        da.mac_address,
        da.ip_address,
        df.iban,
        dd.accessed_at,
        fnu.session_duration,
        fnu.download_speed,
        fnu.upload_speed,
        fnu.consumed_traffic,
        fnu.unique_id
    FROM "airflow"."driven_staging"."fact_network_usage" fnu
    INNER JOIN "airflow"."driven_staging"."dim_address" da
      ON fnu.unique_id = da.unique_id
    INNER JOIN "airflow"."driven_staging"."dim_date" dd
      ON da.unique_id = dd.unique_id
    INNER JOIN "airflow"."driven_staging"."dim_finance" df
      ON dd.unique_id = df.unique_id
    INNER JOIN "airflow"."driven_staging"."dim_person" dp
      ON df.unique_id = dp.unique_id
)

SELECT * FROM source_data
  );
  
[0m02:11:19.996311 [debug] [Thread-1 (]: SQL status: SELECT 605 in 0.008 seconds
[0m02:11:19.999198 [debug] [Thread-1 (]: Using postgres connection "model.dbt_driven_data.trusted_pii_data"
[0m02:11:19.999878 [debug] [Thread-1 (]: On model.dbt_driven_data.trusted_pii_data: /* {"app": "dbt", "dbt_version": "1.8.0", "profile_name": "default", "target_name": "dev", "node_id": "model.dbt_driven_data.trusted_pii_data"} */
alter table "airflow"."driven_trusted"."pii_data__dbt_tmp" rename to "pii_data"
[0m02:11:20.000721 [debug] [Thread-1 (]: SQL status: ALTER TABLE in 0.000 seconds
[0m02:11:20.002276 [debug] [Thread-1 (]: On model.dbt_driven_data.trusted_pii_data: COMMIT
[0m02:11:20.003351 [debug] [Thread-1 (]: Using postgres connection "model.dbt_driven_data.trusted_pii_data"
[0m02:11:20.004067 [debug] [Thread-1 (]: On model.dbt_driven_data.trusted_pii_data: COMMIT
[0m02:11:20.007003 [debug] [Thread-1 (]: SQL status: COMMIT in 0.002 seconds
[0m02:11:20.009491 [debug] [Thread-1 (]: Applying DROP to: "airflow"."driven_trusted"."pii_data__dbt_backup"
[0m02:11:20.010415 [debug] [Thread-1 (]: Using postgres connection "model.dbt_driven_data.trusted_pii_data"
[0m02:11:20.010974 [debug] [Thread-1 (]: On model.dbt_driven_data.trusted_pii_data: /* {"app": "dbt", "dbt_version": "1.8.0", "profile_name": "default", "target_name": "dev", "node_id": "model.dbt_driven_data.trusted_pii_data"} */
drop table if exists "airflow"."driven_trusted"."pii_data__dbt_backup" cascade
[0m02:11:20.011935 [debug] [Thread-1 (]: SQL status: DROP TABLE in 0.000 seconds
[0m02:11:20.013593 [debug] [Thread-1 (]: On model.dbt_driven_data.trusted_pii_data: Close
[0m02:11:20.014847 [debug] [Thread-1 (]: Sending event: {'category': 'dbt', 'action': 'run_model', 'label': 'ce3f4327-e3b7-485d-8cb1-156e185a091c', 'context': [<snowplow_tracker.self_describing_json.SelfDescribingJson object at 0x74f9ee6306b0>]}
[0m02:11:20.015612 [info ] [Thread-1 (]: 3 of 4 OK created sql table model driven_trusted.pii_data ...................... [[32mSELECT 605[0m in 0.06s]
[0m02:11:20.016402 [debug] [Thread-1 (]: Finished running node model.dbt_driven_data.trusted_pii_data
[0m02:11:20.016925 [debug] [Thread-1 (]: Began running node model.dbt_driven_data.trusted_technical_data
[0m02:11:20.017687 [info ] [Thread-1 (]: 4 of 4 START sql table model driven_trusted.technical_data ..................... [RUN]
[0m02:11:20.018471 [debug] [Thread-1 (]: Re-using an available connection from the pool (formerly model.dbt_driven_data.trusted_pii_data, now model.dbt_driven_data.trusted_technical_data)
[0m02:11:20.019083 [debug] [Thread-1 (]: Began compiling node model.dbt_driven_data.trusted_technical_data
[0m02:11:20.022197 [debug] [Thread-1 (]: Writing injected SQL for node "model.dbt_driven_data.trusted_technical_data"
[0m02:11:20.030597 [debug] [Thread-1 (]: Began executing node model.dbt_driven_data.trusted_technical_data
[0m02:11:20.033612 [debug] [Thread-1 (]: Writing runtime sql for node "model.dbt_driven_data.trusted_technical_data"
[0m02:11:20.042373 [debug] [Thread-1 (]: Using postgres connection "model.dbt_driven_data.trusted_technical_data"
[0m02:11:20.043059 [debug] [Thread-1 (]: On model.dbt_driven_data.trusted_technical_data: BEGIN
[0m02:11:20.043620 [debug] [Thread-1 (]: Opening a new connection, currently in state closed
[0m02:11:20.047730 [debug] [Thread-1 (]: SQL status: BEGIN in 0.004 seconds
[0m02:11:20.048564 [debug] [Thread-1 (]: Using postgres connection "model.dbt_driven_data.trusted_technical_data"
[0m02:11:20.050323 [debug] [Thread-1 (]: On model.dbt_driven_data.trusted_technical_data: /* {"app": "dbt", "dbt_version": "1.8.0", "profile_name": "default", "target_name": "dev", "node_id": "model.dbt_driven_data.trusted_technical_data"} */

  
    

  create  table "airflow"."driven_trusted"."technical_data__dbt_tmp"
  
  
    as
  
  (
    

WITH source_data AS (
    SELECT
        fnu.unique_id,
        da.address,
        da.mac_address,
        da.ip_address,
        fnu.download_speed,
        fnu.upload_speed,
        ROUND((fnu.session_duration / 60), 1) AS min_session_duration,
        CASE
            WHEN fnu.download_speed < 50
              OR fnu.upload_speed < 30
              OR fnu.session_duration / 60 < 1
            THEN true
            ELSE false
        END AS technical_issue
    FROM "airflow"."driven_staging"."fact_network_usage" fnu
    JOIN "airflow"."driven_staging"."dim_address" da
      ON fnu.unique_id = da.unique_id
)

SELECT * FROM source_data
  );
  
[0m02:11:20.057994 [debug] [Thread-1 (]: SQL status: SELECT 605 in 0.006 seconds
[0m02:11:20.061117 [debug] [Thread-1 (]: Using postgres connection "model.dbt_driven_data.trusted_technical_data"
[0m02:11:20.061783 [debug] [Thread-1 (]: On model.dbt_driven_data.trusted_technical_data: /* {"app": "dbt", "dbt_version": "1.8.0", "profile_name": "default", "target_name": "dev", "node_id": "model.dbt_driven_data.trusted_technical_data"} */
alter table "airflow"."driven_trusted"."technical_data__dbt_tmp" rename to "technical_data"
[0m02:11:20.062731 [debug] [Thread-1 (]: SQL status: ALTER TABLE in 0.000 seconds
[0m02:11:20.064449 [debug] [Thread-1 (]: On model.dbt_driven_data.trusted_technical_data: COMMIT
[0m02:11:20.064940 [debug] [Thread-1 (]: Using postgres connection "model.dbt_driven_data.trusted_technical_data"
[0m02:11:20.065411 [debug] [Thread-1 (]: On model.dbt_driven_data.trusted_technical_data: COMMIT
[0m02:11:20.067405 [debug] [Thread-1 (]: SQL status: COMMIT in 0.001 seconds
[0m02:11:20.069423 [debug] [Thread-1 (]: Applying DROP to: "airflow"."driven_trusted"."technical_data__dbt_backup"
[0m02:11:20.070383 [debug] [Thread-1 (]: Using postgres connection "model.dbt_driven_data.trusted_technical_data"
[0m02:11:20.070926 [debug] [Thread-1 (]: On model.dbt_driven_data.trusted_technical_data: /* {"app": "dbt", "dbt_version": "1.8.0", "profile_name": "default", "target_name": "dev", "node_id": "model.dbt_driven_data.trusted_technical_data"} */
drop table if exists "airflow"."driven_trusted"."technical_data__dbt_backup" cascade
[0m02:11:20.071644 [debug] [Thread-1 (]: SQL status: DROP TABLE in 0.000 seconds
[0m02:11:20.073067 [debug] [Thread-1 (]: On model.dbt_driven_data.trusted_technical_data: Close
[0m02:11:20.073924 [debug] [Thread-1 (]: Sending event: {'category': 'dbt', 'action': 'run_model', 'label': 'ce3f4327-e3b7-485d-8cb1-156e185a091c', 'context': [<snowplow_tracker.self_describing_json.SelfDescribingJson object at 0x74f9ee60ac30>]}
[0m02:11:20.074675 [info ] [Thread-1 (]: 4 of 4 OK created sql table model driven_trusted.technical_data ................ [[32mSELECT 605[0m in 0.06s]
[0m02:11:20.075700 [debug] [Thread-1 (]: Finished running node model.dbt_driven_data.trusted_technical_data
[0m02:11:20.077485 [debug] [MainThread]: Using postgres connection "master"
[0m02:11:20.078059 [debug] [MainThread]: On master: BEGIN
[0m02:11:20.078552 [debug] [MainThread]: Opening a new connection, currently in state closed
[0m02:11:20.082015 [debug] [MainThread]: SQL status: BEGIN in 0.003 seconds
[0m02:11:20.082652 [debug] [MainThread]: On master: COMMIT
[0m02:11:20.083144 [debug] [MainThread]: Using postgres connection "master"
[0m02:11:20.083607 [debug] [MainThread]: On master: COMMIT
[0m02:11:20.084451 [debug] [MainThread]: SQL status: COMMIT in 0.000 seconds
[0m02:11:20.084989 [debug] [MainThread]: On master: Close
[0m02:11:20.085590 [debug] [MainThread]: Connection 'master' was properly closed.
[0m02:11:20.086077 [debug] [MainThread]: Connection 'model.dbt_driven_data.trusted_technical_data' was properly closed.
[0m02:11:20.086637 [info ] [MainThread]: 
[0m02:11:20.087192 [info ] [MainThread]: Finished running 4 table models in 0 hours 0 minutes and 0.46 seconds (0.46s).
[0m02:11:20.088402 [debug] [MainThread]: Command end result
[0m02:11:20.134666 [info ] [MainThread]: 
[0m02:11:20.135433 [info ] [MainThread]: [32mCompleted successfully[0m
[0m02:11:20.136035 [info ] [MainThread]: 
[0m02:11:20.136601 [info ] [MainThread]: Done. PASS=4 WARN=0 ERROR=0 SKIP=0 TOTAL=4
[0m02:11:20.137786 [debug] [MainThread]: Resource report: {"command_name": "run", "command_success": true, "command_wall_clock_time": 1.3237934, "process_user_time": 2.354106, "process_kernel_time": 0.2793, "process_mem_max_rss": "119248", "process_in_blocks": "672", "process_out_blocks": "0"}
[0m02:11:20.138752 [debug] [MainThread]: Command `dbt run` succeeded at 02:11:20.138624 after 1.32 seconds
[0m02:11:20.139416 [debug] [MainThread]: Sending event: {'category': 'dbt', 'action': 'invocation', 'label': 'end', 'context': [<snowplow_tracker.self_describing_json.SelfDescribingJson object at 0x74f9f184ae10>, <snowplow_tracker.self_describing_json.SelfDescribingJson object at 0x74f9f1350b00>, <snowplow_tracker.self_describing_json.SelfDescribingJson object at 0x74f9ee604aa0>]}
[0m02:11:20.140018 [debug] [MainThread]: Flushing usage events
[0m02:11:21.674487 [debug] [MainThread]: Sending event: {'category': 'dbt', 'action': 'invocation', 'label': 'start', 'context': [<snowplow_tracker.self_describing_json.SelfDescribingJson object at 0x7b2b5c16a240>, <snowplow_tracker.self_describing_json.SelfDescribingJson object at 0x7b2b5e24dee0>, <snowplow_tracker.self_describing_json.SelfDescribingJson object at 0x7b2b5e188a70>]}


============================== 02:11:21.679829 | 762e41de-e621-4c29-a849-8b9298bad9fb ==============================
[0m02:11:21.679829 [info ] [MainThread]: Running with dbt=1.8.0
[0m02:11:21.680588 [debug] [MainThread]: running dbt with arguments {'printer_width': '80', 'indirect_selection': 'eager', 'log_cache_events': 'False', 'write_json': 'True', 'partial_parse': 'True', 'cache_selected_only': 'False', 'profiles_dir': '/opt/airflow/dbt', 'debug': 'False', 'warn_error': 'None', 'log_path': '/opt/airflow/dbt/logs', 'version_check': 'True', 'fail_fast': 'False', 'use_colors': 'True', 'use_experimental_parser': 'False', 'no_print': 'None', 'quiet': 'False', 'warn_error_options': 'WarnErrorOptions(include=[], exclude=[])', 'introspect': 'True', 'log_format': 'default', 'static_parser': 'True', 'target_path': 'None', 'invocation_command': 'dbt run --select tag:staging', 'send_anonymous_usage_stats': 'True'}
[0m02:11:21.848505 [debug] [MainThread]: Sending event: {'category': 'dbt', 'action': 'project_id', 'label': '762e41de-e621-4c29-a849-8b9298bad9fb', 'context': [<snowplow_tracker.self_describing_json.SelfDescribingJson object at 0x7b2b5b955280>]}
[0m02:11:21.899675 [debug] [MainThread]: Sending event: {'category': 'dbt', 'action': 'adapter_info', 'label': '762e41de-e621-4c29-a849-8b9298bad9fb', 'context': [<snowplow_tracker.self_describing_json.SelfDescribingJson object at 0x7b2b5b58a990>]}
[0m02:11:21.900863 [info ] [MainThread]: Registered adapter: postgres=1.8.2
[0m02:11:21.969040 [debug] [MainThread]: checksum: dbb12d416fdb55e3665e4828703bbedf40c5c90ed7ca6ff39bbbfb29b12b0a92, vars: {}, profile: , target: , version: 1.8.0
[0m02:11:22.179705 [debug] [MainThread]: Partial parsing enabled: 0 files deleted, 0 files added, 0 files changed.
[0m02:11:22.180366 [debug] [MainThread]: Partial parsing enabled, no changes found, skipping parsing
[0m02:11:22.208741 [debug] [MainThread]: Sending event: {'category': 'dbt', 'action': 'load_project', 'label': '762e41de-e621-4c29-a849-8b9298bad9fb', 'context': [<snowplow_tracker.self_describing_json.SelfDescribingJson object at 0x7b2b5a930b00>]}
[0m02:11:22.341798 [debug] [MainThread]: Sending event: {'category': 'dbt', 'action': 'resource_counts', 'label': '762e41de-e621-4c29-a849-8b9298bad9fb', 'context': [<snowplow_tracker.self_describing_json.SelfDescribingJson object at 0x7b2b5a5e92e0>]}
[0m02:11:22.345553 [info ] [MainThread]: Found 9 models, 10 sources, 428 macros
[0m02:11:22.347889 [debug] [MainThread]: Sending event: {'category': 'dbt', 'action': 'runnable_timing', 'label': '762e41de-e621-4c29-a849-8b9298bad9fb', 'context': [<snowplow_tracker.self_describing_json.SelfDescribingJson object at 0x7b2b5ad1c290>]}
[0m02:11:22.354542 [info ] [MainThread]: 
[0m02:11:22.356289 [debug] [MainThread]: Acquiring new postgres connection 'master'
[0m02:11:22.365776 [debug] [ThreadPool]: Acquiring new postgres connection 'list_airflow'
[0m02:11:22.399612 [debug] [ThreadPool]: Using postgres connection "list_airflow"
[0m02:11:22.400821 [debug] [ThreadPool]: On list_airflow: /* {"app": "dbt", "dbt_version": "1.8.0", "profile_name": "default", "target_name": "dev", "connection_name": "list_airflow"} */

    select distinct nspname from pg_namespace
  
[0m02:11:22.401887 [debug] [ThreadPool]: Opening a new connection, currently in state init
[0m02:11:22.407344 [debug] [ThreadPool]: SQL status: SELECT 7 in 0.005 seconds
[0m02:11:22.408757 [debug] [ThreadPool]: On list_airflow: Close
[0m02:11:22.410686 [debug] [ThreadPool]: Re-using an available connection from the pool (formerly list_airflow, now list_airflow_driven_trusted)
[0m02:11:22.415948 [debug] [ThreadPool]: Using postgres connection "list_airflow_driven_trusted"
[0m02:11:22.416704 [debug] [ThreadPool]: On list_airflow_driven_trusted: BEGIN
[0m02:11:22.417283 [debug] [ThreadPool]: Opening a new connection, currently in state closed
[0m02:11:22.421007 [debug] [ThreadPool]: SQL status: BEGIN in 0.004 seconds
[0m02:11:22.421512 [debug] [ThreadPool]: Using postgres connection "list_airflow_driven_trusted"
[0m02:11:22.422107 [debug] [ThreadPool]: On list_airflow_driven_trusted: /* {"app": "dbt", "dbt_version": "1.8.0", "profile_name": "default", "target_name": "dev", "connection_name": "list_airflow_driven_trusted"} */
select
      'airflow' as database,
      tablename as name,
      schemaname as schema,
      'table' as type
    from pg_tables
    where schemaname ilike 'driven_trusted'
    union all
    select
      'airflow' as database,
      viewname as name,
      schemaname as schema,
      'view' as type
    from pg_views
    where schemaname ilike 'driven_trusted'
    union all
    select
      'airflow' as database,
      matviewname as name,
      schemaname as schema,
      'materialized_view' as type
    from pg_matviews
    where schemaname ilike 'driven_trusted'
  
[0m02:11:22.424717 [debug] [ThreadPool]: SQL status: SELECT 4 in 0.002 seconds
[0m02:11:22.426122 [debug] [ThreadPool]: On list_airflow_driven_trusted: ROLLBACK
[0m02:11:22.426952 [debug] [ThreadPool]: On list_airflow_driven_trusted: Close
[0m02:11:22.427733 [debug] [ThreadPool]: Re-using an available connection from the pool (formerly list_airflow_driven_trusted, now list_airflow_driven_staging)
[0m02:11:22.429793 [debug] [ThreadPool]: Using postgres connection "list_airflow_driven_staging"
[0m02:11:22.430527 [debug] [ThreadPool]: On list_airflow_driven_staging: BEGIN
[0m02:11:22.431127 [debug] [ThreadPool]: Opening a new connection, currently in state closed
[0m02:11:22.435046 [debug] [ThreadPool]: SQL status: BEGIN in 0.004 seconds
[0m02:11:22.435679 [debug] [ThreadPool]: Using postgres connection "list_airflow_driven_staging"
[0m02:11:22.436301 [debug] [ThreadPool]: On list_airflow_driven_staging: /* {"app": "dbt", "dbt_version": "1.8.0", "profile_name": "default", "target_name": "dev", "connection_name": "list_airflow_driven_staging"} */
select
      'airflow' as database,
      tablename as name,
      schemaname as schema,
      'table' as type
    from pg_tables
    where schemaname ilike 'driven_staging'
    union all
    select
      'airflow' as database,
      viewname as name,
      schemaname as schema,
      'view' as type
    from pg_views
    where schemaname ilike 'driven_staging'
    union all
    select
      'airflow' as database,
      matviewname as name,
      schemaname as schema,
      'materialized_view' as type
    from pg_matviews
    where schemaname ilike 'driven_staging'
  
[0m02:11:22.439985 [debug] [ThreadPool]: SQL status: SELECT 5 in 0.003 seconds
[0m02:11:22.441463 [debug] [ThreadPool]: On list_airflow_driven_staging: ROLLBACK
[0m02:11:22.442130 [debug] [ThreadPool]: On list_airflow_driven_staging: Close
[0m02:11:22.447218 [debug] [MainThread]: Using postgres connection "master"
[0m02:11:22.448522 [debug] [MainThread]: On master: BEGIN
[0m02:11:22.449279 [debug] [MainThread]: Opening a new connection, currently in state init
[0m02:11:22.453824 [debug] [MainThread]: SQL status: BEGIN in 0.005 seconds
[0m02:11:22.454517 [debug] [MainThread]: Using postgres connection "master"
[0m02:11:22.455245 [debug] [MainThread]: On master: /* {"app": "dbt", "dbt_version": "1.8.0", "profile_name": "default", "target_name": "dev", "connection_name": "master"} */
with relation as (
        select
            pg_rewrite.ev_class as class,
            pg_rewrite.oid as id
        from pg_rewrite
    ),
    class as (
        select
            oid as id,
            relname as name,
            relnamespace as schema,
            relkind as kind
        from pg_class
    ),
    dependency as (
        select distinct
            pg_depend.objid as id,
            pg_depend.refobjid as ref
        from pg_depend
    ),
    schema as (
        select
            pg_namespace.oid as id,
            pg_namespace.nspname as name
        from pg_namespace
        where nspname != 'information_schema' and nspname not like 'pg\_%'
    ),
    referenced as (
        select
            relation.id AS id,
            referenced_class.name ,
            referenced_class.schema ,
            referenced_class.kind
        from relation
        join class as referenced_class on relation.class=referenced_class.id
        where referenced_class.kind in ('r', 'v', 'm')
    ),
    relationships as (
        select
            referenced.name as referenced_name,
            referenced.schema as referenced_schema_id,
            dependent_class.name as dependent_name,
            dependent_class.schema as dependent_schema_id,
            referenced.kind as kind
        from referenced
        join dependency on referenced.id=dependency.id
        join class as dependent_class on dependency.ref=dependent_class.id
        where
            (referenced.name != dependent_class.name or
             referenced.schema != dependent_class.schema)
    )

    select
        referenced_schema.name as referenced_schema,
        relationships.referenced_name as referenced_name,
        dependent_schema.name as dependent_schema,
        relationships.dependent_name as dependent_name
    from relationships
    join schema as dependent_schema on relationships.dependent_schema_id=dependent_schema.id
    join schema as referenced_schema on relationships.referenced_schema_id=referenced_schema.id
    group by referenced_schema, referenced_name, dependent_schema, dependent_name
    order by referenced_schema, referenced_name, dependent_schema, dependent_name;
[0m02:11:22.458210 [debug] [MainThread]: SQL status: SELECT 0 in 0.002 seconds
[0m02:11:22.460172 [debug] [MainThread]: Sending event: {'category': 'dbt', 'action': 'runnable_timing', 'label': '762e41de-e621-4c29-a849-8b9298bad9fb', 'context': [<snowplow_tracker.self_describing_json.SelfDescribingJson object at 0x7b2b5b5671a0>]}
[0m02:11:22.460870 [debug] [MainThread]: On master: ROLLBACK
[0m02:11:22.461596 [debug] [MainThread]: Using postgres connection "master"
[0m02:11:22.462199 [debug] [MainThread]: On master: BEGIN
[0m02:11:22.463175 [debug] [MainThread]: SQL status: BEGIN in 0.000 seconds
[0m02:11:22.463905 [debug] [MainThread]: On master: COMMIT
[0m02:11:22.464839 [debug] [MainThread]: Using postgres connection "master"
[0m02:11:22.465429 [debug] [MainThread]: On master: COMMIT
[0m02:11:22.466224 [debug] [MainThread]: SQL status: COMMIT in 0.000 seconds
[0m02:11:22.466851 [debug] [MainThread]: On master: Close
[0m02:11:22.467626 [info ] [MainThread]: Concurrency: 1 threads (target='dev')
[0m02:11:22.468287 [info ] [MainThread]: 
[0m02:11:22.476084 [debug] [Thread-1 (]: Began running node model.dbt_driven_data.staging_dim_address
[0m02:11:22.476859 [info ] [Thread-1 (]: 1 of 5 START sql table model driven_staging.dim_address ........................ [RUN]
[0m02:11:22.477580 [debug] [Thread-1 (]: Re-using an available connection from the pool (formerly list_airflow_driven_staging, now model.dbt_driven_data.staging_dim_address)
[0m02:11:22.478130 [debug] [Thread-1 (]: Began compiling node model.dbt_driven_data.staging_dim_address
[0m02:11:22.485019 [debug] [Thread-1 (]: Writing injected SQL for node "model.dbt_driven_data.staging_dim_address"
[0m02:11:22.490909 [debug] [Thread-1 (]: Began executing node model.dbt_driven_data.staging_dim_address
[0m02:11:22.522625 [debug] [Thread-1 (]: Writing runtime sql for node "model.dbt_driven_data.staging_dim_address"
[0m02:11:22.530383 [debug] [Thread-1 (]: Using postgres connection "model.dbt_driven_data.staging_dim_address"
[0m02:11:22.531338 [debug] [Thread-1 (]: On model.dbt_driven_data.staging_dim_address: BEGIN
[0m02:11:22.532006 [debug] [Thread-1 (]: Opening a new connection, currently in state closed
[0m02:11:22.536098 [debug] [Thread-1 (]: SQL status: BEGIN in 0.004 seconds
[0m02:11:22.536590 [debug] [Thread-1 (]: Using postgres connection "model.dbt_driven_data.staging_dim_address"
[0m02:11:22.537078 [debug] [Thread-1 (]: On model.dbt_driven_data.staging_dim_address: /* {"app": "dbt", "dbt_version": "1.8.0", "profile_name": "default", "target_name": "dev", "node_id": "model.dbt_driven_data.staging_dim_address"} */

  
    

  create  table "airflow"."driven_staging"."dim_address__dbt_tmp"
  
  
    as
  
  (
    

WITH source_data AS (
    SELECT
        unique_id,
        address,
        mac_address,
        ip_address
    FROM "airflow"."driven_raw"."raw_batch_data"
)

SELECT * FROM source_data
  );
  
[0m02:11:22.539840 [debug] [Thread-1 (]: SQL status: SELECT 1285 in 0.002 seconds
[0m02:11:22.545099 [debug] [Thread-1 (]: Using postgres connection "model.dbt_driven_data.staging_dim_address"
[0m02:11:22.545789 [debug] [Thread-1 (]: On model.dbt_driven_data.staging_dim_address: /* {"app": "dbt", "dbt_version": "1.8.0", "profile_name": "default", "target_name": "dev", "node_id": "model.dbt_driven_data.staging_dim_address"} */
alter table "airflow"."driven_staging"."dim_address" rename to "dim_address__dbt_backup"
[0m02:11:22.546649 [debug] [Thread-1 (]: SQL status: ALTER TABLE in 0.000 seconds
[0m02:11:22.549842 [debug] [Thread-1 (]: Using postgres connection "model.dbt_driven_data.staging_dim_address"
[0m02:11:22.550619 [debug] [Thread-1 (]: On model.dbt_driven_data.staging_dim_address: /* {"app": "dbt", "dbt_version": "1.8.0", "profile_name": "default", "target_name": "dev", "node_id": "model.dbt_driven_data.staging_dim_address"} */
alter table "airflow"."driven_staging"."dim_address__dbt_tmp" rename to "dim_address"
[0m02:11:22.551642 [debug] [Thread-1 (]: SQL status: ALTER TABLE in 0.000 seconds
[0m02:11:22.567386 [debug] [Thread-1 (]: On model.dbt_driven_data.staging_dim_address: COMMIT
[0m02:11:22.568238 [debug] [Thread-1 (]: Using postgres connection "model.dbt_driven_data.staging_dim_address"
[0m02:11:22.568928 [debug] [Thread-1 (]: On model.dbt_driven_data.staging_dim_address: COMMIT
[0m02:11:22.573542 [debug] [Thread-1 (]: SQL status: COMMIT in 0.004 seconds
[0m02:11:22.579200 [debug] [Thread-1 (]: Applying DROP to: "airflow"."driven_staging"."dim_address__dbt_backup"
[0m02:11:22.584495 [debug] [Thread-1 (]: Using postgres connection "model.dbt_driven_data.staging_dim_address"
[0m02:11:22.585296 [debug] [Thread-1 (]: On model.dbt_driven_data.staging_dim_address: /* {"app": "dbt", "dbt_version": "1.8.0", "profile_name": "default", "target_name": "dev", "node_id": "model.dbt_driven_data.staging_dim_address"} */
drop table if exists "airflow"."driven_staging"."dim_address__dbt_backup" cascade
[0m02:11:22.589259 [debug] [Thread-1 (]: SQL status: DROP TABLE in 0.003 seconds
[0m02:11:22.593620 [debug] [Thread-1 (]: On model.dbt_driven_data.staging_dim_address: Close
[0m02:11:22.595397 [debug] [Thread-1 (]: Sending event: {'category': 'dbt', 'action': 'run_model', 'label': '762e41de-e621-4c29-a849-8b9298bad9fb', 'context': [<snowplow_tracker.self_describing_json.SelfDescribingJson object at 0x7b2b5ce81e50>]}
[0m02:11:22.596371 [info ] [Thread-1 (]: 1 of 5 OK created sql table model driven_staging.dim_address ................... [[32mSELECT 1285[0m in 0.12s]
[0m02:11:22.597555 [debug] [Thread-1 (]: Finished running node model.dbt_driven_data.staging_dim_address
[0m02:11:22.598645 [debug] [Thread-1 (]: Began running node model.dbt_driven_data.staging_dim_date
[0m02:11:22.599532 [info ] [Thread-1 (]: 2 of 5 START sql table model driven_staging.dim_date ........................... [RUN]
[0m02:11:22.600391 [debug] [Thread-1 (]: Re-using an available connection from the pool (formerly model.dbt_driven_data.staging_dim_address, now model.dbt_driven_data.staging_dim_date)
[0m02:11:22.601012 [debug] [Thread-1 (]: Began compiling node model.dbt_driven_data.staging_dim_date
[0m02:11:22.604027 [debug] [Thread-1 (]: Writing injected SQL for node "model.dbt_driven_data.staging_dim_date"
[0m02:11:22.609620 [debug] [Thread-1 (]: Began executing node model.dbt_driven_data.staging_dim_date
[0m02:11:22.612706 [debug] [Thread-1 (]: Writing runtime sql for node "model.dbt_driven_data.staging_dim_date"
[0m02:11:22.618314 [debug] [Thread-1 (]: Using postgres connection "model.dbt_driven_data.staging_dim_date"
[0m02:11:22.618899 [debug] [Thread-1 (]: On model.dbt_driven_data.staging_dim_date: BEGIN
[0m02:11:22.619456 [debug] [Thread-1 (]: Opening a new connection, currently in state closed
[0m02:11:22.623238 [debug] [Thread-1 (]: SQL status: BEGIN in 0.004 seconds
[0m02:11:22.624029 [debug] [Thread-1 (]: Using postgres connection "model.dbt_driven_data.staging_dim_date"
[0m02:11:22.624718 [debug] [Thread-1 (]: On model.dbt_driven_data.staging_dim_date: /* {"app": "dbt", "dbt_version": "1.8.0", "profile_name": "default", "target_name": "dev", "node_id": "model.dbt_driven_data.staging_dim_date"} */

  
    

  create  table "airflow"."driven_staging"."dim_date__dbt_tmp"
  
  
    as
  
  (
    

WITH source_data AS (
    SELECT
        unique_id,
        accessed_at
    FROM "airflow"."driven_raw"."raw_batch_data"
)

SELECT * FROM source_data
  );
  
[0m02:11:22.627114 [debug] [Thread-1 (]: SQL status: SELECT 1285 in 0.002 seconds
[0m02:11:22.629821 [debug] [Thread-1 (]: Using postgres connection "model.dbt_driven_data.staging_dim_date"
[0m02:11:22.630425 [debug] [Thread-1 (]: On model.dbt_driven_data.staging_dim_date: /* {"app": "dbt", "dbt_version": "1.8.0", "profile_name": "default", "target_name": "dev", "node_id": "model.dbt_driven_data.staging_dim_date"} */
alter table "airflow"."driven_staging"."dim_date" rename to "dim_date__dbt_backup"
[0m02:11:22.631399 [debug] [Thread-1 (]: SQL status: ALTER TABLE in 0.000 seconds
[0m02:11:22.634225 [debug] [Thread-1 (]: Using postgres connection "model.dbt_driven_data.staging_dim_date"
[0m02:11:22.634940 [debug] [Thread-1 (]: On model.dbt_driven_data.staging_dim_date: /* {"app": "dbt", "dbt_version": "1.8.0", "profile_name": "default", "target_name": "dev", "node_id": "model.dbt_driven_data.staging_dim_date"} */
alter table "airflow"."driven_staging"."dim_date__dbt_tmp" rename to "dim_date"
[0m02:11:22.635887 [debug] [Thread-1 (]: SQL status: ALTER TABLE in 0.000 seconds
[0m02:11:22.637604 [debug] [Thread-1 (]: On model.dbt_driven_data.staging_dim_date: COMMIT
[0m02:11:22.638314 [debug] [Thread-1 (]: Using postgres connection "model.dbt_driven_data.staging_dim_date"
[0m02:11:22.638988 [debug] [Thread-1 (]: On model.dbt_driven_data.staging_dim_date: COMMIT
[0m02:11:22.642036 [debug] [Thread-1 (]: SQL status: COMMIT in 0.002 seconds
[0m02:11:22.644494 [debug] [Thread-1 (]: Applying DROP to: "airflow"."driven_staging"."dim_date__dbt_backup"
[0m02:11:22.645524 [debug] [Thread-1 (]: Using postgres connection "model.dbt_driven_data.staging_dim_date"
[0m02:11:22.646167 [debug] [Thread-1 (]: On model.dbt_driven_data.staging_dim_date: /* {"app": "dbt", "dbt_version": "1.8.0", "profile_name": "default", "target_name": "dev", "node_id": "model.dbt_driven_data.staging_dim_date"} */
drop table if exists "airflow"."driven_staging"."dim_date__dbt_backup" cascade
[0m02:11:22.648842 [debug] [Thread-1 (]: SQL status: DROP TABLE in 0.002 seconds
[0m02:11:22.650542 [debug] [Thread-1 (]: On model.dbt_driven_data.staging_dim_date: Close
[0m02:11:22.651434 [debug] [Thread-1 (]: Sending event: {'category': 'dbt', 'action': 'run_model', 'label': '762e41de-e621-4c29-a849-8b9298bad9fb', 'context': [<snowplow_tracker.self_describing_json.SelfDescribingJson object at 0x7b2b5892bc50>]}
[0m02:11:22.652281 [info ] [Thread-1 (]: 2 of 5 OK created sql table model driven_staging.dim_date ...................... [[32mSELECT 1285[0m in 0.05s]
[0m02:11:22.653106 [debug] [Thread-1 (]: Finished running node model.dbt_driven_data.staging_dim_date
[0m02:11:22.653788 [debug] [Thread-1 (]: Began running node model.dbt_driven_data.staging_dim_finance
[0m02:11:22.654659 [info ] [Thread-1 (]: 3 of 5 START sql table model driven_staging.dim_finance ........................ [RUN]
[0m02:11:22.655338 [debug] [Thread-1 (]: Re-using an available connection from the pool (formerly model.dbt_driven_data.staging_dim_date, now model.dbt_driven_data.staging_dim_finance)
[0m02:11:22.655983 [debug] [Thread-1 (]: Began compiling node model.dbt_driven_data.staging_dim_finance
[0m02:11:22.658574 [debug] [Thread-1 (]: Writing injected SQL for node "model.dbt_driven_data.staging_dim_finance"
[0m02:11:22.664319 [debug] [Thread-1 (]: Began executing node model.dbt_driven_data.staging_dim_finance
[0m02:11:22.669263 [debug] [Thread-1 (]: Writing runtime sql for node "model.dbt_driven_data.staging_dim_finance"
[0m02:11:22.673742 [debug] [Thread-1 (]: Using postgres connection "model.dbt_driven_data.staging_dim_finance"
[0m02:11:22.674488 [debug] [Thread-1 (]: On model.dbt_driven_data.staging_dim_finance: BEGIN
[0m02:11:22.675091 [debug] [Thread-1 (]: Opening a new connection, currently in state closed
[0m02:11:22.678731 [debug] [Thread-1 (]: SQL status: BEGIN in 0.004 seconds
[0m02:11:22.679301 [debug] [Thread-1 (]: Using postgres connection "model.dbt_driven_data.staging_dim_finance"
[0m02:11:22.679935 [debug] [Thread-1 (]: On model.dbt_driven_data.staging_dim_finance: /* {"app": "dbt", "dbt_version": "1.8.0", "profile_name": "default", "target_name": "dev", "node_id": "model.dbt_driven_data.staging_dim_finance"} */

  
    

  create  table "airflow"."driven_staging"."dim_finance__dbt_tmp"
  
  
    as
  
  (
    

WITH source_data AS (
    SELECT
        unique_id,
        iban
    FROM "airflow"."driven_raw"."raw_batch_data"
)

SELECT * FROM source_data
  );
  
[0m02:11:22.684314 [debug] [Thread-1 (]: SQL status: SELECT 1285 in 0.004 seconds
[0m02:11:22.686945 [debug] [Thread-1 (]: Using postgres connection "model.dbt_driven_data.staging_dim_finance"
[0m02:11:22.687548 [debug] [Thread-1 (]: On model.dbt_driven_data.staging_dim_finance: /* {"app": "dbt", "dbt_version": "1.8.0", "profile_name": "default", "target_name": "dev", "node_id": "model.dbt_driven_data.staging_dim_finance"} */
alter table "airflow"."driven_staging"."dim_finance" rename to "dim_finance__dbt_backup"
[0m02:11:22.688357 [debug] [Thread-1 (]: SQL status: ALTER TABLE in 0.000 seconds
[0m02:11:22.690668 [debug] [Thread-1 (]: Using postgres connection "model.dbt_driven_data.staging_dim_finance"
[0m02:11:22.691199 [debug] [Thread-1 (]: On model.dbt_driven_data.staging_dim_finance: /* {"app": "dbt", "dbt_version": "1.8.0", "profile_name": "default", "target_name": "dev", "node_id": "model.dbt_driven_data.staging_dim_finance"} */
alter table "airflow"."driven_staging"."dim_finance__dbt_tmp" rename to "dim_finance"
[0m02:11:22.691931 [debug] [Thread-1 (]: SQL status: ALTER TABLE in 0.000 seconds
[0m02:11:22.693598 [debug] [Thread-1 (]: On model.dbt_driven_data.staging_dim_finance: COMMIT
[0m02:11:22.694160 [debug] [Thread-1 (]: Using postgres connection "model.dbt_driven_data.staging_dim_finance"
[0m02:11:22.694685 [debug] [Thread-1 (]: On model.dbt_driven_data.staging_dim_finance: COMMIT
[0m02:11:22.697929 [debug] [Thread-1 (]: SQL status: COMMIT in 0.003 seconds
[0m02:11:22.700212 [debug] [Thread-1 (]: Applying DROP to: "airflow"."driven_staging"."dim_finance__dbt_backup"
[0m02:11:22.701227 [debug] [Thread-1 (]: Using postgres connection "model.dbt_driven_data.staging_dim_finance"
[0m02:11:22.701798 [debug] [Thread-1 (]: On model.dbt_driven_data.staging_dim_finance: /* {"app": "dbt", "dbt_version": "1.8.0", "profile_name": "default", "target_name": "dev", "node_id": "model.dbt_driven_data.staging_dim_finance"} */
drop table if exists "airflow"."driven_staging"."dim_finance__dbt_backup" cascade
[0m02:11:22.704242 [debug] [Thread-1 (]: SQL status: DROP TABLE in 0.002 seconds
[0m02:11:22.705556 [debug] [Thread-1 (]: On model.dbt_driven_data.staging_dim_finance: Close
[0m02:11:22.706335 [debug] [Thread-1 (]: Sending event: {'category': 'dbt', 'action': 'run_model', 'label': '762e41de-e621-4c29-a849-8b9298bad9fb', 'context': [<snowplow_tracker.self_describing_json.SelfDescribingJson object at 0x7b2b588e87d0>]}
[0m02:11:22.707130 [info ] [Thread-1 (]: 3 of 5 OK created sql table model driven_staging.dim_finance ................... [[32mSELECT 1285[0m in 0.05s]
[0m02:11:22.707899 [debug] [Thread-1 (]: Finished running node model.dbt_driven_data.staging_dim_finance
[0m02:11:22.708461 [debug] [Thread-1 (]: Began running node model.dbt_driven_data.staging_dim_person
[0m02:11:22.709093 [info ] [Thread-1 (]: 4 of 5 START sql table model driven_staging.dim_person ......................... [RUN]
[0m02:11:22.709626 [debug] [Thread-1 (]: Re-using an available connection from the pool (formerly model.dbt_driven_data.staging_dim_finance, now model.dbt_driven_data.staging_dim_person)
[0m02:11:22.710092 [debug] [Thread-1 (]: Began compiling node model.dbt_driven_data.staging_dim_person
[0m02:11:22.712916 [debug] [Thread-1 (]: Writing injected SQL for node "model.dbt_driven_data.staging_dim_person"
[0m02:11:22.718403 [debug] [Thread-1 (]: Began executing node model.dbt_driven_data.staging_dim_person
[0m02:11:22.721974 [debug] [Thread-1 (]: Writing runtime sql for node "model.dbt_driven_data.staging_dim_person"
[0m02:11:22.727183 [debug] [Thread-1 (]: Using postgres connection "model.dbt_driven_data.staging_dim_person"
[0m02:11:22.727717 [debug] [Thread-1 (]: On model.dbt_driven_data.staging_dim_person: BEGIN
[0m02:11:22.728246 [debug] [Thread-1 (]: Opening a new connection, currently in state closed
[0m02:11:22.732479 [debug] [Thread-1 (]: SQL status: BEGIN in 0.004 seconds
[0m02:11:22.733159 [debug] [Thread-1 (]: Using postgres connection "model.dbt_driven_data.staging_dim_person"
[0m02:11:22.733746 [debug] [Thread-1 (]: On model.dbt_driven_data.staging_dim_person: /* {"app": "dbt", "dbt_version": "1.8.0", "profile_name": "default", "target_name": "dev", "node_id": "model.dbt_driven_data.staging_dim_person"} */

  
    

  create  table "airflow"."driven_staging"."dim_person__dbt_tmp"
  
  
    as
  
  (
    

WITH source_data AS (
    SELECT
        unique_id,
        person_name,
        user_name,
        email,
        phone,
        birth_date,
        personal_number
    FROM "airflow"."driven_raw"."raw_batch_data"
)

SELECT * FROM source_data
  );
  
[0m02:11:22.740712 [debug] [Thread-1 (]: SQL status: SELECT 1285 in 0.006 seconds
[0m02:11:22.743656 [debug] [Thread-1 (]: Using postgres connection "model.dbt_driven_data.staging_dim_person"
[0m02:11:22.744407 [debug] [Thread-1 (]: On model.dbt_driven_data.staging_dim_person: /* {"app": "dbt", "dbt_version": "1.8.0", "profile_name": "default", "target_name": "dev", "node_id": "model.dbt_driven_data.staging_dim_person"} */
alter table "airflow"."driven_staging"."dim_person" rename to "dim_person__dbt_backup"
[0m02:11:22.745471 [debug] [Thread-1 (]: SQL status: ALTER TABLE in 0.000 seconds
[0m02:11:22.747905 [debug] [Thread-1 (]: Using postgres connection "model.dbt_driven_data.staging_dim_person"
[0m02:11:22.748488 [debug] [Thread-1 (]: On model.dbt_driven_data.staging_dim_person: /* {"app": "dbt", "dbt_version": "1.8.0", "profile_name": "default", "target_name": "dev", "node_id": "model.dbt_driven_data.staging_dim_person"} */
alter table "airflow"."driven_staging"."dim_person__dbt_tmp" rename to "dim_person"
[0m02:11:22.749476 [debug] [Thread-1 (]: SQL status: ALTER TABLE in 0.000 seconds
[0m02:11:22.751081 [debug] [Thread-1 (]: On model.dbt_driven_data.staging_dim_person: COMMIT
[0m02:11:22.751593 [debug] [Thread-1 (]: Using postgres connection "model.dbt_driven_data.staging_dim_person"
[0m02:11:22.752106 [debug] [Thread-1 (]: On model.dbt_driven_data.staging_dim_person: COMMIT
[0m02:11:22.754653 [debug] [Thread-1 (]: SQL status: COMMIT in 0.002 seconds
[0m02:11:22.756781 [debug] [Thread-1 (]: Applying DROP to: "airflow"."driven_staging"."dim_person__dbt_backup"
[0m02:11:22.757661 [debug] [Thread-1 (]: Using postgres connection "model.dbt_driven_data.staging_dim_person"
[0m02:11:22.758231 [debug] [Thread-1 (]: On model.dbt_driven_data.staging_dim_person: /* {"app": "dbt", "dbt_version": "1.8.0", "profile_name": "default", "target_name": "dev", "node_id": "model.dbt_driven_data.staging_dim_person"} */
drop table if exists "airflow"."driven_staging"."dim_person__dbt_backup" cascade
[0m02:11:22.762521 [debug] [Thread-1 (]: SQL status: DROP TABLE in 0.002 seconds
[0m02:11:22.765645 [debug] [Thread-1 (]: On model.dbt_driven_data.staging_dim_person: Close
[0m02:11:22.766581 [debug] [Thread-1 (]: Sending event: {'category': 'dbt', 'action': 'run_model', 'label': '762e41de-e621-4c29-a849-8b9298bad9fb', 'context': [<snowplow_tracker.self_describing_json.SelfDescribingJson object at 0x7b2b589abc20>]}
[0m02:11:22.767451 [info ] [Thread-1 (]: 4 of 5 OK created sql table model driven_staging.dim_person .................... [[32mSELECT 1285[0m in 0.06s]
[0m02:11:22.768208 [debug] [Thread-1 (]: Finished running node model.dbt_driven_data.staging_dim_person
[0m02:11:22.768726 [debug] [Thread-1 (]: Began running node model.dbt_driven_data.staging_fact_network_usage
[0m02:11:22.769404 [info ] [Thread-1 (]: 5 of 5 START sql table model driven_staging.fact_network_usage ................. [RUN]
[0m02:11:22.770056 [debug] [Thread-1 (]: Re-using an available connection from the pool (formerly model.dbt_driven_data.staging_dim_person, now model.dbt_driven_data.staging_fact_network_usage)
[0m02:11:22.770578 [debug] [Thread-1 (]: Began compiling node model.dbt_driven_data.staging_fact_network_usage
[0m02:11:22.773397 [debug] [Thread-1 (]: Writing injected SQL for node "model.dbt_driven_data.staging_fact_network_usage"
[0m02:11:22.778621 [debug] [Thread-1 (]: Began executing node model.dbt_driven_data.staging_fact_network_usage
[0m02:11:22.781696 [debug] [Thread-1 (]: Writing runtime sql for node "model.dbt_driven_data.staging_fact_network_usage"
[0m02:11:22.786539 [debug] [Thread-1 (]: Using postgres connection "model.dbt_driven_data.staging_fact_network_usage"
[0m02:11:22.787116 [debug] [Thread-1 (]: On model.dbt_driven_data.staging_fact_network_usage: BEGIN
[0m02:11:22.787719 [debug] [Thread-1 (]: Opening a new connection, currently in state closed
[0m02:11:22.791339 [debug] [Thread-1 (]: SQL status: BEGIN in 0.004 seconds
[0m02:11:22.791822 [debug] [Thread-1 (]: Using postgres connection "model.dbt_driven_data.staging_fact_network_usage"
[0m02:11:22.792559 [debug] [Thread-1 (]: On model.dbt_driven_data.staging_fact_network_usage: /* {"app": "dbt", "dbt_version": "1.8.0", "profile_name": "default", "target_name": "dev", "node_id": "model.dbt_driven_data.staging_fact_network_usage"} */

  
    

  create  table "airflow"."driven_staging"."fact_network_usage__dbt_tmp"
  
  
    as
  
  (
    

WITH source_data AS (
    SELECT
        unique_id,
        session_duration,
        download_speed,
        upload_speed,
        consumed_traffic
    FROM "airflow"."driven_raw"."raw_batch_data"
)

SELECT * FROM source_data
  );
  
[0m02:11:22.794851 [debug] [Thread-1 (]: SQL status: SELECT 1285 in 0.002 seconds
[0m02:11:22.798996 [debug] [Thread-1 (]: Using postgres connection "model.dbt_driven_data.staging_fact_network_usage"
[0m02:11:22.799738 [debug] [Thread-1 (]: On model.dbt_driven_data.staging_fact_network_usage: /* {"app": "dbt", "dbt_version": "1.8.0", "profile_name": "default", "target_name": "dev", "node_id": "model.dbt_driven_data.staging_fact_network_usage"} */
alter table "airflow"."driven_staging"."fact_network_usage" rename to "fact_network_usage__dbt_backup"
[0m02:11:22.800768 [debug] [Thread-1 (]: SQL status: ALTER TABLE in 0.000 seconds
[0m02:11:22.803303 [debug] [Thread-1 (]: Using postgres connection "model.dbt_driven_data.staging_fact_network_usage"
[0m02:11:22.803918 [debug] [Thread-1 (]: On model.dbt_driven_data.staging_fact_network_usage: /* {"app": "dbt", "dbt_version": "1.8.0", "profile_name": "default", "target_name": "dev", "node_id": "model.dbt_driven_data.staging_fact_network_usage"} */
alter table "airflow"."driven_staging"."fact_network_usage__dbt_tmp" rename to "fact_network_usage"
[0m02:11:22.805398 [debug] [Thread-1 (]: SQL status: ALTER TABLE in 0.000 seconds
[0m02:11:22.807638 [debug] [Thread-1 (]: On model.dbt_driven_data.staging_fact_network_usage: COMMIT
[0m02:11:22.808212 [debug] [Thread-1 (]: Using postgres connection "model.dbt_driven_data.staging_fact_network_usage"
[0m02:11:22.808937 [debug] [Thread-1 (]: On model.dbt_driven_data.staging_fact_network_usage: COMMIT
[0m02:11:22.811555 [debug] [Thread-1 (]: SQL status: COMMIT in 0.002 seconds
[0m02:11:22.813827 [debug] [Thread-1 (]: Applying DROP to: "airflow"."driven_staging"."fact_network_usage__dbt_backup"
[0m02:11:22.815386 [debug] [Thread-1 (]: Using postgres connection "model.dbt_driven_data.staging_fact_network_usage"
[0m02:11:22.816152 [debug] [Thread-1 (]: On model.dbt_driven_data.staging_fact_network_usage: /* {"app": "dbt", "dbt_version": "1.8.0", "profile_name": "default", "target_name": "dev", "node_id": "model.dbt_driven_data.staging_fact_network_usage"} */
drop table if exists "airflow"."driven_staging"."fact_network_usage__dbt_backup" cascade
[0m02:11:22.818640 [debug] [Thread-1 (]: SQL status: DROP TABLE in 0.002 seconds
[0m02:11:22.820323 [debug] [Thread-1 (]: On model.dbt_driven_data.staging_fact_network_usage: Close
[0m02:11:22.821155 [debug] [Thread-1 (]: Sending event: {'category': 'dbt', 'action': 'run_model', 'label': '762e41de-e621-4c29-a849-8b9298bad9fb', 'context': [<snowplow_tracker.self_describing_json.SelfDescribingJson object at 0x7b2b5899c0e0>]}
[0m02:11:22.821926 [info ] [Thread-1 (]: 5 of 5 OK created sql table model driven_staging.fact_network_usage ............ [[32mSELECT 1285[0m in 0.05s]
[0m02:11:22.822738 [debug] [Thread-1 (]: Finished running node model.dbt_driven_data.staging_fact_network_usage
[0m02:11:22.824410 [debug] [MainThread]: Using postgres connection "master"
[0m02:11:22.824992 [debug] [MainThread]: On master: BEGIN
[0m02:11:22.825550 [debug] [MainThread]: Opening a new connection, currently in state closed
[0m02:11:22.829022 [debug] [MainThread]: SQL status: BEGIN in 0.003 seconds
[0m02:11:22.830007 [debug] [MainThread]: On master: COMMIT
[0m02:11:22.830561 [debug] [MainThread]: Using postgres connection "master"
[0m02:11:22.831086 [debug] [MainThread]: On master: COMMIT
[0m02:11:22.831784 [debug] [MainThread]: SQL status: COMMIT in 0.000 seconds
[0m02:11:22.832919 [debug] [MainThread]: On master: Close
[0m02:11:22.833820 [debug] [MainThread]: Connection 'master' was properly closed.
[0m02:11:22.834309 [debug] [MainThread]: Connection 'model.dbt_driven_data.staging_fact_network_usage' was properly closed.
[0m02:11:22.834842 [info ] [MainThread]: 
[0m02:11:22.835417 [info ] [MainThread]: Finished running 5 table models in 0 hours 0 minutes and 0.48 seconds (0.48s).
[0m02:11:22.836641 [debug] [MainThread]: Command end result
[0m02:11:22.876369 [info ] [MainThread]: 
[0m02:11:22.877090 [info ] [MainThread]: [32mCompleted successfully[0m
[0m02:11:22.877650 [info ] [MainThread]: 
[0m02:11:22.878190 [info ] [MainThread]: Done. PASS=5 WARN=0 ERROR=0 SKIP=0 TOTAL=5
[0m02:11:22.879502 [debug] [MainThread]: Resource report: {"command_name": "run", "command_success": true, "command_wall_clock_time": 1.2636645, "process_user_time": 2.289999, "process_kernel_time": 0.201584, "process_mem_max_rss": "119620", "process_in_blocks": "0", "process_out_blocks": "0"}
[0m02:11:22.880757 [debug] [MainThread]: Command `dbt run` succeeded at 02:11:22.880526 after 1.26 seconds
[0m02:11:22.882101 [debug] [MainThread]: Sending event: {'category': 'dbt', 'action': 'invocation', 'label': 'end', 'context': [<snowplow_tracker.self_describing_json.SelfDescribingJson object at 0x7b2b59d336b0>, <snowplow_tracker.self_describing_json.SelfDescribingJson object at 0x7b2b5b955310>, <snowplow_tracker.self_describing_json.SelfDescribingJson object at 0x7b2b5b955370>]}
[0m02:11:22.882829 [debug] [MainThread]: Flushing usage events
[0m02:11:26.675915 [debug] [MainThread]: Sending event: {'category': 'dbt', 'action': 'invocation', 'label': 'start', 'context': [<snowplow_tracker.self_describing_json.SelfDescribingJson object at 0x7b628918d880>, <snowplow_tracker.self_describing_json.SelfDescribingJson object at 0x7b6288d38d10>, <snowplow_tracker.self_describing_json.SelfDescribingJson object at 0x7b628918f5c0>]}


============================== 02:11:26.681117 | 91fd7452-74b8-49dc-ad25-48fbd2902aad ==============================
[0m02:11:26.681117 [info ] [MainThread]: Running with dbt=1.8.0
[0m02:11:26.681845 [debug] [MainThread]: running dbt with arguments {'printer_width': '80', 'indirect_selection': 'eager', 'log_cache_events': 'False', 'write_json': 'True', 'partial_parse': 'True', 'cache_selected_only': 'False', 'profiles_dir': '/opt/airflow/dbt', 'version_check': 'True', 'fail_fast': 'False', 'log_path': '/opt/airflow/dbt/logs', 'debug': 'False', 'warn_error': 'None', 'use_colors': 'True', 'use_experimental_parser': 'False', 'no_print': 'None', 'quiet': 'False', 'warn_error_options': 'WarnErrorOptions(include=[], exclude=[])', 'static_parser': 'True', 'log_format': 'default', 'invocation_command': 'dbt run --select tag:trusted', 'target_path': 'None', 'introspect': 'True', 'send_anonymous_usage_stats': 'True'}
[0m02:11:26.842388 [debug] [MainThread]: Sending event: {'category': 'dbt', 'action': 'project_id', 'label': '91fd7452-74b8-49dc-ad25-48fbd2902aad', 'context': [<snowplow_tracker.self_describing_json.SelfDescribingJson object at 0x7b6288e01670>]}
[0m02:11:26.893295 [debug] [MainThread]: Sending event: {'category': 'dbt', 'action': 'adapter_info', 'label': '91fd7452-74b8-49dc-ad25-48fbd2902aad', 'context': [<snowplow_tracker.self_describing_json.SelfDescribingJson object at 0x7b6288a38800>]}
[0m02:11:26.894493 [info ] [MainThread]: Registered adapter: postgres=1.8.2
[0m02:11:26.959876 [debug] [MainThread]: checksum: dbb12d416fdb55e3665e4828703bbedf40c5c90ed7ca6ff39bbbfb29b12b0a92, vars: {}, profile: , target: , version: 1.8.0
[0m02:11:27.132536 [debug] [MainThread]: Partial parsing enabled: 0 files deleted, 0 files added, 0 files changed.
[0m02:11:27.133664 [debug] [MainThread]: Partial parsing enabled, no changes found, skipping parsing
[0m02:11:27.167755 [debug] [MainThread]: Sending event: {'category': 'dbt', 'action': 'load_project', 'label': '91fd7452-74b8-49dc-ad25-48fbd2902aad', 'context': [<snowplow_tracker.self_describing_json.SelfDescribingJson object at 0x7b62888c03b0>]}
[0m02:11:27.303735 [debug] [MainThread]: Sending event: {'category': 'dbt', 'action': 'resource_counts', 'label': '91fd7452-74b8-49dc-ad25-48fbd2902aad', 'context': [<snowplow_tracker.self_describing_json.SelfDescribingJson object at 0x7b628718dc40>]}
[0m02:11:27.304753 [info ] [MainThread]: Found 9 models, 10 sources, 428 macros
[0m02:11:27.305430 [debug] [MainThread]: Sending event: {'category': 'dbt', 'action': 'runnable_timing', 'label': '91fd7452-74b8-49dc-ad25-48fbd2902aad', 'context': [<snowplow_tracker.self_describing_json.SelfDescribingJson object at 0x7b6287dce870>]}
[0m02:11:27.308354 [info ] [MainThread]: 
[0m02:11:27.309538 [debug] [MainThread]: Acquiring new postgres connection 'master'
[0m02:11:27.314195 [debug] [ThreadPool]: Acquiring new postgres connection 'list_airflow'
[0m02:11:27.347214 [debug] [ThreadPool]: Using postgres connection "list_airflow"
[0m02:11:27.348218 [debug] [ThreadPool]: On list_airflow: /* {"app": "dbt", "dbt_version": "1.8.0", "profile_name": "default", "target_name": "dev", "connection_name": "list_airflow"} */

    select distinct nspname from pg_namespace
  
[0m02:11:27.348931 [debug] [ThreadPool]: Opening a new connection, currently in state init
[0m02:11:27.354552 [debug] [ThreadPool]: SQL status: SELECT 7 in 0.006 seconds
[0m02:11:27.356159 [debug] [ThreadPool]: On list_airflow: Close
[0m02:11:27.358841 [debug] [ThreadPool]: Re-using an available connection from the pool (formerly list_airflow, now list_airflow_driven_trusted)
[0m02:11:27.364485 [debug] [ThreadPool]: Using postgres connection "list_airflow_driven_trusted"
[0m02:11:27.365975 [debug] [ThreadPool]: On list_airflow_driven_trusted: BEGIN
[0m02:11:27.366614 [debug] [ThreadPool]: Opening a new connection, currently in state closed
[0m02:11:27.370724 [debug] [ThreadPool]: SQL status: BEGIN in 0.004 seconds
[0m02:11:27.371441 [debug] [ThreadPool]: Using postgres connection "list_airflow_driven_trusted"
[0m02:11:27.372014 [debug] [ThreadPool]: On list_airflow_driven_trusted: /* {"app": "dbt", "dbt_version": "1.8.0", "profile_name": "default", "target_name": "dev", "connection_name": "list_airflow_driven_trusted"} */
select
      'airflow' as database,
      tablename as name,
      schemaname as schema,
      'table' as type
    from pg_tables
    where schemaname ilike 'driven_trusted'
    union all
    select
      'airflow' as database,
      viewname as name,
      schemaname as schema,
      'view' as type
    from pg_views
    where schemaname ilike 'driven_trusted'
    union all
    select
      'airflow' as database,
      matviewname as name,
      schemaname as schema,
      'materialized_view' as type
    from pg_matviews
    where schemaname ilike 'driven_trusted'
  
[0m02:11:27.374660 [debug] [ThreadPool]: SQL status: SELECT 4 in 0.002 seconds
[0m02:11:27.376243 [debug] [ThreadPool]: On list_airflow_driven_trusted: ROLLBACK
[0m02:11:27.376936 [debug] [ThreadPool]: On list_airflow_driven_trusted: Close
[0m02:11:27.377754 [debug] [ThreadPool]: Re-using an available connection from the pool (formerly list_airflow_driven_trusted, now list_airflow_driven_staging)
[0m02:11:27.380174 [debug] [ThreadPool]: Using postgres connection "list_airflow_driven_staging"
[0m02:11:27.380964 [debug] [ThreadPool]: On list_airflow_driven_staging: BEGIN
[0m02:11:27.381596 [debug] [ThreadPool]: Opening a new connection, currently in state closed
[0m02:11:27.385631 [debug] [ThreadPool]: SQL status: BEGIN in 0.004 seconds
[0m02:11:27.386642 [debug] [ThreadPool]: Using postgres connection "list_airflow_driven_staging"
[0m02:11:27.387209 [debug] [ThreadPool]: On list_airflow_driven_staging: /* {"app": "dbt", "dbt_version": "1.8.0", "profile_name": "default", "target_name": "dev", "connection_name": "list_airflow_driven_staging"} */
select
      'airflow' as database,
      tablename as name,
      schemaname as schema,
      'table' as type
    from pg_tables
    where schemaname ilike 'driven_staging'
    union all
    select
      'airflow' as database,
      viewname as name,
      schemaname as schema,
      'view' as type
    from pg_views
    where schemaname ilike 'driven_staging'
    union all
    select
      'airflow' as database,
      matviewname as name,
      schemaname as schema,
      'materialized_view' as type
    from pg_matviews
    where schemaname ilike 'driven_staging'
  
[0m02:11:27.389877 [debug] [ThreadPool]: SQL status: SELECT 5 in 0.002 seconds
[0m02:11:27.391254 [debug] [ThreadPool]: On list_airflow_driven_staging: ROLLBACK
[0m02:11:27.391928 [debug] [ThreadPool]: On list_airflow_driven_staging: Close
[0m02:11:27.397908 [debug] [MainThread]: Using postgres connection "master"
[0m02:11:27.398672 [debug] [MainThread]: On master: BEGIN
[0m02:11:27.399276 [debug] [MainThread]: Opening a new connection, currently in state init
[0m02:11:27.403319 [debug] [MainThread]: SQL status: BEGIN in 0.004 seconds
[0m02:11:27.404163 [debug] [MainThread]: Using postgres connection "master"
[0m02:11:27.404879 [debug] [MainThread]: On master: /* {"app": "dbt", "dbt_version": "1.8.0", "profile_name": "default", "target_name": "dev", "connection_name": "master"} */
with relation as (
        select
            pg_rewrite.ev_class as class,
            pg_rewrite.oid as id
        from pg_rewrite
    ),
    class as (
        select
            oid as id,
            relname as name,
            relnamespace as schema,
            relkind as kind
        from pg_class
    ),
    dependency as (
        select distinct
            pg_depend.objid as id,
            pg_depend.refobjid as ref
        from pg_depend
    ),
    schema as (
        select
            pg_namespace.oid as id,
            pg_namespace.nspname as name
        from pg_namespace
        where nspname != 'information_schema' and nspname not like 'pg\_%'
    ),
    referenced as (
        select
            relation.id AS id,
            referenced_class.name ,
            referenced_class.schema ,
            referenced_class.kind
        from relation
        join class as referenced_class on relation.class=referenced_class.id
        where referenced_class.kind in ('r', 'v', 'm')
    ),
    relationships as (
        select
            referenced.name as referenced_name,
            referenced.schema as referenced_schema_id,
            dependent_class.name as dependent_name,
            dependent_class.schema as dependent_schema_id,
            referenced.kind as kind
        from referenced
        join dependency on referenced.id=dependency.id
        join class as dependent_class on dependency.ref=dependent_class.id
        where
            (referenced.name != dependent_class.name or
             referenced.schema != dependent_class.schema)
    )

    select
        referenced_schema.name as referenced_schema,
        relationships.referenced_name as referenced_name,
        dependent_schema.name as dependent_schema,
        relationships.dependent_name as dependent_name
    from relationships
    join schema as dependent_schema on relationships.dependent_schema_id=dependent_schema.id
    join schema as referenced_schema on relationships.referenced_schema_id=referenced_schema.id
    group by referenced_schema, referenced_name, dependent_schema, dependent_name
    order by referenced_schema, referenced_name, dependent_schema, dependent_name;
[0m02:11:27.407868 [debug] [MainThread]: SQL status: SELECT 0 in 0.002 seconds
[0m02:11:27.409306 [debug] [MainThread]: Sending event: {'category': 'dbt', 'action': 'runnable_timing', 'label': '91fd7452-74b8-49dc-ad25-48fbd2902aad', 'context': [<snowplow_tracker.self_describing_json.SelfDescribingJson object at 0x7b628892fcb0>]}
[0m02:11:27.410043 [debug] [MainThread]: On master: ROLLBACK
[0m02:11:27.410792 [debug] [MainThread]: Using postgres connection "master"
[0m02:11:27.411591 [debug] [MainThread]: On master: BEGIN
[0m02:11:27.412378 [debug] [MainThread]: SQL status: BEGIN in 0.000 seconds
[0m02:11:27.413170 [debug] [MainThread]: On master: COMMIT
[0m02:11:27.413677 [debug] [MainThread]: Using postgres connection "master"
[0m02:11:27.414177 [debug] [MainThread]: On master: COMMIT
[0m02:11:27.415126 [debug] [MainThread]: SQL status: COMMIT in 0.000 seconds
[0m02:11:27.415696 [debug] [MainThread]: On master: Close
[0m02:11:27.416507 [info ] [MainThread]: Concurrency: 1 threads (target='dev')
[0m02:11:27.417154 [info ] [MainThread]: 
[0m02:11:27.425556 [debug] [Thread-1 (]: Began running node model.dbt_driven_data.trusted_non_pii_data
[0m02:11:27.426336 [info ] [Thread-1 (]: 1 of 4 START sql table model driven_trusted.non_pii_data ....................... [RUN]
[0m02:11:27.427105 [debug] [Thread-1 (]: Re-using an available connection from the pool (formerly list_airflow_driven_staging, now model.dbt_driven_data.trusted_non_pii_data)
[0m02:11:27.428293 [debug] [Thread-1 (]: Began compiling node model.dbt_driven_data.trusted_non_pii_data
[0m02:11:27.436662 [debug] [Thread-1 (]: Writing injected SQL for node "model.dbt_driven_data.trusted_non_pii_data"
[0m02:11:27.443115 [debug] [Thread-1 (]: Began executing node model.dbt_driven_data.trusted_non_pii_data
[0m02:11:27.480197 [debug] [Thread-1 (]: Writing runtime sql for node "model.dbt_driven_data.trusted_non_pii_data"
[0m02:11:27.487924 [debug] [Thread-1 (]: Using postgres connection "model.dbt_driven_data.trusted_non_pii_data"
[0m02:11:27.488520 [debug] [Thread-1 (]: On model.dbt_driven_data.trusted_non_pii_data: BEGIN
[0m02:11:27.488970 [debug] [Thread-1 (]: Opening a new connection, currently in state closed
[0m02:11:27.493550 [debug] [Thread-1 (]: SQL status: BEGIN in 0.004 seconds
[0m02:11:27.494105 [debug] [Thread-1 (]: Using postgres connection "model.dbt_driven_data.trusted_non_pii_data"
[0m02:11:27.494695 [debug] [Thread-1 (]: On model.dbt_driven_data.trusted_non_pii_data: /* {"app": "dbt", "dbt_version": "1.8.0", "profile_name": "default", "target_name": "dev", "node_id": "model.dbt_driven_data.trusted_non_pii_data"} */

  
    

  create  table "airflow"."driven_trusted"."non_pii_data__dbt_tmp"
  
  
    as
  
  (
    

WITH source_data AS (
    SELECT
        '***MASKED***' AS person_name,
        SUBSTRING(dp.user_name, 1, 5) || '*****' AS user_name,
        SUBSTRING(dp.email, 1, 5) || '*****' AS email,
        '***MASKED***' AS personal_number,
        '***MASKED***' AS birth_date,
        '***MASKED***' AS address,
        '***MASKED***' AS phone,
        SUBSTRING(da.mac_address, 1, 5) || '*****' AS mac_address,
        SUBSTRING(da.ip_address, 1, 5) || '*****' AS ip_address,
        SUBSTRING(df.iban, 1, 5) || '*****' AS iban,
        dd.accessed_at,
        fnu.session_duration,
        fnu.download_speed,
        fnu.upload_speed,
        fnu.consumed_traffic,
        fnu.unique_id
    FROM "airflow"."driven_staging"."fact_network_usage" fnu
    INNER JOIN "airflow"."driven_staging"."dim_address" da
      ON fnu.unique_id = da.unique_id
    INNER JOIN "airflow"."driven_staging"."dim_date" dd
      ON da.unique_id = dd.unique_id
    INNER JOIN "airflow"."driven_staging"."dim_finance" df
      ON dd.unique_id = df.unique_id
    INNER JOIN "airflow"."driven_staging"."dim_person" dp
      ON df.unique_id = dp.unique_id
)

SELECT * FROM source_data
  );
  
[0m02:11:27.506111 [debug] [Thread-1 (]: SQL status: SELECT 1285 in 0.011 seconds
[0m02:11:27.512789 [debug] [Thread-1 (]: Using postgres connection "model.dbt_driven_data.trusted_non_pii_data"
[0m02:11:27.513580 [debug] [Thread-1 (]: On model.dbt_driven_data.trusted_non_pii_data: /* {"app": "dbt", "dbt_version": "1.8.0", "profile_name": "default", "target_name": "dev", "node_id": "model.dbt_driven_data.trusted_non_pii_data"} */
alter table "airflow"."driven_trusted"."non_pii_data" rename to "non_pii_data__dbt_backup"
[0m02:11:27.515412 [debug] [Thread-1 (]: SQL status: ALTER TABLE in 0.001 seconds
[0m02:11:27.518360 [debug] [Thread-1 (]: Using postgres connection "model.dbt_driven_data.trusted_non_pii_data"
[0m02:11:27.518945 [debug] [Thread-1 (]: On model.dbt_driven_data.trusted_non_pii_data: /* {"app": "dbt", "dbt_version": "1.8.0", "profile_name": "default", "target_name": "dev", "node_id": "model.dbt_driven_data.trusted_non_pii_data"} */
alter table "airflow"."driven_trusted"."non_pii_data__dbt_tmp" rename to "non_pii_data"
[0m02:11:27.519919 [debug] [Thread-1 (]: SQL status: ALTER TABLE in 0.000 seconds
[0m02:11:27.539590 [debug] [Thread-1 (]: On model.dbt_driven_data.trusted_non_pii_data: COMMIT
[0m02:11:27.540685 [debug] [Thread-1 (]: Using postgres connection "model.dbt_driven_data.trusted_non_pii_data"
[0m02:11:27.541426 [debug] [Thread-1 (]: On model.dbt_driven_data.trusted_non_pii_data: COMMIT
[0m02:11:27.545132 [debug] [Thread-1 (]: SQL status: COMMIT in 0.003 seconds
[0m02:11:27.551619 [debug] [Thread-1 (]: Applying DROP to: "airflow"."driven_trusted"."non_pii_data__dbt_backup"
[0m02:11:27.557247 [debug] [Thread-1 (]: Using postgres connection "model.dbt_driven_data.trusted_non_pii_data"
[0m02:11:27.558043 [debug] [Thread-1 (]: On model.dbt_driven_data.trusted_non_pii_data: /* {"app": "dbt", "dbt_version": "1.8.0", "profile_name": "default", "target_name": "dev", "node_id": "model.dbt_driven_data.trusted_non_pii_data"} */
drop table if exists "airflow"."driven_trusted"."non_pii_data__dbt_backup" cascade
[0m02:11:27.561413 [debug] [Thread-1 (]: SQL status: DROP TABLE in 0.003 seconds
[0m02:11:27.564553 [debug] [Thread-1 (]: On model.dbt_driven_data.trusted_non_pii_data: Close
[0m02:11:27.566733 [debug] [Thread-1 (]: Sending event: {'category': 'dbt', 'action': 'run_model', 'label': '91fd7452-74b8-49dc-ad25-48fbd2902aad', 'context': [<snowplow_tracker.self_describing_json.SelfDescribingJson object at 0x7b628a2a1d30>]}
[0m02:11:27.567766 [info ] [Thread-1 (]: 1 of 4 OK created sql table model driven_trusted.non_pii_data .................. [[32mSELECT 1285[0m in 0.14s]
[0m02:11:27.568818 [debug] [Thread-1 (]: Finished running node model.dbt_driven_data.trusted_non_pii_data
[0m02:11:27.569559 [debug] [Thread-1 (]: Began running node model.dbt_driven_data.trusted_payment_data
[0m02:11:27.570274 [info ] [Thread-1 (]: 2 of 4 START sql table model driven_trusted.payment_data ....................... [RUN]
[0m02:11:27.571127 [debug] [Thread-1 (]: Re-using an available connection from the pool (formerly model.dbt_driven_data.trusted_non_pii_data, now model.dbt_driven_data.trusted_payment_data)
[0m02:11:27.571978 [debug] [Thread-1 (]: Began compiling node model.dbt_driven_data.trusted_payment_data
[0m02:11:27.575439 [debug] [Thread-1 (]: Writing injected SQL for node "model.dbt_driven_data.trusted_payment_data"
[0m02:11:27.581337 [debug] [Thread-1 (]: Began executing node model.dbt_driven_data.trusted_payment_data
[0m02:11:27.585450 [debug] [Thread-1 (]: Writing runtime sql for node "model.dbt_driven_data.trusted_payment_data"
[0m02:11:27.590227 [debug] [Thread-1 (]: Using postgres connection "model.dbt_driven_data.trusted_payment_data"
[0m02:11:27.590954 [debug] [Thread-1 (]: On model.dbt_driven_data.trusted_payment_data: BEGIN
[0m02:11:27.591585 [debug] [Thread-1 (]: Opening a new connection, currently in state closed
[0m02:11:27.595722 [debug] [Thread-1 (]: SQL status: BEGIN in 0.004 seconds
[0m02:11:27.596288 [debug] [Thread-1 (]: Using postgres connection "model.dbt_driven_data.trusted_payment_data"
[0m02:11:27.596772 [debug] [Thread-1 (]: On model.dbt_driven_data.trusted_payment_data: /* {"app": "dbt", "dbt_version": "1.8.0", "profile_name": "default", "target_name": "dev", "node_id": "model.dbt_driven_data.trusted_payment_data"} */

  
    

  create  table "airflow"."driven_trusted"."payment_data__dbt_tmp"
  
  
    as
  
  (
    

WITH source_data AS (
    SELECT
        fnu.unique_id,
        df.iban,
        fnu.download_speed,
        fnu.upload_speed,
        fnu.session_duration,
        fnu.consumed_traffic,
        ((fnu.download_speed + fnu.upload_speed + 1)/2) +
        (fnu.consumed_traffic / (fnu.session_duration + 1)) AS payment_amount
    FROM "airflow"."driven_staging"."fact_network_usage" fnu
    JOIN "airflow"."driven_staging"."dim_finance" df
      ON fnu.unique_id = df.unique_id
)

SELECT * FROM source_data
  );
  
[0m02:11:27.600871 [debug] [Thread-1 (]: SQL status: SELECT 1285 in 0.003 seconds
[0m02:11:27.603781 [debug] [Thread-1 (]: Using postgres connection "model.dbt_driven_data.trusted_payment_data"
[0m02:11:27.604492 [debug] [Thread-1 (]: On model.dbt_driven_data.trusted_payment_data: /* {"app": "dbt", "dbt_version": "1.8.0", "profile_name": "default", "target_name": "dev", "node_id": "model.dbt_driven_data.trusted_payment_data"} */
alter table "airflow"."driven_trusted"."payment_data" rename to "payment_data__dbt_backup"
[0m02:11:27.605376 [debug] [Thread-1 (]: SQL status: ALTER TABLE in 0.000 seconds
[0m02:11:27.608077 [debug] [Thread-1 (]: Using postgres connection "model.dbt_driven_data.trusted_payment_data"
[0m02:11:27.608683 [debug] [Thread-1 (]: On model.dbt_driven_data.trusted_payment_data: /* {"app": "dbt", "dbt_version": "1.8.0", "profile_name": "default", "target_name": "dev", "node_id": "model.dbt_driven_data.trusted_payment_data"} */
alter table "airflow"."driven_trusted"."payment_data__dbt_tmp" rename to "payment_data"
[0m02:11:27.609381 [debug] [Thread-1 (]: SQL status: ALTER TABLE in 0.000 seconds
[0m02:11:27.611060 [debug] [Thread-1 (]: On model.dbt_driven_data.trusted_payment_data: COMMIT
[0m02:11:27.611655 [debug] [Thread-1 (]: Using postgres connection "model.dbt_driven_data.trusted_payment_data"
[0m02:11:27.612197 [debug] [Thread-1 (]: On model.dbt_driven_data.trusted_payment_data: COMMIT
[0m02:11:27.616129 [debug] [Thread-1 (]: SQL status: COMMIT in 0.003 seconds
[0m02:11:27.618512 [debug] [Thread-1 (]: Applying DROP to: "airflow"."driven_trusted"."payment_data__dbt_backup"
[0m02:11:27.619469 [debug] [Thread-1 (]: Using postgres connection "model.dbt_driven_data.trusted_payment_data"
[0m02:11:27.620020 [debug] [Thread-1 (]: On model.dbt_driven_data.trusted_payment_data: /* {"app": "dbt", "dbt_version": "1.8.0", "profile_name": "default", "target_name": "dev", "node_id": "model.dbt_driven_data.trusted_payment_data"} */
drop table if exists "airflow"."driven_trusted"."payment_data__dbt_backup" cascade
[0m02:11:27.622496 [debug] [Thread-1 (]: SQL status: DROP TABLE in 0.002 seconds
[0m02:11:27.623944 [debug] [Thread-1 (]: On model.dbt_driven_data.trusted_payment_data: Close
[0m02:11:27.624710 [debug] [Thread-1 (]: Sending event: {'category': 'dbt', 'action': 'run_model', 'label': '91fd7452-74b8-49dc-ad25-48fbd2902aad', 'context': [<snowplow_tracker.self_describing_json.SelfDescribingJson object at 0x7b6285ce0ad0>]}
[0m02:11:27.625374 [info ] [Thread-1 (]: 2 of 4 OK created sql table model driven_trusted.payment_data .................. [[32mSELECT 1285[0m in 0.05s]
[0m02:11:27.626192 [debug] [Thread-1 (]: Finished running node model.dbt_driven_data.trusted_payment_data
[0m02:11:27.626770 [debug] [Thread-1 (]: Began running node model.dbt_driven_data.trusted_pii_data
[0m02:11:27.627417 [info ] [Thread-1 (]: 3 of 4 START sql table model driven_trusted.pii_data ........................... [RUN]
[0m02:11:27.628040 [debug] [Thread-1 (]: Re-using an available connection from the pool (formerly model.dbt_driven_data.trusted_payment_data, now model.dbt_driven_data.trusted_pii_data)
[0m02:11:27.628768 [debug] [Thread-1 (]: Began compiling node model.dbt_driven_data.trusted_pii_data
[0m02:11:27.632814 [debug] [Thread-1 (]: Writing injected SQL for node "model.dbt_driven_data.trusted_pii_data"
[0m02:11:27.637477 [debug] [Thread-1 (]: Began executing node model.dbt_driven_data.trusted_pii_data
[0m02:11:27.641514 [debug] [Thread-1 (]: Writing runtime sql for node "model.dbt_driven_data.trusted_pii_data"
[0m02:11:27.654588 [debug] [Thread-1 (]: Using postgres connection "model.dbt_driven_data.trusted_pii_data"
[0m02:11:27.655159 [debug] [Thread-1 (]: On model.dbt_driven_data.trusted_pii_data: BEGIN
[0m02:11:27.655659 [debug] [Thread-1 (]: Opening a new connection, currently in state closed
[0m02:11:27.659236 [debug] [Thread-1 (]: SQL status: BEGIN in 0.004 seconds
[0m02:11:27.660244 [debug] [Thread-1 (]: Using postgres connection "model.dbt_driven_data.trusted_pii_data"
[0m02:11:27.661348 [debug] [Thread-1 (]: On model.dbt_driven_data.trusted_pii_data: /* {"app": "dbt", "dbt_version": "1.8.0", "profile_name": "default", "target_name": "dev", "node_id": "model.dbt_driven_data.trusted_pii_data"} */

  
    

  create  table "airflow"."driven_trusted"."pii_data__dbt_tmp"
  
  
    as
  
  (
    

WITH source_data AS (
    SELECT
        dp.person_name,
        dp.user_name,
        dp.email,
        dp.personal_number,
        dp.birth_date,
        da.address,
        dp.phone,
        da.mac_address,
        da.ip_address,
        df.iban,
        dd.accessed_at,
        fnu.session_duration,
        fnu.download_speed,
        fnu.upload_speed,
        fnu.consumed_traffic,
        fnu.unique_id
    FROM "airflow"."driven_staging"."fact_network_usage" fnu
    INNER JOIN "airflow"."driven_staging"."dim_address" da
      ON fnu.unique_id = da.unique_id
    INNER JOIN "airflow"."driven_staging"."dim_date" dd
      ON da.unique_id = dd.unique_id
    INNER JOIN "airflow"."driven_staging"."dim_finance" df
      ON dd.unique_id = df.unique_id
    INNER JOIN "airflow"."driven_staging"."dim_person" dp
      ON df.unique_id = dp.unique_id
)

SELECT * FROM source_data
  );
  
[0m02:11:27.675303 [debug] [Thread-1 (]: SQL status: SELECT 1285 in 0.011 seconds
[0m02:11:27.678806 [debug] [Thread-1 (]: Using postgres connection "model.dbt_driven_data.trusted_pii_data"
[0m02:11:27.679723 [debug] [Thread-1 (]: On model.dbt_driven_data.trusted_pii_data: /* {"app": "dbt", "dbt_version": "1.8.0", "profile_name": "default", "target_name": "dev", "node_id": "model.dbt_driven_data.trusted_pii_data"} */
alter table "airflow"."driven_trusted"."pii_data" rename to "pii_data__dbt_backup"
[0m02:11:27.681315 [debug] [Thread-1 (]: SQL status: ALTER TABLE in 0.001 seconds
[0m02:11:27.684317 [debug] [Thread-1 (]: Using postgres connection "model.dbt_driven_data.trusted_pii_data"
[0m02:11:27.684959 [debug] [Thread-1 (]: On model.dbt_driven_data.trusted_pii_data: /* {"app": "dbt", "dbt_version": "1.8.0", "profile_name": "default", "target_name": "dev", "node_id": "model.dbt_driven_data.trusted_pii_data"} */
alter table "airflow"."driven_trusted"."pii_data__dbt_tmp" rename to "pii_data"
[0m02:11:27.685832 [debug] [Thread-1 (]: SQL status: ALTER TABLE in 0.000 seconds
[0m02:11:27.687762 [debug] [Thread-1 (]: On model.dbt_driven_data.trusted_pii_data: COMMIT
[0m02:11:27.688356 [debug] [Thread-1 (]: Using postgres connection "model.dbt_driven_data.trusted_pii_data"
[0m02:11:27.688837 [debug] [Thread-1 (]: On model.dbt_driven_data.trusted_pii_data: COMMIT
[0m02:11:27.690799 [debug] [Thread-1 (]: SQL status: COMMIT in 0.001 seconds
[0m02:11:27.692976 [debug] [Thread-1 (]: Applying DROP to: "airflow"."driven_trusted"."pii_data__dbt_backup"
[0m02:11:27.693861 [debug] [Thread-1 (]: Using postgres connection "model.dbt_driven_data.trusted_pii_data"
[0m02:11:27.694371 [debug] [Thread-1 (]: On model.dbt_driven_data.trusted_pii_data: /* {"app": "dbt", "dbt_version": "1.8.0", "profile_name": "default", "target_name": "dev", "node_id": "model.dbt_driven_data.trusted_pii_data"} */
drop table if exists "airflow"."driven_trusted"."pii_data__dbt_backup" cascade
[0m02:11:27.697477 [debug] [Thread-1 (]: SQL status: DROP TABLE in 0.002 seconds
[0m02:11:27.700786 [debug] [Thread-1 (]: On model.dbt_driven_data.trusted_pii_data: Close
[0m02:11:27.701712 [debug] [Thread-1 (]: Sending event: {'category': 'dbt', 'action': 'run_model', 'label': '91fd7452-74b8-49dc-ad25-48fbd2902aad', 'context': [<snowplow_tracker.self_describing_json.SelfDescribingJson object at 0x7b6289040cb0>]}
[0m02:11:27.702642 [info ] [Thread-1 (]: 3 of 4 OK created sql table model driven_trusted.pii_data ...................... [[32mSELECT 1285[0m in 0.07s]
[0m02:11:27.703438 [debug] [Thread-1 (]: Finished running node model.dbt_driven_data.trusted_pii_data
[0m02:11:27.703983 [debug] [Thread-1 (]: Began running node model.dbt_driven_data.trusted_technical_data
[0m02:11:27.705171 [info ] [Thread-1 (]: 4 of 4 START sql table model driven_trusted.technical_data ..................... [RUN]
[0m02:11:27.705959 [debug] [Thread-1 (]: Re-using an available connection from the pool (formerly model.dbt_driven_data.trusted_pii_data, now model.dbt_driven_data.trusted_technical_data)
[0m02:11:27.706620 [debug] [Thread-1 (]: Began compiling node model.dbt_driven_data.trusted_technical_data
[0m02:11:27.709556 [debug] [Thread-1 (]: Writing injected SQL for node "model.dbt_driven_data.trusted_technical_data"
[0m02:11:27.717238 [debug] [Thread-1 (]: Began executing node model.dbt_driven_data.trusted_technical_data
[0m02:11:27.720691 [debug] [Thread-1 (]: Writing runtime sql for node "model.dbt_driven_data.trusted_technical_data"
[0m02:11:27.726739 [debug] [Thread-1 (]: Using postgres connection "model.dbt_driven_data.trusted_technical_data"
[0m02:11:27.727344 [debug] [Thread-1 (]: On model.dbt_driven_data.trusted_technical_data: BEGIN
[0m02:11:27.727968 [debug] [Thread-1 (]: Opening a new connection, currently in state closed
[0m02:11:27.731907 [debug] [Thread-1 (]: SQL status: BEGIN in 0.004 seconds
[0m02:11:27.732573 [debug] [Thread-1 (]: Using postgres connection "model.dbt_driven_data.trusted_technical_data"
[0m02:11:27.733128 [debug] [Thread-1 (]: On model.dbt_driven_data.trusted_technical_data: /* {"app": "dbt", "dbt_version": "1.8.0", "profile_name": "default", "target_name": "dev", "node_id": "model.dbt_driven_data.trusted_technical_data"} */

  
    

  create  table "airflow"."driven_trusted"."technical_data__dbt_tmp"
  
  
    as
  
  (
    

WITH source_data AS (
    SELECT
        fnu.unique_id,
        da.address,
        da.mac_address,
        da.ip_address,
        fnu.download_speed,
        fnu.upload_speed,
        ROUND((fnu.session_duration / 60), 1) AS min_session_duration,
        CASE
            WHEN fnu.download_speed < 50
              OR fnu.upload_speed < 30
              OR fnu.session_duration / 60 < 1
            THEN true
            ELSE false
        END AS technical_issue
    FROM "airflow"."driven_staging"."fact_network_usage" fnu
    JOIN "airflow"."driven_staging"."dim_address" da
      ON fnu.unique_id = da.unique_id
)

SELECT * FROM source_data
  );
  
[0m02:11:27.740070 [debug] [Thread-1 (]: SQL status: SELECT 1285 in 0.006 seconds
[0m02:11:27.742714 [debug] [Thread-1 (]: Using postgres connection "model.dbt_driven_data.trusted_technical_data"
[0m02:11:27.743240 [debug] [Thread-1 (]: On model.dbt_driven_data.trusted_technical_data: /* {"app": "dbt", "dbt_version": "1.8.0", "profile_name": "default", "target_name": "dev", "node_id": "model.dbt_driven_data.trusted_technical_data"} */
alter table "airflow"."driven_trusted"."technical_data" rename to "technical_data__dbt_backup"
[0m02:11:27.744102 [debug] [Thread-1 (]: SQL status: ALTER TABLE in 0.000 seconds
[0m02:11:27.746985 [debug] [Thread-1 (]: Using postgres connection "model.dbt_driven_data.trusted_technical_data"
[0m02:11:27.747744 [debug] [Thread-1 (]: On model.dbt_driven_data.trusted_technical_data: /* {"app": "dbt", "dbt_version": "1.8.0", "profile_name": "default", "target_name": "dev", "node_id": "model.dbt_driven_data.trusted_technical_data"} */
alter table "airflow"."driven_trusted"."technical_data__dbt_tmp" rename to "technical_data"
[0m02:11:27.748717 [debug] [Thread-1 (]: SQL status: ALTER TABLE in 0.000 seconds
[0m02:11:27.750398 [debug] [Thread-1 (]: On model.dbt_driven_data.trusted_technical_data: COMMIT
[0m02:11:27.750892 [debug] [Thread-1 (]: Using postgres connection "model.dbt_driven_data.trusted_technical_data"
[0m02:11:27.751422 [debug] [Thread-1 (]: On model.dbt_driven_data.trusted_technical_data: COMMIT
[0m02:11:27.754096 [debug] [Thread-1 (]: SQL status: COMMIT in 0.002 seconds
[0m02:11:27.756295 [debug] [Thread-1 (]: Applying DROP to: "airflow"."driven_trusted"."technical_data__dbt_backup"
[0m02:11:27.757191 [debug] [Thread-1 (]: Using postgres connection "model.dbt_driven_data.trusted_technical_data"
[0m02:11:27.757760 [debug] [Thread-1 (]: On model.dbt_driven_data.trusted_technical_data: /* {"app": "dbt", "dbt_version": "1.8.0", "profile_name": "default", "target_name": "dev", "node_id": "model.dbt_driven_data.trusted_technical_data"} */
drop table if exists "airflow"."driven_trusted"."technical_data__dbt_backup" cascade
[0m02:11:27.760018 [debug] [Thread-1 (]: SQL status: DROP TABLE in 0.002 seconds
[0m02:11:27.761311 [debug] [Thread-1 (]: On model.dbt_driven_data.trusted_technical_data: Close
[0m02:11:27.762067 [debug] [Thread-1 (]: Sending event: {'category': 'dbt', 'action': 'run_model', 'label': '91fd7452-74b8-49dc-ad25-48fbd2902aad', 'context': [<snowplow_tracker.self_describing_json.SelfDescribingJson object at 0x7b6285b497f0>]}
[0m02:11:27.762868 [info ] [Thread-1 (]: 4 of 4 OK created sql table model driven_trusted.technical_data ................ [[32mSELECT 1285[0m in 0.06s]
[0m02:11:27.764006 [debug] [Thread-1 (]: Finished running node model.dbt_driven_data.trusted_technical_data
[0m02:11:27.766275 [debug] [MainThread]: Using postgres connection "master"
[0m02:11:27.766949 [debug] [MainThread]: On master: BEGIN
[0m02:11:27.767493 [debug] [MainThread]: Opening a new connection, currently in state closed
[0m02:11:27.771165 [debug] [MainThread]: SQL status: BEGIN in 0.004 seconds
[0m02:11:27.771691 [debug] [MainThread]: On master: COMMIT
[0m02:11:27.772237 [debug] [MainThread]: Using postgres connection "master"
[0m02:11:27.772730 [debug] [MainThread]: On master: COMMIT
[0m02:11:27.773399 [debug] [MainThread]: SQL status: COMMIT in 0.000 seconds
[0m02:11:27.773886 [debug] [MainThread]: On master: Close
[0m02:11:27.774678 [debug] [MainThread]: Connection 'master' was properly closed.
[0m02:11:27.775144 [debug] [MainThread]: Connection 'model.dbt_driven_data.trusted_technical_data' was properly closed.
[0m02:11:27.775708 [info ] [MainThread]: 
[0m02:11:27.776296 [info ] [MainThread]: Finished running 4 table models in 0 hours 0 minutes and 0.47 seconds (0.47s).
[0m02:11:27.777407 [debug] [MainThread]: Command end result
[0m02:11:27.824875 [info ] [MainThread]: 
[0m02:11:27.825906 [info ] [MainThread]: [32mCompleted successfully[0m
[0m02:11:27.826543 [info ] [MainThread]: 
[0m02:11:27.827368 [info ] [MainThread]: Done. PASS=4 WARN=0 ERROR=0 SKIP=0 TOTAL=4
[0m02:11:27.828900 [debug] [MainThread]: Resource report: {"command_name": "run", "command_success": true, "command_wall_clock_time": 1.2030921, "process_user_time": 2.273009, "process_kernel_time": 0.16321, "process_mem_max_rss": "119680", "process_in_blocks": "0", "process_out_blocks": "0"}
[0m02:11:27.829767 [debug] [MainThread]: Command `dbt run` succeeded at 02:11:27.829652 after 1.20 seconds
[0m02:11:27.830540 [debug] [MainThread]: Sending event: {'category': 'dbt', 'action': 'invocation', 'label': 'end', 'context': [<snowplow_tracker.self_describing_json.SelfDescribingJson object at 0x7b6289cc8f50>, <snowplow_tracker.self_describing_json.SelfDescribingJson object at 0x7b6285b2c9e0>, <snowplow_tracker.self_describing_json.SelfDescribingJson object at 0x7b6285b2ca70>]}
[0m02:11:27.831330 [debug] [MainThread]: Flushing usage events
[0m01:14:27.789105 [debug] [MainThread]: Sending event: {'category': 'dbt', 'action': 'invocation', 'label': 'start', 'context': [<snowplow_tracker.self_describing_json.SelfDescribingJson object at 0x71bdceb00ec0>, <snowplow_tracker.self_describing_json.SelfDescribingJson object at 0x71bdceb7cb60>, <snowplow_tracker.self_describing_json.SelfDescribingJson object at 0x71bdcf7dca40>]}


============================== 01:14:27.813567 | 5ec08226-4fce-4fbe-abea-0ec60a5a124e ==============================
[0m01:14:27.813567 [info ] [MainThread]: Running with dbt=1.8.0
[0m01:14:27.814424 [debug] [MainThread]: running dbt with arguments {'printer_width': '80', 'indirect_selection': 'eager', 'write_json': 'True', 'log_cache_events': 'False', 'partial_parse': 'True', 'cache_selected_only': 'False', 'warn_error': 'None', 'fail_fast': 'False', 'version_check': 'True', 'log_path': '/opt/airflow/dbt/logs', 'debug': 'False', 'profiles_dir': '/opt/airflow/dbt', 'use_colors': 'True', 'use_experimental_parser': 'False', 'no_print': 'None', 'quiet': 'False', 'warn_error_options': 'WarnErrorOptions(include=[], exclude=[])', 'introspect': 'True', 'invocation_command': 'dbt run --select tag:staging', 'log_format': 'default', 'target_path': 'None', 'static_parser': 'True', 'send_anonymous_usage_stats': 'True'}
[0m01:14:28.012591 [debug] [MainThread]: Sending event: {'category': 'dbt', 'action': 'project_id', 'label': '5ec08226-4fce-4fbe-abea-0ec60a5a124e', 'context': [<snowplow_tracker.self_describing_json.SelfDescribingJson object at 0x71bdce10b170>]}
[0m01:14:28.062071 [debug] [MainThread]: Sending event: {'category': 'dbt', 'action': 'adapter_info', 'label': '5ec08226-4fce-4fbe-abea-0ec60a5a124e', 'context': [<snowplow_tracker.self_describing_json.SelfDescribingJson object at 0x71bdce523620>]}
[0m01:14:28.063396 [info ] [MainThread]: Registered adapter: postgres=1.8.2
[0m01:14:28.130107 [debug] [MainThread]: checksum: dbb12d416fdb55e3665e4828703bbedf40c5c90ed7ca6ff39bbbfb29b12b0a92, vars: {}, profile: , target: , version: 1.8.0
[0m01:14:28.372900 [debug] [MainThread]: Partial parsing enabled: 0 files deleted, 0 files added, 0 files changed.
[0m01:14:28.373550 [debug] [MainThread]: Partial parsing enabled, no changes found, skipping parsing
[0m01:14:28.403695 [debug] [MainThread]: Sending event: {'category': 'dbt', 'action': 'load_project', 'label': '5ec08226-4fce-4fbe-abea-0ec60a5a124e', 'context': [<snowplow_tracker.self_describing_json.SelfDescribingJson object at 0x71bdcded98e0>]}
[0m01:14:28.543932 [debug] [MainThread]: Sending event: {'category': 'dbt', 'action': 'resource_counts', 'label': '5ec08226-4fce-4fbe-abea-0ec60a5a124e', 'context': [<snowplow_tracker.self_describing_json.SelfDescribingJson object at 0x71bdcde75eb0>]}
[0m01:14:28.544600 [info ] [MainThread]: Found 9 models, 10 sources, 428 macros
[0m01:14:28.545138 [debug] [MainThread]: Sending event: {'category': 'dbt', 'action': 'runnable_timing', 'label': '5ec08226-4fce-4fbe-abea-0ec60a5a124e', 'context': [<snowplow_tracker.self_describing_json.SelfDescribingJson object at 0x71bdce10a870>]}
[0m01:14:28.546922 [info ] [MainThread]: 
[0m01:14:28.547826 [debug] [MainThread]: Acquiring new postgres connection 'master'
[0m01:14:28.552476 [debug] [ThreadPool]: Acquiring new postgres connection 'list_airflow'
[0m01:14:28.585823 [debug] [ThreadPool]: Using postgres connection "list_airflow"
[0m01:14:28.586412 [debug] [ThreadPool]: On list_airflow: /* {"app": "dbt", "dbt_version": "1.8.0", "profile_name": "default", "target_name": "dev", "connection_name": "list_airflow"} */

    select distinct nspname from pg_namespace
  
[0m01:14:28.587065 [debug] [ThreadPool]: Opening a new connection, currently in state init
[0m01:14:28.591235 [debug] [ThreadPool]: SQL status: SELECT 7 in 0.004 seconds
[0m01:14:28.592447 [debug] [ThreadPool]: On list_airflow: Close
[0m01:14:28.594190 [debug] [ThreadPool]: Re-using an available connection from the pool (formerly list_airflow, now list_airflow_driven_staging)
[0m01:14:28.598634 [debug] [ThreadPool]: Using postgres connection "list_airflow_driven_staging"
[0m01:14:28.599125 [debug] [ThreadPool]: On list_airflow_driven_staging: BEGIN
[0m01:14:28.599583 [debug] [ThreadPool]: Opening a new connection, currently in state closed
[0m01:14:28.602699 [debug] [ThreadPool]: SQL status: BEGIN in 0.003 seconds
[0m01:14:28.603418 [debug] [ThreadPool]: Using postgres connection "list_airflow_driven_staging"
[0m01:14:28.603867 [debug] [ThreadPool]: On list_airflow_driven_staging: /* {"app": "dbt", "dbt_version": "1.8.0", "profile_name": "default", "target_name": "dev", "connection_name": "list_airflow_driven_staging"} */
select
      'airflow' as database,
      tablename as name,
      schemaname as schema,
      'table' as type
    from pg_tables
    where schemaname ilike 'driven_staging'
    union all
    select
      'airflow' as database,
      viewname as name,
      schemaname as schema,
      'view' as type
    from pg_views
    where schemaname ilike 'driven_staging'
    union all
    select
      'airflow' as database,
      matviewname as name,
      schemaname as schema,
      'materialized_view' as type
    from pg_matviews
    where schemaname ilike 'driven_staging'
  
[0m01:14:28.608769 [debug] [ThreadPool]: SQL status: SELECT 5 in 0.004 seconds
[0m01:14:28.610022 [debug] [ThreadPool]: On list_airflow_driven_staging: ROLLBACK
[0m01:14:28.610642 [debug] [ThreadPool]: On list_airflow_driven_staging: Close
[0m01:14:28.611330 [debug] [ThreadPool]: Re-using an available connection from the pool (formerly list_airflow_driven_staging, now list_airflow_driven_trusted)
[0m01:14:28.612908 [debug] [ThreadPool]: Using postgres connection "list_airflow_driven_trusted"
[0m01:14:28.613985 [debug] [ThreadPool]: On list_airflow_driven_trusted: BEGIN
[0m01:14:28.615398 [debug] [ThreadPool]: Opening a new connection, currently in state closed
[0m01:14:28.618877 [debug] [ThreadPool]: SQL status: BEGIN in 0.003 seconds
[0m01:14:28.619502 [debug] [ThreadPool]: Using postgres connection "list_airflow_driven_trusted"
[0m01:14:28.619994 [debug] [ThreadPool]: On list_airflow_driven_trusted: /* {"app": "dbt", "dbt_version": "1.8.0", "profile_name": "default", "target_name": "dev", "connection_name": "list_airflow_driven_trusted"} */
select
      'airflow' as database,
      tablename as name,
      schemaname as schema,
      'table' as type
    from pg_tables
    where schemaname ilike 'driven_trusted'
    union all
    select
      'airflow' as database,
      viewname as name,
      schemaname as schema,
      'view' as type
    from pg_views
    where schemaname ilike 'driven_trusted'
    union all
    select
      'airflow' as database,
      matviewname as name,
      schemaname as schema,
      'materialized_view' as type
    from pg_matviews
    where schemaname ilike 'driven_trusted'
  
[0m01:14:28.622218 [debug] [ThreadPool]: SQL status: SELECT 4 in 0.002 seconds
[0m01:14:28.623475 [debug] [ThreadPool]: On list_airflow_driven_trusted: ROLLBACK
[0m01:14:28.624113 [debug] [ThreadPool]: On list_airflow_driven_trusted: Close
[0m01:14:28.628726 [debug] [MainThread]: Using postgres connection "master"
[0m01:14:28.629367 [debug] [MainThread]: On master: BEGIN
[0m01:14:28.629811 [debug] [MainThread]: Opening a new connection, currently in state init
[0m01:14:28.634284 [debug] [MainThread]: SQL status: BEGIN in 0.004 seconds
[0m01:14:28.635062 [debug] [MainThread]: Using postgres connection "master"
[0m01:14:28.635915 [debug] [MainThread]: On master: /* {"app": "dbt", "dbt_version": "1.8.0", "profile_name": "default", "target_name": "dev", "connection_name": "master"} */
with relation as (
        select
            pg_rewrite.ev_class as class,
            pg_rewrite.oid as id
        from pg_rewrite
    ),
    class as (
        select
            oid as id,
            relname as name,
            relnamespace as schema,
            relkind as kind
        from pg_class
    ),
    dependency as (
        select distinct
            pg_depend.objid as id,
            pg_depend.refobjid as ref
        from pg_depend
    ),
    schema as (
        select
            pg_namespace.oid as id,
            pg_namespace.nspname as name
        from pg_namespace
        where nspname != 'information_schema' and nspname not like 'pg\_%'
    ),
    referenced as (
        select
            relation.id AS id,
            referenced_class.name ,
            referenced_class.schema ,
            referenced_class.kind
        from relation
        join class as referenced_class on relation.class=referenced_class.id
        where referenced_class.kind in ('r', 'v', 'm')
    ),
    relationships as (
        select
            referenced.name as referenced_name,
            referenced.schema as referenced_schema_id,
            dependent_class.name as dependent_name,
            dependent_class.schema as dependent_schema_id,
            referenced.kind as kind
        from referenced
        join dependency on referenced.id=dependency.id
        join class as dependent_class on dependency.ref=dependent_class.id
        where
            (referenced.name != dependent_class.name or
             referenced.schema != dependent_class.schema)
    )

    select
        referenced_schema.name as referenced_schema,
        relationships.referenced_name as referenced_name,
        dependent_schema.name as dependent_schema,
        relationships.dependent_name as dependent_name
    from relationships
    join schema as dependent_schema on relationships.dependent_schema_id=dependent_schema.id
    join schema as referenced_schema on relationships.referenced_schema_id=referenced_schema.id
    group by referenced_schema, referenced_name, dependent_schema, dependent_name
    order by referenced_schema, referenced_name, dependent_schema, dependent_name;
[0m01:14:28.639613 [debug] [MainThread]: SQL status: SELECT 0 in 0.003 seconds
[0m01:14:28.641039 [debug] [MainThread]: Sending event: {'category': 'dbt', 'action': 'runnable_timing', 'label': '5ec08226-4fce-4fbe-abea-0ec60a5a124e', 'context': [<snowplow_tracker.self_describing_json.SelfDescribingJson object at 0x71bdcdf0ac00>]}
[0m01:14:28.641649 [debug] [MainThread]: On master: ROLLBACK
[0m01:14:28.642287 [debug] [MainThread]: Using postgres connection "master"
[0m01:14:28.642707 [debug] [MainThread]: On master: BEGIN
[0m01:14:28.643408 [debug] [MainThread]: SQL status: BEGIN in 0.000 seconds
[0m01:14:28.643847 [debug] [MainThread]: On master: COMMIT
[0m01:14:28.644316 [debug] [MainThread]: Using postgres connection "master"
[0m01:14:28.644822 [debug] [MainThread]: On master: COMMIT
[0m01:14:28.645440 [debug] [MainThread]: SQL status: COMMIT in 0.000 seconds
[0m01:14:28.645966 [debug] [MainThread]: On master: Close
[0m01:14:28.646590 [info ] [MainThread]: Concurrency: 1 threads (target='dev')
[0m01:14:28.647422 [info ] [MainThread]: 
[0m01:14:28.658325 [debug] [Thread-1 (]: Began running node model.dbt_driven_data.staging_dim_address
[0m01:14:28.659100 [info ] [Thread-1 (]: 1 of 5 START sql table model driven_staging.dim_address ........................ [RUN]
[0m01:14:28.659753 [debug] [Thread-1 (]: Re-using an available connection from the pool (formerly list_airflow_driven_trusted, now model.dbt_driven_data.staging_dim_address)
[0m01:14:28.660296 [debug] [Thread-1 (]: Began compiling node model.dbt_driven_data.staging_dim_address
[0m01:14:28.665982 [debug] [Thread-1 (]: Writing injected SQL for node "model.dbt_driven_data.staging_dim_address"
[0m01:14:28.679737 [debug] [Thread-1 (]: Began executing node model.dbt_driven_data.staging_dim_address
[0m01:14:28.709328 [debug] [Thread-1 (]: Writing runtime sql for node "model.dbt_driven_data.staging_dim_address"
[0m01:14:28.720335 [debug] [Thread-1 (]: Using postgres connection "model.dbt_driven_data.staging_dim_address"
[0m01:14:28.720861 [debug] [Thread-1 (]: On model.dbt_driven_data.staging_dim_address: BEGIN
[0m01:14:28.721397 [debug] [Thread-1 (]: Opening a new connection, currently in state closed
[0m01:14:28.725025 [debug] [Thread-1 (]: SQL status: BEGIN in 0.004 seconds
[0m01:14:28.726669 [debug] [Thread-1 (]: Using postgres connection "model.dbt_driven_data.staging_dim_address"
[0m01:14:28.727247 [debug] [Thread-1 (]: On model.dbt_driven_data.staging_dim_address: /* {"app": "dbt", "dbt_version": "1.8.0", "profile_name": "default", "target_name": "dev", "node_id": "model.dbt_driven_data.staging_dim_address"} */

  
    

  create  table "airflow"."driven_staging"."dim_address__dbt_tmp"
  
  
    as
  
  (
    

WITH source_data AS (
    SELECT
        unique_id,
        address,
        mac_address,
        ip_address
    FROM "airflow"."driven_raw"."raw_batch_data"
)

SELECT * FROM source_data
  );
  
[0m01:14:28.734500 [debug] [Thread-1 (]: SQL status: SELECT 1096 in 0.007 seconds
[0m01:14:28.741059 [debug] [Thread-1 (]: Using postgres connection "model.dbt_driven_data.staging_dim_address"
[0m01:14:28.741657 [debug] [Thread-1 (]: On model.dbt_driven_data.staging_dim_address: /* {"app": "dbt", "dbt_version": "1.8.0", "profile_name": "default", "target_name": "dev", "node_id": "model.dbt_driven_data.staging_dim_address"} */
alter table "airflow"."driven_staging"."dim_address" rename to "dim_address__dbt_backup"
[0m01:14:28.742745 [debug] [Thread-1 (]: SQL status: ALTER TABLE in 0.001 seconds
[0m01:14:28.745101 [debug] [Thread-1 (]: Using postgres connection "model.dbt_driven_data.staging_dim_address"
[0m01:14:28.745638 [debug] [Thread-1 (]: On model.dbt_driven_data.staging_dim_address: /* {"app": "dbt", "dbt_version": "1.8.0", "profile_name": "default", "target_name": "dev", "node_id": "model.dbt_driven_data.staging_dim_address"} */
alter table "airflow"."driven_staging"."dim_address__dbt_tmp" rename to "dim_address"
[0m01:14:28.746307 [debug] [Thread-1 (]: SQL status: ALTER TABLE in 0.000 seconds
[0m01:14:28.761535 [debug] [Thread-1 (]: On model.dbt_driven_data.staging_dim_address: COMMIT
[0m01:14:28.762218 [debug] [Thread-1 (]: Using postgres connection "model.dbt_driven_data.staging_dim_address"
[0m01:14:28.762775 [debug] [Thread-1 (]: On model.dbt_driven_data.staging_dim_address: COMMIT
[0m01:14:28.765076 [debug] [Thread-1 (]: SQL status: COMMIT in 0.002 seconds
[0m01:14:28.773037 [debug] [Thread-1 (]: Applying DROP to: "airflow"."driven_staging"."dim_address__dbt_backup"
[0m01:14:28.777711 [debug] [Thread-1 (]: Using postgres connection "model.dbt_driven_data.staging_dim_address"
[0m01:14:28.778301 [debug] [Thread-1 (]: On model.dbt_driven_data.staging_dim_address: /* {"app": "dbt", "dbt_version": "1.8.0", "profile_name": "default", "target_name": "dev", "node_id": "model.dbt_driven_data.staging_dim_address"} */
drop table if exists "airflow"."driven_staging"."dim_address__dbt_backup" cascade
[0m01:14:28.782037 [debug] [Thread-1 (]: SQL status: DROP TABLE in 0.003 seconds
[0m01:14:28.784436 [debug] [Thread-1 (]: On model.dbt_driven_data.staging_dim_address: Close
[0m01:14:28.785888 [debug] [Thread-1 (]: Sending event: {'category': 'dbt', 'action': 'run_model', 'label': '5ec08226-4fce-4fbe-abea-0ec60a5a124e', 'context': [<snowplow_tracker.self_describing_json.SelfDescribingJson object at 0x71bdcf9a2b10>]}
[0m01:14:28.786602 [info ] [Thread-1 (]: 1 of 5 OK created sql table model driven_staging.dim_address ................... [[32mSELECT 1096[0m in 0.13s]
[0m01:14:28.787456 [debug] [Thread-1 (]: Finished running node model.dbt_driven_data.staging_dim_address
[0m01:14:28.788113 [debug] [Thread-1 (]: Began running node model.dbt_driven_data.staging_dim_date
[0m01:14:28.788686 [info ] [Thread-1 (]: 2 of 5 START sql table model driven_staging.dim_date ........................... [RUN]
[0m01:14:28.789307 [debug] [Thread-1 (]: Re-using an available connection from the pool (formerly model.dbt_driven_data.staging_dim_address, now model.dbt_driven_data.staging_dim_date)
[0m01:14:28.789774 [debug] [Thread-1 (]: Began compiling node model.dbt_driven_data.staging_dim_date
[0m01:14:28.792362 [debug] [Thread-1 (]: Writing injected SQL for node "model.dbt_driven_data.staging_dim_date"
[0m01:14:28.803322 [debug] [Thread-1 (]: Began executing node model.dbt_driven_data.staging_dim_date
[0m01:14:28.806266 [debug] [Thread-1 (]: Writing runtime sql for node "model.dbt_driven_data.staging_dim_date"
[0m01:14:28.816159 [debug] [Thread-1 (]: Using postgres connection "model.dbt_driven_data.staging_dim_date"
[0m01:14:28.816735 [debug] [Thread-1 (]: On model.dbt_driven_data.staging_dim_date: BEGIN
[0m01:14:28.817977 [debug] [Thread-1 (]: Opening a new connection, currently in state closed
[0m01:14:28.821343 [debug] [Thread-1 (]: SQL status: BEGIN in 0.003 seconds
[0m01:14:28.821842 [debug] [Thread-1 (]: Using postgres connection "model.dbt_driven_data.staging_dim_date"
[0m01:14:28.822550 [debug] [Thread-1 (]: On model.dbt_driven_data.staging_dim_date: /* {"app": "dbt", "dbt_version": "1.8.0", "profile_name": "default", "target_name": "dev", "node_id": "model.dbt_driven_data.staging_dim_date"} */

  
    

  create  table "airflow"."driven_staging"."dim_date__dbt_tmp"
  
  
    as
  
  (
    

WITH source_data AS (
    SELECT
        unique_id,
        accessed_at
    FROM "airflow"."driven_raw"."raw_batch_data"
)

SELECT * FROM source_data
  );
  
[0m01:14:28.824810 [debug] [Thread-1 (]: SQL status: SELECT 1096 in 0.002 seconds
[0m01:14:28.827594 [debug] [Thread-1 (]: Using postgres connection "model.dbt_driven_data.staging_dim_date"
[0m01:14:28.828080 [debug] [Thread-1 (]: On model.dbt_driven_data.staging_dim_date: /* {"app": "dbt", "dbt_version": "1.8.0", "profile_name": "default", "target_name": "dev", "node_id": "model.dbt_driven_data.staging_dim_date"} */
alter table "airflow"."driven_staging"."dim_date" rename to "dim_date__dbt_backup"
[0m01:14:28.828761 [debug] [Thread-1 (]: SQL status: ALTER TABLE in 0.000 seconds
[0m01:14:28.831265 [debug] [Thread-1 (]: Using postgres connection "model.dbt_driven_data.staging_dim_date"
[0m01:14:28.831779 [debug] [Thread-1 (]: On model.dbt_driven_data.staging_dim_date: /* {"app": "dbt", "dbt_version": "1.8.0", "profile_name": "default", "target_name": "dev", "node_id": "model.dbt_driven_data.staging_dim_date"} */
alter table "airflow"."driven_staging"."dim_date__dbt_tmp" rename to "dim_date"
[0m01:14:28.832461 [debug] [Thread-1 (]: SQL status: ALTER TABLE in 0.000 seconds
[0m01:14:28.834372 [debug] [Thread-1 (]: On model.dbt_driven_data.staging_dim_date: COMMIT
[0m01:14:28.834931 [debug] [Thread-1 (]: Using postgres connection "model.dbt_driven_data.staging_dim_date"
[0m01:14:28.835353 [debug] [Thread-1 (]: On model.dbt_driven_data.staging_dim_date: COMMIT
[0m01:14:28.837326 [debug] [Thread-1 (]: SQL status: COMMIT in 0.002 seconds
[0m01:14:28.839348 [debug] [Thread-1 (]: Applying DROP to: "airflow"."driven_staging"."dim_date__dbt_backup"
[0m01:14:28.840131 [debug] [Thread-1 (]: Using postgres connection "model.dbt_driven_data.staging_dim_date"
[0m01:14:28.840658 [debug] [Thread-1 (]: On model.dbt_driven_data.staging_dim_date: /* {"app": "dbt", "dbt_version": "1.8.0", "profile_name": "default", "target_name": "dev", "node_id": "model.dbt_driven_data.staging_dim_date"} */
drop table if exists "airflow"."driven_staging"."dim_date__dbt_backup" cascade
[0m01:14:28.843220 [debug] [Thread-1 (]: SQL status: DROP TABLE in 0.002 seconds
[0m01:14:28.844487 [debug] [Thread-1 (]: On model.dbt_driven_data.staging_dim_date: Close
[0m01:14:28.845113 [debug] [Thread-1 (]: Sending event: {'category': 'dbt', 'action': 'run_model', 'label': '5ec08226-4fce-4fbe-abea-0ec60a5a124e', 'context': [<snowplow_tracker.self_describing_json.SelfDescribingJson object at 0x71bdcc1112b0>]}
[0m01:14:28.845873 [info ] [Thread-1 (]: 2 of 5 OK created sql table model driven_staging.dim_date ...................... [[32mSELECT 1096[0m in 0.06s]
[0m01:14:28.846558 [debug] [Thread-1 (]: Finished running node model.dbt_driven_data.staging_dim_date
[0m01:14:28.847163 [debug] [Thread-1 (]: Began running node model.dbt_driven_data.staging_dim_finance
[0m01:14:28.847768 [info ] [Thread-1 (]: 3 of 5 START sql table model driven_staging.dim_finance ........................ [RUN]
[0m01:14:28.848340 [debug] [Thread-1 (]: Re-using an available connection from the pool (formerly model.dbt_driven_data.staging_dim_date, now model.dbt_driven_data.staging_dim_finance)
[0m01:14:28.848833 [debug] [Thread-1 (]: Began compiling node model.dbt_driven_data.staging_dim_finance
[0m01:14:28.852785 [debug] [Thread-1 (]: Writing injected SQL for node "model.dbt_driven_data.staging_dim_finance"
[0m01:14:28.864774 [debug] [Thread-1 (]: Began executing node model.dbt_driven_data.staging_dim_finance
[0m01:14:28.868376 [debug] [Thread-1 (]: Writing runtime sql for node "model.dbt_driven_data.staging_dim_finance"
[0m01:14:28.882952 [debug] [Thread-1 (]: Using postgres connection "model.dbt_driven_data.staging_dim_finance"
[0m01:14:28.883530 [debug] [Thread-1 (]: On model.dbt_driven_data.staging_dim_finance: BEGIN
[0m01:14:28.884687 [debug] [Thread-1 (]: Opening a new connection, currently in state closed
[0m01:14:28.889703 [debug] [Thread-1 (]: SQL status: BEGIN in 0.005 seconds
[0m01:14:28.892000 [debug] [Thread-1 (]: Using postgres connection "model.dbt_driven_data.staging_dim_finance"
[0m01:14:28.892549 [debug] [Thread-1 (]: On model.dbt_driven_data.staging_dim_finance: /* {"app": "dbt", "dbt_version": "1.8.0", "profile_name": "default", "target_name": "dev", "node_id": "model.dbt_driven_data.staging_dim_finance"} */

  
    

  create  table "airflow"."driven_staging"."dim_finance__dbt_tmp"
  
  
    as
  
  (
    

WITH source_data AS (
    SELECT
        unique_id,
        iban
    FROM "airflow"."driven_raw"."raw_batch_data"
)

SELECT * FROM source_data
  );
  
[0m01:14:28.894521 [debug] [Thread-1 (]: SQL status: SELECT 1096 in 0.001 seconds
[0m01:14:28.897040 [debug] [Thread-1 (]: Using postgres connection "model.dbt_driven_data.staging_dim_finance"
[0m01:14:28.897581 [debug] [Thread-1 (]: On model.dbt_driven_data.staging_dim_finance: /* {"app": "dbt", "dbt_version": "1.8.0", "profile_name": "default", "target_name": "dev", "node_id": "model.dbt_driven_data.staging_dim_finance"} */
alter table "airflow"."driven_staging"."dim_finance" rename to "dim_finance__dbt_backup"
[0m01:14:28.898301 [debug] [Thread-1 (]: SQL status: ALTER TABLE in 0.000 seconds
[0m01:14:28.901681 [debug] [Thread-1 (]: Using postgres connection "model.dbt_driven_data.staging_dim_finance"
[0m01:14:28.902196 [debug] [Thread-1 (]: On model.dbt_driven_data.staging_dim_finance: /* {"app": "dbt", "dbt_version": "1.8.0", "profile_name": "default", "target_name": "dev", "node_id": "model.dbt_driven_data.staging_dim_finance"} */
alter table "airflow"."driven_staging"."dim_finance__dbt_tmp" rename to "dim_finance"
[0m01:14:28.903199 [debug] [Thread-1 (]: SQL status: ALTER TABLE in 0.000 seconds
[0m01:14:28.904910 [debug] [Thread-1 (]: On model.dbt_driven_data.staging_dim_finance: COMMIT
[0m01:14:28.905475 [debug] [Thread-1 (]: Using postgres connection "model.dbt_driven_data.staging_dim_finance"
[0m01:14:28.905974 [debug] [Thread-1 (]: On model.dbt_driven_data.staging_dim_finance: COMMIT
[0m01:14:28.908290 [debug] [Thread-1 (]: SQL status: COMMIT in 0.002 seconds
[0m01:14:28.910248 [debug] [Thread-1 (]: Applying DROP to: "airflow"."driven_staging"."dim_finance__dbt_backup"
[0m01:14:28.911201 [debug] [Thread-1 (]: Using postgres connection "model.dbt_driven_data.staging_dim_finance"
[0m01:14:28.911742 [debug] [Thread-1 (]: On model.dbt_driven_data.staging_dim_finance: /* {"app": "dbt", "dbt_version": "1.8.0", "profile_name": "default", "target_name": "dev", "node_id": "model.dbt_driven_data.staging_dim_finance"} */
drop table if exists "airflow"."driven_staging"."dim_finance__dbt_backup" cascade
[0m01:14:28.914091 [debug] [Thread-1 (]: SQL status: DROP TABLE in 0.002 seconds
[0m01:14:28.915629 [debug] [Thread-1 (]: On model.dbt_driven_data.staging_dim_finance: Close
[0m01:14:28.916388 [debug] [Thread-1 (]: Sending event: {'category': 'dbt', 'action': 'run_model', 'label': '5ec08226-4fce-4fbe-abea-0ec60a5a124e', 'context': [<snowplow_tracker.self_describing_json.SelfDescribingJson object at 0x71bdcbd61b50>]}
[0m01:14:28.917143 [info ] [Thread-1 (]: 3 of 5 OK created sql table model driven_staging.dim_finance ................... [[32mSELECT 1096[0m in 0.07s]
[0m01:14:28.918599 [debug] [Thread-1 (]: Finished running node model.dbt_driven_data.staging_dim_finance
[0m01:14:28.919204 [debug] [Thread-1 (]: Began running node model.dbt_driven_data.staging_dim_person
[0m01:14:28.919789 [info ] [Thread-1 (]: 4 of 5 START sql table model driven_staging.dim_person ......................... [RUN]
[0m01:14:28.920328 [debug] [Thread-1 (]: Re-using an available connection from the pool (formerly model.dbt_driven_data.staging_dim_finance, now model.dbt_driven_data.staging_dim_person)
[0m01:14:28.920730 [debug] [Thread-1 (]: Began compiling node model.dbt_driven_data.staging_dim_person
[0m01:14:28.923259 [debug] [Thread-1 (]: Writing injected SQL for node "model.dbt_driven_data.staging_dim_person"
[0m01:14:28.934791 [debug] [Thread-1 (]: Began executing node model.dbt_driven_data.staging_dim_person
[0m01:14:28.938150 [debug] [Thread-1 (]: Writing runtime sql for node "model.dbt_driven_data.staging_dim_person"
[0m01:14:28.948365 [debug] [Thread-1 (]: Using postgres connection "model.dbt_driven_data.staging_dim_person"
[0m01:14:28.948995 [debug] [Thread-1 (]: On model.dbt_driven_data.staging_dim_person: BEGIN
[0m01:14:28.949599 [debug] [Thread-1 (]: Opening a new connection, currently in state closed
[0m01:14:28.953990 [debug] [Thread-1 (]: SQL status: BEGIN in 0.004 seconds
[0m01:14:28.957580 [debug] [Thread-1 (]: Using postgres connection "model.dbt_driven_data.staging_dim_person"
[0m01:14:28.958315 [debug] [Thread-1 (]: On model.dbt_driven_data.staging_dim_person: /* {"app": "dbt", "dbt_version": "1.8.0", "profile_name": "default", "target_name": "dev", "node_id": "model.dbt_driven_data.staging_dim_person"} */

  
    

  create  table "airflow"."driven_staging"."dim_person__dbt_tmp"
  
  
    as
  
  (
    

WITH source_data AS (
    SELECT
        unique_id,
        person_name,
        user_name,
        email,
        phone,
        birth_date,
        personal_number
    FROM "airflow"."driven_raw"."raw_batch_data"
)

SELECT * FROM source_data
  );
  
[0m01:14:28.964057 [debug] [Thread-1 (]: SQL status: SELECT 1096 in 0.005 seconds
[0m01:14:28.967756 [debug] [Thread-1 (]: Using postgres connection "model.dbt_driven_data.staging_dim_person"
[0m01:14:28.968448 [debug] [Thread-1 (]: On model.dbt_driven_data.staging_dim_person: /* {"app": "dbt", "dbt_version": "1.8.0", "profile_name": "default", "target_name": "dev", "node_id": "model.dbt_driven_data.staging_dim_person"} */
alter table "airflow"."driven_staging"."dim_person" rename to "dim_person__dbt_backup"
[0m01:14:28.969400 [debug] [Thread-1 (]: SQL status: ALTER TABLE in 0.000 seconds
[0m01:14:28.972431 [debug] [Thread-1 (]: Using postgres connection "model.dbt_driven_data.staging_dim_person"
[0m01:14:28.973135 [debug] [Thread-1 (]: On model.dbt_driven_data.staging_dim_person: /* {"app": "dbt", "dbt_version": "1.8.0", "profile_name": "default", "target_name": "dev", "node_id": "model.dbt_driven_data.staging_dim_person"} */
alter table "airflow"."driven_staging"."dim_person__dbt_tmp" rename to "dim_person"
[0m01:14:28.974204 [debug] [Thread-1 (]: SQL status: ALTER TABLE in 0.000 seconds
[0m01:14:28.976174 [debug] [Thread-1 (]: On model.dbt_driven_data.staging_dim_person: COMMIT
[0m01:14:28.976811 [debug] [Thread-1 (]: Using postgres connection "model.dbt_driven_data.staging_dim_person"
[0m01:14:28.977360 [debug] [Thread-1 (]: On model.dbt_driven_data.staging_dim_person: COMMIT
[0m01:14:28.979244 [debug] [Thread-1 (]: SQL status: COMMIT in 0.001 seconds
[0m01:14:28.981429 [debug] [Thread-1 (]: Applying DROP to: "airflow"."driven_staging"."dim_person__dbt_backup"
[0m01:14:28.982290 [debug] [Thread-1 (]: Using postgres connection "model.dbt_driven_data.staging_dim_person"
[0m01:14:28.982757 [debug] [Thread-1 (]: On model.dbt_driven_data.staging_dim_person: /* {"app": "dbt", "dbt_version": "1.8.0", "profile_name": "default", "target_name": "dev", "node_id": "model.dbt_driven_data.staging_dim_person"} */
drop table if exists "airflow"."driven_staging"."dim_person__dbt_backup" cascade
[0m01:14:28.985458 [debug] [Thread-1 (]: SQL status: DROP TABLE in 0.002 seconds
[0m01:14:28.986945 [debug] [Thread-1 (]: On model.dbt_driven_data.staging_dim_person: Close
[0m01:14:28.987648 [debug] [Thread-1 (]: Sending event: {'category': 'dbt', 'action': 'run_model', 'label': '5ec08226-4fce-4fbe-abea-0ec60a5a124e', 'context': [<snowplow_tracker.self_describing_json.SelfDescribingJson object at 0x71bdcbd54bf0>]}
[0m01:14:28.988366 [info ] [Thread-1 (]: 4 of 5 OK created sql table model driven_staging.dim_person .................... [[32mSELECT 1096[0m in 0.07s]
[0m01:14:28.989000 [debug] [Thread-1 (]: Finished running node model.dbt_driven_data.staging_dim_person
[0m01:14:28.989505 [debug] [Thread-1 (]: Began running node model.dbt_driven_data.staging_fact_network_usage
[0m01:14:28.990091 [info ] [Thread-1 (]: 5 of 5 START sql table model driven_staging.fact_network_usage ................. [RUN]
[0m01:14:28.990675 [debug] [Thread-1 (]: Re-using an available connection from the pool (formerly model.dbt_driven_data.staging_dim_person, now model.dbt_driven_data.staging_fact_network_usage)
[0m01:14:28.991143 [debug] [Thread-1 (]: Began compiling node model.dbt_driven_data.staging_fact_network_usage
[0m01:14:28.993576 [debug] [Thread-1 (]: Writing injected SQL for node "model.dbt_driven_data.staging_fact_network_usage"
[0m01:14:29.005051 [debug] [Thread-1 (]: Began executing node model.dbt_driven_data.staging_fact_network_usage
[0m01:14:29.008050 [debug] [Thread-1 (]: Writing runtime sql for node "model.dbt_driven_data.staging_fact_network_usage"
[0m01:14:29.018198 [debug] [Thread-1 (]: Using postgres connection "model.dbt_driven_data.staging_fact_network_usage"
[0m01:14:29.019121 [debug] [Thread-1 (]: On model.dbt_driven_data.staging_fact_network_usage: BEGIN
[0m01:14:29.019599 [debug] [Thread-1 (]: Opening a new connection, currently in state closed
[0m01:14:29.023170 [debug] [Thread-1 (]: SQL status: BEGIN in 0.004 seconds
[0m01:14:29.023841 [debug] [Thread-1 (]: Using postgres connection "model.dbt_driven_data.staging_fact_network_usage"
[0m01:14:29.025268 [debug] [Thread-1 (]: On model.dbt_driven_data.staging_fact_network_usage: /* {"app": "dbt", "dbt_version": "1.8.0", "profile_name": "default", "target_name": "dev", "node_id": "model.dbt_driven_data.staging_fact_network_usage"} */

  
    

  create  table "airflow"."driven_staging"."fact_network_usage__dbt_tmp"
  
  
    as
  
  (
    

WITH source_data AS (
    SELECT
        unique_id,
        session_duration,
        download_speed,
        upload_speed,
        consumed_traffic
    FROM "airflow"."driven_raw"."raw_batch_data"
)

SELECT * FROM source_data
  );
  
[0m01:14:29.028304 [debug] [Thread-1 (]: SQL status: SELECT 1096 in 0.003 seconds
[0m01:14:29.030815 [debug] [Thread-1 (]: Using postgres connection "model.dbt_driven_data.staging_fact_network_usage"
[0m01:14:29.031330 [debug] [Thread-1 (]: On model.dbt_driven_data.staging_fact_network_usage: /* {"app": "dbt", "dbt_version": "1.8.0", "profile_name": "default", "target_name": "dev", "node_id": "model.dbt_driven_data.staging_fact_network_usage"} */
alter table "airflow"."driven_staging"."fact_network_usage" rename to "fact_network_usage__dbt_backup"
[0m01:14:29.032065 [debug] [Thread-1 (]: SQL status: ALTER TABLE in 0.000 seconds
[0m01:14:29.034403 [debug] [Thread-1 (]: Using postgres connection "model.dbt_driven_data.staging_fact_network_usage"
[0m01:14:29.034938 [debug] [Thread-1 (]: On model.dbt_driven_data.staging_fact_network_usage: /* {"app": "dbt", "dbt_version": "1.8.0", "profile_name": "default", "target_name": "dev", "node_id": "model.dbt_driven_data.staging_fact_network_usage"} */
alter table "airflow"."driven_staging"."fact_network_usage__dbt_tmp" rename to "fact_network_usage"
[0m01:14:29.035849 [debug] [Thread-1 (]: SQL status: ALTER TABLE in 0.000 seconds
[0m01:14:29.037430 [debug] [Thread-1 (]: On model.dbt_driven_data.staging_fact_network_usage: COMMIT
[0m01:14:29.037969 [debug] [Thread-1 (]: Using postgres connection "model.dbt_driven_data.staging_fact_network_usage"
[0m01:14:29.038482 [debug] [Thread-1 (]: On model.dbt_driven_data.staging_fact_network_usage: COMMIT
[0m01:14:29.040331 [debug] [Thread-1 (]: SQL status: COMMIT in 0.001 seconds
[0m01:14:29.043188 [debug] [Thread-1 (]: Applying DROP to: "airflow"."driven_staging"."fact_network_usage__dbt_backup"
[0m01:14:29.044050 [debug] [Thread-1 (]: Using postgres connection "model.dbt_driven_data.staging_fact_network_usage"
[0m01:14:29.044881 [debug] [Thread-1 (]: On model.dbt_driven_data.staging_fact_network_usage: /* {"app": "dbt", "dbt_version": "1.8.0", "profile_name": "default", "target_name": "dev", "node_id": "model.dbt_driven_data.staging_fact_network_usage"} */
drop table if exists "airflow"."driven_staging"."fact_network_usage__dbt_backup" cascade
[0m01:14:29.047262 [debug] [Thread-1 (]: SQL status: DROP TABLE in 0.002 seconds
[0m01:14:29.048597 [debug] [Thread-1 (]: On model.dbt_driven_data.staging_fact_network_usage: Close
[0m01:14:29.049208 [debug] [Thread-1 (]: Sending event: {'category': 'dbt', 'action': 'run_model', 'label': '5ec08226-4fce-4fbe-abea-0ec60a5a124e', 'context': [<snowplow_tracker.self_describing_json.SelfDescribingJson object at 0x71bdcbd312b0>]}
[0m01:14:29.049912 [info ] [Thread-1 (]: 5 of 5 OK created sql table model driven_staging.fact_network_usage ............ [[32mSELECT 1096[0m in 0.06s]
[0m01:14:29.051425 [debug] [Thread-1 (]: Finished running node model.dbt_driven_data.staging_fact_network_usage
[0m01:14:29.053141 [debug] [MainThread]: Using postgres connection "master"
[0m01:14:29.053624 [debug] [MainThread]: On master: BEGIN
[0m01:14:29.054126 [debug] [MainThread]: Opening a new connection, currently in state closed
[0m01:14:29.057621 [debug] [MainThread]: SQL status: BEGIN in 0.003 seconds
[0m01:14:29.058082 [debug] [MainThread]: On master: COMMIT
[0m01:14:29.058556 [debug] [MainThread]: Using postgres connection "master"
[0m01:14:29.059051 [debug] [MainThread]: On master: COMMIT
[0m01:14:29.059650 [debug] [MainThread]: SQL status: COMMIT in 0.000 seconds
[0m01:14:29.060100 [debug] [MainThread]: On master: Close
[0m01:14:29.060676 [debug] [MainThread]: Connection 'master' was properly closed.
[0m01:14:29.061142 [debug] [MainThread]: Connection 'model.dbt_driven_data.staging_fact_network_usage' was properly closed.
[0m01:14:29.061644 [info ] [MainThread]: 
[0m01:14:29.062143 [info ] [MainThread]: Finished running 5 table models in 0 hours 0 minutes and 0.51 seconds (0.51s).
[0m01:14:29.063267 [debug] [MainThread]: Command end result
[0m01:14:29.111098 [info ] [MainThread]: 
[0m01:14:29.111823 [info ] [MainThread]: [32mCompleted successfully[0m
[0m01:14:29.112365 [info ] [MainThread]: 
[0m01:14:29.113050 [info ] [MainThread]: Done. PASS=5 WARN=0 ERROR=0 SKIP=0 TOTAL=5
[0m01:14:29.114097 [debug] [MainThread]: Resource report: {"command_name": "run", "command_success": true, "command_wall_clock_time": 1.473857, "process_user_time": 2.475689, "process_kernel_time": 0.280417, "process_mem_max_rss": "120020", "process_in_blocks": "35848", "process_out_blocks": "4056"}
[0m01:14:29.114859 [debug] [MainThread]: Command `dbt run` succeeded at 01:14:29.114723 after 1.47 seconds
[0m01:14:29.115374 [debug] [MainThread]: Sending event: {'category': 'dbt', 'action': 'invocation', 'label': 'end', 'context': [<snowplow_tracker.self_describing_json.SelfDescribingJson object at 0x71bdce8fed20>, <snowplow_tracker.self_describing_json.SelfDescribingJson object at 0x71bdcf764e30>, <snowplow_tracker.self_describing_json.SelfDescribingJson object at 0x71bdcd58e840>]}
[0m01:14:29.115893 [debug] [MainThread]: Flushing usage events
[0m01:14:32.914992 [debug] [MainThread]: Sending event: {'category': 'dbt', 'action': 'invocation', 'label': 'start', 'context': [<snowplow_tracker.self_describing_json.SelfDescribingJson object at 0x7e6f2e69d250>, <snowplow_tracker.self_describing_json.SelfDescribingJson object at 0x7e6f2e8e0c20>, <snowplow_tracker.self_describing_json.SelfDescribingJson object at 0x7e6f2e975430>]}


============================== 01:14:32.920936 | 6ba0f08f-0b7e-44a6-b08b-ca9f22270c02 ==============================
[0m01:14:32.920936 [info ] [MainThread]: Running with dbt=1.8.0
[0m01:14:32.921792 [debug] [MainThread]: running dbt with arguments {'printer_width': '80', 'indirect_selection': 'eager', 'write_json': 'True', 'log_cache_events': 'False', 'partial_parse': 'True', 'cache_selected_only': 'False', 'profiles_dir': '/opt/airflow/dbt', 'version_check': 'True', 'warn_error': 'None', 'log_path': '/opt/airflow/dbt/logs', 'fail_fast': 'False', 'debug': 'False', 'use_colors': 'True', 'use_experimental_parser': 'False', 'no_print': 'None', 'quiet': 'False', 'warn_error_options': 'WarnErrorOptions(include=[], exclude=[])', 'introspect': 'True', 'static_parser': 'True', 'invocation_command': 'dbt run --select tag:trusted', 'target_path': 'None', 'log_format': 'default', 'send_anonymous_usage_stats': 'True'}
[0m01:14:33.072253 [debug] [MainThread]: Sending event: {'category': 'dbt', 'action': 'project_id', 'label': '6ba0f08f-0b7e-44a6-b08b-ca9f22270c02', 'context': [<snowplow_tracker.self_describing_json.SelfDescribingJson object at 0x7e6f2e2b7020>]}
[0m01:14:33.124203 [debug] [MainThread]: Sending event: {'category': 'dbt', 'action': 'adapter_info', 'label': '6ba0f08f-0b7e-44a6-b08b-ca9f22270c02', 'context': [<snowplow_tracker.self_describing_json.SelfDescribingJson object at 0x7e6f2e6bc2c0>]}
[0m01:14:33.125939 [info ] [MainThread]: Registered adapter: postgres=1.8.2
[0m01:14:33.187381 [debug] [MainThread]: checksum: dbb12d416fdb55e3665e4828703bbedf40c5c90ed7ca6ff39bbbfb29b12b0a92, vars: {}, profile: , target: , version: 1.8.0
[0m01:14:33.331521 [debug] [MainThread]: Partial parsing enabled: 0 files deleted, 0 files added, 0 files changed.
[0m01:14:33.332077 [debug] [MainThread]: Partial parsing enabled, no changes found, skipping parsing
[0m01:14:33.361112 [debug] [MainThread]: Sending event: {'category': 'dbt', 'action': 'load_project', 'label': '6ba0f08f-0b7e-44a6-b08b-ca9f22270c02', 'context': [<snowplow_tracker.self_describing_json.SelfDescribingJson object at 0x7e6f2e1a0e30>]}
[0m01:14:33.482470 [debug] [MainThread]: Sending event: {'category': 'dbt', 'action': 'resource_counts', 'label': '6ba0f08f-0b7e-44a6-b08b-ca9f22270c02', 'context': [<snowplow_tracker.self_describing_json.SelfDescribingJson object at 0x7e6f2cd3b950>]}
[0m01:14:33.483403 [info ] [MainThread]: Found 9 models, 10 sources, 428 macros
[0m01:14:33.484489 [debug] [MainThread]: Sending event: {'category': 'dbt', 'action': 'runnable_timing', 'label': '6ba0f08f-0b7e-44a6-b08b-ca9f22270c02', 'context': [<snowplow_tracker.self_describing_json.SelfDescribingJson object at 0x7e6f2cd767b0>]}
[0m01:14:33.487812 [info ] [MainThread]: 
[0m01:14:33.489101 [debug] [MainThread]: Acquiring new postgres connection 'master'
[0m01:14:33.493236 [debug] [ThreadPool]: Acquiring new postgres connection 'list_airflow'
[0m01:14:33.520901 [debug] [ThreadPool]: Using postgres connection "list_airflow"
[0m01:14:33.521727 [debug] [ThreadPool]: On list_airflow: /* {"app": "dbt", "dbt_version": "1.8.0", "profile_name": "default", "target_name": "dev", "connection_name": "list_airflow"} */

    select distinct nspname from pg_namespace
  
[0m01:14:33.522491 [debug] [ThreadPool]: Opening a new connection, currently in state init
[0m01:14:33.527862 [debug] [ThreadPool]: SQL status: SELECT 7 in 0.005 seconds
[0m01:14:33.529424 [debug] [ThreadPool]: On list_airflow: Close
[0m01:14:33.531538 [debug] [ThreadPool]: Re-using an available connection from the pool (formerly list_airflow, now list_airflow_driven_staging)
[0m01:14:33.538761 [debug] [ThreadPool]: Using postgres connection "list_airflow_driven_staging"
[0m01:14:33.540107 [debug] [ThreadPool]: On list_airflow_driven_staging: BEGIN
[0m01:14:33.541128 [debug] [ThreadPool]: Opening a new connection, currently in state closed
[0m01:14:33.545872 [debug] [ThreadPool]: SQL status: BEGIN in 0.005 seconds
[0m01:14:33.549232 [debug] [ThreadPool]: Using postgres connection "list_airflow_driven_staging"
[0m01:14:33.550703 [debug] [ThreadPool]: On list_airflow_driven_staging: /* {"app": "dbt", "dbt_version": "1.8.0", "profile_name": "default", "target_name": "dev", "connection_name": "list_airflow_driven_staging"} */
select
      'airflow' as database,
      tablename as name,
      schemaname as schema,
      'table' as type
    from pg_tables
    where schemaname ilike 'driven_staging'
    union all
    select
      'airflow' as database,
      viewname as name,
      schemaname as schema,
      'view' as type
    from pg_views
    where schemaname ilike 'driven_staging'
    union all
    select
      'airflow' as database,
      matviewname as name,
      schemaname as schema,
      'materialized_view' as type
    from pg_matviews
    where schemaname ilike 'driven_staging'
  
[0m01:14:33.559742 [debug] [ThreadPool]: SQL status: SELECT 5 in 0.007 seconds
[0m01:14:33.563497 [debug] [ThreadPool]: On list_airflow_driven_staging: ROLLBACK
[0m01:14:33.566003 [debug] [ThreadPool]: On list_airflow_driven_staging: Close
[0m01:14:33.567291 [debug] [ThreadPool]: Re-using an available connection from the pool (formerly list_airflow_driven_staging, now list_airflow_driven_trusted)
[0m01:14:33.570565 [debug] [ThreadPool]: Using postgres connection "list_airflow_driven_trusted"
[0m01:14:33.571635 [debug] [ThreadPool]: On list_airflow_driven_trusted: BEGIN
[0m01:14:33.572335 [debug] [ThreadPool]: Opening a new connection, currently in state closed
[0m01:14:33.576465 [debug] [ThreadPool]: SQL status: BEGIN in 0.004 seconds
[0m01:14:33.577239 [debug] [ThreadPool]: Using postgres connection "list_airflow_driven_trusted"
[0m01:14:33.577990 [debug] [ThreadPool]: On list_airflow_driven_trusted: /* {"app": "dbt", "dbt_version": "1.8.0", "profile_name": "default", "target_name": "dev", "connection_name": "list_airflow_driven_trusted"} */
select
      'airflow' as database,
      tablename as name,
      schemaname as schema,
      'table' as type
    from pg_tables
    where schemaname ilike 'driven_trusted'
    union all
    select
      'airflow' as database,
      viewname as name,
      schemaname as schema,
      'view' as type
    from pg_views
    where schemaname ilike 'driven_trusted'
    union all
    select
      'airflow' as database,
      matviewname as name,
      schemaname as schema,
      'materialized_view' as type
    from pg_matviews
    where schemaname ilike 'driven_trusted'
  
[0m01:14:33.580862 [debug] [ThreadPool]: SQL status: SELECT 4 in 0.002 seconds
[0m01:14:33.582406 [debug] [ThreadPool]: On list_airflow_driven_trusted: ROLLBACK
[0m01:14:33.583348 [debug] [ThreadPool]: On list_airflow_driven_trusted: Close
[0m01:14:33.590353 [debug] [MainThread]: Using postgres connection "master"
[0m01:14:33.591371 [debug] [MainThread]: On master: BEGIN
[0m01:14:33.592283 [debug] [MainThread]: Opening a new connection, currently in state init
[0m01:14:33.596727 [debug] [MainThread]: SQL status: BEGIN in 0.004 seconds
[0m01:14:33.597786 [debug] [MainThread]: Using postgres connection "master"
[0m01:14:33.598691 [debug] [MainThread]: On master: /* {"app": "dbt", "dbt_version": "1.8.0", "profile_name": "default", "target_name": "dev", "connection_name": "master"} */
with relation as (
        select
            pg_rewrite.ev_class as class,
            pg_rewrite.oid as id
        from pg_rewrite
    ),
    class as (
        select
            oid as id,
            relname as name,
            relnamespace as schema,
            relkind as kind
        from pg_class
    ),
    dependency as (
        select distinct
            pg_depend.objid as id,
            pg_depend.refobjid as ref
        from pg_depend
    ),
    schema as (
        select
            pg_namespace.oid as id,
            pg_namespace.nspname as name
        from pg_namespace
        where nspname != 'information_schema' and nspname not like 'pg\_%'
    ),
    referenced as (
        select
            relation.id AS id,
            referenced_class.name ,
            referenced_class.schema ,
            referenced_class.kind
        from relation
        join class as referenced_class on relation.class=referenced_class.id
        where referenced_class.kind in ('r', 'v', 'm')
    ),
    relationships as (
        select
            referenced.name as referenced_name,
            referenced.schema as referenced_schema_id,
            dependent_class.name as dependent_name,
            dependent_class.schema as dependent_schema_id,
            referenced.kind as kind
        from referenced
        join dependency on referenced.id=dependency.id
        join class as dependent_class on dependency.ref=dependent_class.id
        where
            (referenced.name != dependent_class.name or
             referenced.schema != dependent_class.schema)
    )

    select
        referenced_schema.name as referenced_schema,
        relationships.referenced_name as referenced_name,
        dependent_schema.name as dependent_schema,
        relationships.dependent_name as dependent_name
    from relationships
    join schema as dependent_schema on relationships.dependent_schema_id=dependent_schema.id
    join schema as referenced_schema on relationships.referenced_schema_id=referenced_schema.id
    group by referenced_schema, referenced_name, dependent_schema, dependent_name
    order by referenced_schema, referenced_name, dependent_schema, dependent_name;
[0m01:14:33.602608 [debug] [MainThread]: SQL status: SELECT 0 in 0.003 seconds
[0m01:14:33.604313 [debug] [MainThread]: Sending event: {'category': 'dbt', 'action': 'runnable_timing', 'label': '6ba0f08f-0b7e-44a6-b08b-ca9f22270c02', 'context': [<snowplow_tracker.self_describing_json.SelfDescribingJson object at 0x7e6f2d98d6d0>]}
[0m01:14:33.605045 [debug] [MainThread]: On master: ROLLBACK
[0m01:14:33.605908 [debug] [MainThread]: Using postgres connection "master"
[0m01:14:33.606557 [debug] [MainThread]: On master: BEGIN
[0m01:14:33.607473 [debug] [MainThread]: SQL status: BEGIN in 0.000 seconds
[0m01:14:33.608027 [debug] [MainThread]: On master: COMMIT
[0m01:14:33.608622 [debug] [MainThread]: Using postgres connection "master"
[0m01:14:33.610075 [debug] [MainThread]: On master: COMMIT
[0m01:14:33.615589 [debug] [MainThread]: SQL status: COMMIT in 0.001 seconds
[0m01:14:33.625169 [debug] [MainThread]: On master: Close
[0m01:14:33.626103 [info ] [MainThread]: Concurrency: 1 threads (target='dev')
[0m01:14:33.627123 [info ] [MainThread]: 
[0m01:14:33.643346 [debug] [Thread-1 (]: Began running node model.dbt_driven_data.trusted_non_pii_data
[0m01:14:33.645328 [info ] [Thread-1 (]: 1 of 4 START sql table model driven_trusted.non_pii_data ....................... [RUN]
[0m01:14:33.647121 [debug] [Thread-1 (]: Re-using an available connection from the pool (formerly list_airflow_driven_trusted, now model.dbt_driven_data.trusted_non_pii_data)
[0m01:14:33.648366 [debug] [Thread-1 (]: Began compiling node model.dbt_driven_data.trusted_non_pii_data
[0m01:14:33.658754 [debug] [Thread-1 (]: Writing injected SQL for node "model.dbt_driven_data.trusted_non_pii_data"
[0m01:14:33.686180 [debug] [Thread-1 (]: Began executing node model.dbt_driven_data.trusted_non_pii_data
[0m01:14:33.716510 [debug] [Thread-1 (]: Writing runtime sql for node "model.dbt_driven_data.trusted_non_pii_data"
[0m01:14:33.730883 [debug] [Thread-1 (]: Using postgres connection "model.dbt_driven_data.trusted_non_pii_data"
[0m01:14:33.731505 [debug] [Thread-1 (]: On model.dbt_driven_data.trusted_non_pii_data: BEGIN
[0m01:14:33.732042 [debug] [Thread-1 (]: Opening a new connection, currently in state closed
[0m01:14:33.735542 [debug] [Thread-1 (]: SQL status: BEGIN in 0.003 seconds
[0m01:14:33.739069 [debug] [Thread-1 (]: Using postgres connection "model.dbt_driven_data.trusted_non_pii_data"
[0m01:14:33.740976 [debug] [Thread-1 (]: On model.dbt_driven_data.trusted_non_pii_data: /* {"app": "dbt", "dbt_version": "1.8.0", "profile_name": "default", "target_name": "dev", "node_id": "model.dbt_driven_data.trusted_non_pii_data"} */

  
    

  create  table "airflow"."driven_trusted"."non_pii_data__dbt_tmp"
  
  
    as
  
  (
    

WITH source_data AS (
    SELECT
        '***MASKED***' AS person_name,
        SUBSTRING(dp.user_name, 1, 5) || '*****' AS user_name,
        SUBSTRING(dp.email, 1, 5) || '*****' AS email,
        '***MASKED***' AS personal_number,
        '***MASKED***' AS birth_date,
        '***MASKED***' AS address,
        '***MASKED***' AS phone,
        SUBSTRING(da.mac_address, 1, 5) || '*****' AS mac_address,
        SUBSTRING(da.ip_address, 1, 5) || '*****' AS ip_address,
        SUBSTRING(df.iban, 1, 5) || '*****' AS iban,
        dd.accessed_at,
        fnu.session_duration,
        fnu.download_speed,
        fnu.upload_speed,
        fnu.consumed_traffic,
        fnu.unique_id
    FROM "airflow"."driven_staging"."fact_network_usage" fnu
    INNER JOIN "airflow"."driven_staging"."dim_address" da
      ON fnu.unique_id = da.unique_id
    INNER JOIN "airflow"."driven_staging"."dim_date" dd
      ON da.unique_id = dd.unique_id
    INNER JOIN "airflow"."driven_staging"."dim_finance" df
      ON dd.unique_id = df.unique_id
    INNER JOIN "airflow"."driven_staging"."dim_person" dp
      ON df.unique_id = dp.unique_id
)

SELECT * FROM source_data
  );
  
[0m01:14:33.753983 [debug] [Thread-1 (]: SQL status: SELECT 1096 in 0.010 seconds
[0m01:14:33.759306 [debug] [Thread-1 (]: Using postgres connection "model.dbt_driven_data.trusted_non_pii_data"
[0m01:14:33.759961 [debug] [Thread-1 (]: On model.dbt_driven_data.trusted_non_pii_data: /* {"app": "dbt", "dbt_version": "1.8.0", "profile_name": "default", "target_name": "dev", "node_id": "model.dbt_driven_data.trusted_non_pii_data"} */
alter table "airflow"."driven_trusted"."non_pii_data" rename to "non_pii_data__dbt_backup"
[0m01:14:33.760921 [debug] [Thread-1 (]: SQL status: ALTER TABLE in 0.000 seconds
[0m01:14:33.763389 [debug] [Thread-1 (]: Using postgres connection "model.dbt_driven_data.trusted_non_pii_data"
[0m01:14:33.764187 [debug] [Thread-1 (]: On model.dbt_driven_data.trusted_non_pii_data: /* {"app": "dbt", "dbt_version": "1.8.0", "profile_name": "default", "target_name": "dev", "node_id": "model.dbt_driven_data.trusted_non_pii_data"} */
alter table "airflow"."driven_trusted"."non_pii_data__dbt_tmp" rename to "non_pii_data"
[0m01:14:33.765203 [debug] [Thread-1 (]: SQL status: ALTER TABLE in 0.000 seconds
[0m01:14:33.780554 [debug] [Thread-1 (]: On model.dbt_driven_data.trusted_non_pii_data: COMMIT
[0m01:14:33.781441 [debug] [Thread-1 (]: Using postgres connection "model.dbt_driven_data.trusted_non_pii_data"
[0m01:14:33.782185 [debug] [Thread-1 (]: On model.dbt_driven_data.trusted_non_pii_data: COMMIT
[0m01:14:33.784673 [debug] [Thread-1 (]: SQL status: COMMIT in 0.002 seconds
[0m01:14:33.793550 [debug] [Thread-1 (]: Applying DROP to: "airflow"."driven_trusted"."non_pii_data__dbt_backup"
[0m01:14:33.798059 [debug] [Thread-1 (]: Using postgres connection "model.dbt_driven_data.trusted_non_pii_data"
[0m01:14:33.798741 [debug] [Thread-1 (]: On model.dbt_driven_data.trusted_non_pii_data: /* {"app": "dbt", "dbt_version": "1.8.0", "profile_name": "default", "target_name": "dev", "node_id": "model.dbt_driven_data.trusted_non_pii_data"} */
drop table if exists "airflow"."driven_trusted"."non_pii_data__dbt_backup" cascade
[0m01:14:33.801812 [debug] [Thread-1 (]: SQL status: DROP TABLE in 0.002 seconds
[0m01:14:33.804246 [debug] [Thread-1 (]: On model.dbt_driven_data.trusted_non_pii_data: Close
[0m01:14:33.805909 [debug] [Thread-1 (]: Sending event: {'category': 'dbt', 'action': 'run_model', 'label': '6ba0f08f-0b7e-44a6-b08b-ca9f22270c02', 'context': [<snowplow_tracker.self_describing_json.SelfDescribingJson object at 0x7e6f2fb89e50>]}
[0m01:14:33.806812 [info ] [Thread-1 (]: 1 of 4 OK created sql table model driven_trusted.non_pii_data .................. [[32mSELECT 1096[0m in 0.16s]
[0m01:14:33.807612 [debug] [Thread-1 (]: Finished running node model.dbt_driven_data.trusted_non_pii_data
[0m01:14:33.808272 [debug] [Thread-1 (]: Began running node model.dbt_driven_data.trusted_payment_data
[0m01:14:33.808975 [info ] [Thread-1 (]: 2 of 4 START sql table model driven_trusted.payment_data ....................... [RUN]
[0m01:14:33.809582 [debug] [Thread-1 (]: Re-using an available connection from the pool (formerly model.dbt_driven_data.trusted_non_pii_data, now model.dbt_driven_data.trusted_payment_data)
[0m01:14:33.810115 [debug] [Thread-1 (]: Began compiling node model.dbt_driven_data.trusted_payment_data
[0m01:14:33.812836 [debug] [Thread-1 (]: Writing injected SQL for node "model.dbt_driven_data.trusted_payment_data"
[0m01:14:33.824143 [debug] [Thread-1 (]: Began executing node model.dbt_driven_data.trusted_payment_data
[0m01:14:33.827607 [debug] [Thread-1 (]: Writing runtime sql for node "model.dbt_driven_data.trusted_payment_data"
[0m01:14:33.838174 [debug] [Thread-1 (]: Using postgres connection "model.dbt_driven_data.trusted_payment_data"
[0m01:14:33.838800 [debug] [Thread-1 (]: On model.dbt_driven_data.trusted_payment_data: BEGIN
[0m01:14:33.839399 [debug] [Thread-1 (]: Opening a new connection, currently in state closed
[0m01:14:33.842812 [debug] [Thread-1 (]: SQL status: BEGIN in 0.003 seconds
[0m01:14:33.843574 [debug] [Thread-1 (]: Using postgres connection "model.dbt_driven_data.trusted_payment_data"
[0m01:14:33.844099 [debug] [Thread-1 (]: On model.dbt_driven_data.trusted_payment_data: /* {"app": "dbt", "dbt_version": "1.8.0", "profile_name": "default", "target_name": "dev", "node_id": "model.dbt_driven_data.trusted_payment_data"} */

  
    

  create  table "airflow"."driven_trusted"."payment_data__dbt_tmp"
  
  
    as
  
  (
    

WITH source_data AS (
    SELECT
        fnu.unique_id,
        df.iban,
        fnu.download_speed,
        fnu.upload_speed,
        fnu.session_duration,
        fnu.consumed_traffic,
        ((fnu.download_speed + fnu.upload_speed + 1)/2) +
        (fnu.consumed_traffic / (fnu.session_duration + 1)) AS payment_amount
    FROM "airflow"."driven_staging"."fact_network_usage" fnu
    JOIN "airflow"."driven_staging"."dim_finance" df
      ON fnu.unique_id = df.unique_id
)

SELECT * FROM source_data
  );
  
[0m01:14:33.847074 [debug] [Thread-1 (]: SQL status: SELECT 1096 in 0.002 seconds
[0m01:14:33.850029 [debug] [Thread-1 (]: Using postgres connection "model.dbt_driven_data.trusted_payment_data"
[0m01:14:33.850704 [debug] [Thread-1 (]: On model.dbt_driven_data.trusted_payment_data: /* {"app": "dbt", "dbt_version": "1.8.0", "profile_name": "default", "target_name": "dev", "node_id": "model.dbt_driven_data.trusted_payment_data"} */
alter table "airflow"."driven_trusted"."payment_data" rename to "payment_data__dbt_backup"
[0m01:14:33.851577 [debug] [Thread-1 (]: SQL status: ALTER TABLE in 0.000 seconds
[0m01:14:33.854366 [debug] [Thread-1 (]: Using postgres connection "model.dbt_driven_data.trusted_payment_data"
[0m01:14:33.854951 [debug] [Thread-1 (]: On model.dbt_driven_data.trusted_payment_data: /* {"app": "dbt", "dbt_version": "1.8.0", "profile_name": "default", "target_name": "dev", "node_id": "model.dbt_driven_data.trusted_payment_data"} */
alter table "airflow"."driven_trusted"."payment_data__dbt_tmp" rename to "payment_data"
[0m01:14:33.855666 [debug] [Thread-1 (]: SQL status: ALTER TABLE in 0.000 seconds
[0m01:14:33.857287 [debug] [Thread-1 (]: On model.dbt_driven_data.trusted_payment_data: COMMIT
[0m01:14:33.857843 [debug] [Thread-1 (]: Using postgres connection "model.dbt_driven_data.trusted_payment_data"
[0m01:14:33.858363 [debug] [Thread-1 (]: On model.dbt_driven_data.trusted_payment_data: COMMIT
[0m01:14:33.860484 [debug] [Thread-1 (]: SQL status: COMMIT in 0.002 seconds
[0m01:14:33.862525 [debug] [Thread-1 (]: Applying DROP to: "airflow"."driven_trusted"."payment_data__dbt_backup"
[0m01:14:33.863517 [debug] [Thread-1 (]: Using postgres connection "model.dbt_driven_data.trusted_payment_data"
[0m01:14:33.864087 [debug] [Thread-1 (]: On model.dbt_driven_data.trusted_payment_data: /* {"app": "dbt", "dbt_version": "1.8.0", "profile_name": "default", "target_name": "dev", "node_id": "model.dbt_driven_data.trusted_payment_data"} */
drop table if exists "airflow"."driven_trusted"."payment_data__dbt_backup" cascade
[0m01:14:33.866665 [debug] [Thread-1 (]: SQL status: DROP TABLE in 0.002 seconds
[0m01:14:33.868073 [debug] [Thread-1 (]: On model.dbt_driven_data.trusted_payment_data: Close
[0m01:14:33.868839 [debug] [Thread-1 (]: Sending event: {'category': 'dbt', 'action': 'run_model', 'label': '6ba0f08f-0b7e-44a6-b08b-ca9f22270c02', 'context': [<snowplow_tracker.self_describing_json.SelfDescribingJson object at 0x7e6f2c1c3d40>]}
[0m01:14:33.869557 [info ] [Thread-1 (]: 2 of 4 OK created sql table model driven_trusted.payment_data .................. [[32mSELECT 1096[0m in 0.06s]
[0m01:14:33.870609 [debug] [Thread-1 (]: Finished running node model.dbt_driven_data.trusted_payment_data
[0m01:14:33.871200 [debug] [Thread-1 (]: Began running node model.dbt_driven_data.trusted_pii_data
[0m01:14:33.871839 [info ] [Thread-1 (]: 3 of 4 START sql table model driven_trusted.pii_data ........................... [RUN]
[0m01:14:33.872471 [debug] [Thread-1 (]: Re-using an available connection from the pool (formerly model.dbt_driven_data.trusted_payment_data, now model.dbt_driven_data.trusted_pii_data)
[0m01:14:33.873027 [debug] [Thread-1 (]: Began compiling node model.dbt_driven_data.trusted_pii_data
[0m01:14:33.876483 [debug] [Thread-1 (]: Writing injected SQL for node "model.dbt_driven_data.trusted_pii_data"
[0m01:14:33.895503 [debug] [Thread-1 (]: Began executing node model.dbt_driven_data.trusted_pii_data
[0m01:14:33.901270 [debug] [Thread-1 (]: Writing runtime sql for node "model.dbt_driven_data.trusted_pii_data"
[0m01:14:33.912068 [debug] [Thread-1 (]: Using postgres connection "model.dbt_driven_data.trusted_pii_data"
[0m01:14:33.912703 [debug] [Thread-1 (]: On model.dbt_driven_data.trusted_pii_data: BEGIN
[0m01:14:33.913291 [debug] [Thread-1 (]: Opening a new connection, currently in state closed
[0m01:14:33.916896 [debug] [Thread-1 (]: SQL status: BEGIN in 0.004 seconds
[0m01:14:33.917764 [debug] [Thread-1 (]: Using postgres connection "model.dbt_driven_data.trusted_pii_data"
[0m01:14:33.919021 [debug] [Thread-1 (]: On model.dbt_driven_data.trusted_pii_data: /* {"app": "dbt", "dbt_version": "1.8.0", "profile_name": "default", "target_name": "dev", "node_id": "model.dbt_driven_data.trusted_pii_data"} */

  
    

  create  table "airflow"."driven_trusted"."pii_data__dbt_tmp"
  
  
    as
  
  (
    

WITH source_data AS (
    SELECT
        dp.person_name,
        dp.user_name,
        dp.email,
        dp.personal_number,
        dp.birth_date,
        da.address,
        dp.phone,
        da.mac_address,
        da.ip_address,
        df.iban,
        dd.accessed_at,
        fnu.session_duration,
        fnu.download_speed,
        fnu.upload_speed,
        fnu.consumed_traffic,
        fnu.unique_id
    FROM "airflow"."driven_staging"."fact_network_usage" fnu
    INNER JOIN "airflow"."driven_staging"."dim_address" da
      ON fnu.unique_id = da.unique_id
    INNER JOIN "airflow"."driven_staging"."dim_date" dd
      ON da.unique_id = dd.unique_id
    INNER JOIN "airflow"."driven_staging"."dim_finance" df
      ON dd.unique_id = df.unique_id
    INNER JOIN "airflow"."driven_staging"."dim_person" dp
      ON df.unique_id = dp.unique_id
)

SELECT * FROM source_data
  );
  
[0m01:14:33.929203 [debug] [Thread-1 (]: SQL status: SELECT 1096 in 0.010 seconds
[0m01:14:33.931849 [debug] [Thread-1 (]: Using postgres connection "model.dbt_driven_data.trusted_pii_data"
[0m01:14:33.932474 [debug] [Thread-1 (]: On model.dbt_driven_data.trusted_pii_data: /* {"app": "dbt", "dbt_version": "1.8.0", "profile_name": "default", "target_name": "dev", "node_id": "model.dbt_driven_data.trusted_pii_data"} */
alter table "airflow"."driven_trusted"."pii_data" rename to "pii_data__dbt_backup"
[0m01:14:33.933271 [debug] [Thread-1 (]: SQL status: ALTER TABLE in 0.000 seconds
[0m01:14:33.935822 [debug] [Thread-1 (]: Using postgres connection "model.dbt_driven_data.trusted_pii_data"
[0m01:14:33.936421 [debug] [Thread-1 (]: On model.dbt_driven_data.trusted_pii_data: /* {"app": "dbt", "dbt_version": "1.8.0", "profile_name": "default", "target_name": "dev", "node_id": "model.dbt_driven_data.trusted_pii_data"} */
alter table "airflow"."driven_trusted"."pii_data__dbt_tmp" rename to "pii_data"
[0m01:14:33.937341 [debug] [Thread-1 (]: SQL status: ALTER TABLE in 0.000 seconds
[0m01:14:33.939111 [debug] [Thread-1 (]: On model.dbt_driven_data.trusted_pii_data: COMMIT
[0m01:14:33.939591 [debug] [Thread-1 (]: Using postgres connection "model.dbt_driven_data.trusted_pii_data"
[0m01:14:33.940163 [debug] [Thread-1 (]: On model.dbt_driven_data.trusted_pii_data: COMMIT
[0m01:14:33.942396 [debug] [Thread-1 (]: SQL status: COMMIT in 0.002 seconds
[0m01:14:33.944401 [debug] [Thread-1 (]: Applying DROP to: "airflow"."driven_trusted"."pii_data__dbt_backup"
[0m01:14:33.945255 [debug] [Thread-1 (]: Using postgres connection "model.dbt_driven_data.trusted_pii_data"
[0m01:14:33.945745 [debug] [Thread-1 (]: On model.dbt_driven_data.trusted_pii_data: /* {"app": "dbt", "dbt_version": "1.8.0", "profile_name": "default", "target_name": "dev", "node_id": "model.dbt_driven_data.trusted_pii_data"} */
drop table if exists "airflow"."driven_trusted"."pii_data__dbt_backup" cascade
[0m01:14:33.948240 [debug] [Thread-1 (]: SQL status: DROP TABLE in 0.002 seconds
[0m01:14:33.949773 [debug] [Thread-1 (]: On model.dbt_driven_data.trusted_pii_data: Close
[0m01:14:33.950520 [debug] [Thread-1 (]: Sending event: {'category': 'dbt', 'action': 'run_model', 'label': '6ba0f08f-0b7e-44a6-b08b-ca9f22270c02', 'context': [<snowplow_tracker.self_describing_json.SelfDescribingJson object at 0x7e6f2c1d9b20>]}
[0m01:14:33.951283 [info ] [Thread-1 (]: 3 of 4 OK created sql table model driven_trusted.pii_data ...................... [[32mSELECT 1096[0m in 0.08s]
[0m01:14:33.952272 [debug] [Thread-1 (]: Finished running node model.dbt_driven_data.trusted_pii_data
[0m01:14:33.953095 [debug] [Thread-1 (]: Began running node model.dbt_driven_data.trusted_technical_data
[0m01:14:33.953718 [info ] [Thread-1 (]: 4 of 4 START sql table model driven_trusted.technical_data ..................... [RUN]
[0m01:14:33.954364 [debug] [Thread-1 (]: Re-using an available connection from the pool (formerly model.dbt_driven_data.trusted_pii_data, now model.dbt_driven_data.trusted_technical_data)
[0m01:14:33.954871 [debug] [Thread-1 (]: Began compiling node model.dbt_driven_data.trusted_technical_data
[0m01:14:33.957553 [debug] [Thread-1 (]: Writing injected SQL for node "model.dbt_driven_data.trusted_technical_data"
[0m01:14:33.969712 [debug] [Thread-1 (]: Began executing node model.dbt_driven_data.trusted_technical_data
[0m01:14:33.973374 [debug] [Thread-1 (]: Writing runtime sql for node "model.dbt_driven_data.trusted_technical_data"
[0m01:14:33.988216 [debug] [Thread-1 (]: Using postgres connection "model.dbt_driven_data.trusted_technical_data"
[0m01:14:33.988792 [debug] [Thread-1 (]: On model.dbt_driven_data.trusted_technical_data: BEGIN
[0m01:14:33.989305 [debug] [Thread-1 (]: Opening a new connection, currently in state closed
[0m01:14:33.993160 [debug] [Thread-1 (]: SQL status: BEGIN in 0.004 seconds
[0m01:14:33.993678 [debug] [Thread-1 (]: Using postgres connection "model.dbt_driven_data.trusted_technical_data"
[0m01:14:33.994174 [debug] [Thread-1 (]: On model.dbt_driven_data.trusted_technical_data: /* {"app": "dbt", "dbt_version": "1.8.0", "profile_name": "default", "target_name": "dev", "node_id": "model.dbt_driven_data.trusted_technical_data"} */

  
    

  create  table "airflow"."driven_trusted"."technical_data__dbt_tmp"
  
  
    as
  
  (
    

WITH source_data AS (
    SELECT
        fnu.unique_id,
        da.address,
        da.mac_address,
        da.ip_address,
        fnu.download_speed,
        fnu.upload_speed,
        ROUND((fnu.session_duration / 60), 1) AS min_session_duration,
        CASE
            WHEN fnu.download_speed < 50
              OR fnu.upload_speed < 30
              OR fnu.session_duration / 60 < 1
            THEN true
            ELSE false
        END AS technical_issue
    FROM "airflow"."driven_staging"."fact_network_usage" fnu
    JOIN "airflow"."driven_staging"."dim_address" da
      ON fnu.unique_id = da.unique_id
)

SELECT * FROM source_data
  );
  
[0m01:14:34.001599 [debug] [Thread-1 (]: SQL status: SELECT 1096 in 0.007 seconds
[0m01:14:34.004590 [debug] [Thread-1 (]: Using postgres connection "model.dbt_driven_data.trusted_technical_data"
[0m01:14:34.005198 [debug] [Thread-1 (]: On model.dbt_driven_data.trusted_technical_data: /* {"app": "dbt", "dbt_version": "1.8.0", "profile_name": "default", "target_name": "dev", "node_id": "model.dbt_driven_data.trusted_technical_data"} */
alter table "airflow"."driven_trusted"."technical_data" rename to "technical_data__dbt_backup"
[0m01:14:34.006091 [debug] [Thread-1 (]: SQL status: ALTER TABLE in 0.000 seconds
[0m01:14:34.008634 [debug] [Thread-1 (]: Using postgres connection "model.dbt_driven_data.trusted_technical_data"
[0m01:14:34.009256 [debug] [Thread-1 (]: On model.dbt_driven_data.trusted_technical_data: /* {"app": "dbt", "dbt_version": "1.8.0", "profile_name": "default", "target_name": "dev", "node_id": "model.dbt_driven_data.trusted_technical_data"} */
alter table "airflow"."driven_trusted"."technical_data__dbt_tmp" rename to "technical_data"
[0m01:14:34.010010 [debug] [Thread-1 (]: SQL status: ALTER TABLE in 0.000 seconds
[0m01:14:34.011664 [debug] [Thread-1 (]: On model.dbt_driven_data.trusted_technical_data: COMMIT
[0m01:14:34.012257 [debug] [Thread-1 (]: Using postgres connection "model.dbt_driven_data.trusted_technical_data"
[0m01:14:34.012792 [debug] [Thread-1 (]: On model.dbt_driven_data.trusted_technical_data: COMMIT
[0m01:14:34.014979 [debug] [Thread-1 (]: SQL status: COMMIT in 0.002 seconds
[0m01:14:34.017061 [debug] [Thread-1 (]: Applying DROP to: "airflow"."driven_trusted"."technical_data__dbt_backup"
[0m01:14:34.018107 [debug] [Thread-1 (]: Using postgres connection "model.dbt_driven_data.trusted_technical_data"
[0m01:14:34.018691 [debug] [Thread-1 (]: On model.dbt_driven_data.trusted_technical_data: /* {"app": "dbt", "dbt_version": "1.8.0", "profile_name": "default", "target_name": "dev", "node_id": "model.dbt_driven_data.trusted_technical_data"} */
drop table if exists "airflow"."driven_trusted"."technical_data__dbt_backup" cascade
[0m01:14:34.021409 [debug] [Thread-1 (]: SQL status: DROP TABLE in 0.002 seconds
[0m01:14:34.022724 [debug] [Thread-1 (]: On model.dbt_driven_data.trusted_technical_data: Close
[0m01:14:34.023388 [debug] [Thread-1 (]: Sending event: {'category': 'dbt', 'action': 'run_model', 'label': '6ba0f08f-0b7e-44a6-b08b-ca9f22270c02', 'context': [<snowplow_tracker.self_describing_json.SelfDescribingJson object at 0x7e6f2c1c3c50>]}
[0m01:14:34.024195 [info ] [Thread-1 (]: 4 of 4 OK created sql table model driven_trusted.technical_data ................ [[32mSELECT 1096[0m in 0.07s]
[0m01:14:34.024851 [debug] [Thread-1 (]: Finished running node model.dbt_driven_data.trusted_technical_data
[0m01:14:34.026284 [debug] [MainThread]: Using postgres connection "master"
[0m01:14:34.026792 [debug] [MainThread]: On master: BEGIN
[0m01:14:34.027274 [debug] [MainThread]: Opening a new connection, currently in state closed
[0m01:14:34.030718 [debug] [MainThread]: SQL status: BEGIN in 0.003 seconds
[0m01:14:34.031302 [debug] [MainThread]: On master: COMMIT
[0m01:14:34.031764 [debug] [MainThread]: Using postgres connection "master"
[0m01:14:34.032799 [debug] [MainThread]: On master: COMMIT
[0m01:14:34.033421 [debug] [MainThread]: SQL status: COMMIT in 0.000 seconds
[0m01:14:34.034048 [debug] [MainThread]: On master: Close
[0m01:14:34.034684 [debug] [MainThread]: Connection 'master' was properly closed.
[0m01:14:34.035891 [debug] [MainThread]: Connection 'model.dbt_driven_data.trusted_technical_data' was properly closed.
[0m01:14:34.036465 [info ] [MainThread]: 
[0m01:14:34.037037 [info ] [MainThread]: Finished running 4 table models in 0 hours 0 minutes and 0.55 seconds (0.55s).
[0m01:14:34.038133 [debug] [MainThread]: Command end result
[0m01:14:34.081222 [info ] [MainThread]: 
[0m01:14:34.082080 [info ] [MainThread]: [32mCompleted successfully[0m
[0m01:14:34.082805 [info ] [MainThread]: 
[0m01:14:34.083371 [info ] [MainThread]: Done. PASS=4 WARN=0 ERROR=0 SKIP=0 TOTAL=4
[0m01:14:34.084482 [debug] [MainThread]: Resource report: {"command_name": "run", "command_success": true, "command_wall_clock_time": 1.2157112, "process_user_time": 2.141523, "process_kernel_time": 0.190005, "process_mem_max_rss": "119348", "process_in_blocks": "0", "process_out_blocks": "0"}
[0m01:14:34.085679 [debug] [MainThread]: Command `dbt run` succeeded at 01:14:34.085560 after 1.22 seconds
[0m01:14:34.086364 [debug] [MainThread]: Sending event: {'category': 'dbt', 'action': 'invocation', 'label': 'end', 'context': [<snowplow_tracker.self_describing_json.SelfDescribingJson object at 0x7e6f30e8ca40>, <snowplow_tracker.self_describing_json.SelfDescribingJson object at 0x7e6f2b43a4e0>, <snowplow_tracker.self_describing_json.SelfDescribingJson object at 0x7e6f2b43ba40>]}
[0m01:14:34.086974 [debug] [MainThread]: Flushing usage events
