[2025-07-02T00:00:08.052+0000] {processor.py:186} INFO - Started process (PID=1023) to work on /opt/airflow/dags/driven_data_pipeline.py
[2025-07-02T00:00:08.053+0000] {processor.py:914} INFO - Processing file /opt/airflow/dags/driven_data_pipeline.py for tasks to queue
[2025-07-02T00:00:08.056+0000] {logging_mixin.py:190} INFO - [2025-07-02T00:00:08.056+0000] {dagbag.py:588} INFO - Filling up the DagBag from /opt/airflow/dags/driven_data_pipeline.py
[2025-07-02T00:00:08.109+0000] {processor.py:925} INFO - DAG(s) 'extract_raw_data_pipeline' retrieved from /opt/airflow/dags/driven_data_pipeline.py
[2025-07-02T00:00:08.139+0000] {logging_mixin.py:190} INFO - [2025-07-02T00:00:08.139+0000] {dag.py:3239} INFO - Sync 1 DAGs
[2025-07-02T00:00:08.162+0000] {logging_mixin.py:190} INFO - [2025-07-02T00:00:08.161+0000] {dag.py:4180} INFO - Setting next_dagrun for extract_raw_data_pipeline to 2025-07-01 07:00:00+00:00, run_after=2025-07-02 07:00:00+00:00
[2025-07-02T00:00:08.179+0000] {processor.py:208} INFO - Processing /opt/airflow/dags/driven_data_pipeline.py took 0.132 seconds
[2025-07-02T00:00:38.558+0000] {processor.py:186} INFO - Started process (PID=1030) to work on /opt/airflow/dags/driven_data_pipeline.py
[2025-07-02T00:00:38.559+0000] {processor.py:914} INFO - Processing file /opt/airflow/dags/driven_data_pipeline.py for tasks to queue
[2025-07-02T00:00:38.563+0000] {logging_mixin.py:190} INFO - [2025-07-02T00:00:38.563+0000] {dagbag.py:588} INFO - Filling up the DagBag from /opt/airflow/dags/driven_data_pipeline.py
[2025-07-02T00:00:38.581+0000] {processor.py:925} INFO - DAG(s) 'extract_raw_data_pipeline' retrieved from /opt/airflow/dags/driven_data_pipeline.py
[2025-07-02T00:00:38.605+0000] {logging_mixin.py:190} INFO - [2025-07-02T00:00:38.605+0000] {dag.py:3239} INFO - Sync 1 DAGs
[2025-07-02T00:00:38.626+0000] {logging_mixin.py:190} INFO - [2025-07-02T00:00:38.626+0000] {dag.py:4180} INFO - Setting next_dagrun for extract_raw_data_pipeline to 2025-07-01 07:00:00+00:00, run_after=2025-07-02 07:00:00+00:00
[2025-07-02T00:00:38.642+0000] {processor.py:208} INFO - Processing /opt/airflow/dags/driven_data_pipeline.py took 0.089 seconds
[2025-07-02T00:01:09.111+0000] {processor.py:186} INFO - Started process (PID=1037) to work on /opt/airflow/dags/driven_data_pipeline.py
[2025-07-02T00:01:09.115+0000] {processor.py:914} INFO - Processing file /opt/airflow/dags/driven_data_pipeline.py for tasks to queue
[2025-07-02T00:01:09.119+0000] {logging_mixin.py:190} INFO - [2025-07-02T00:01:09.119+0000] {dagbag.py:588} INFO - Filling up the DagBag from /opt/airflow/dags/driven_data_pipeline.py
[2025-07-02T00:01:09.142+0000] {processor.py:925} INFO - DAG(s) 'extract_raw_data_pipeline' retrieved from /opt/airflow/dags/driven_data_pipeline.py
[2025-07-02T00:01:09.166+0000] {logging_mixin.py:190} INFO - [2025-07-02T00:01:09.166+0000] {dag.py:3239} INFO - Sync 1 DAGs
[2025-07-02T00:01:09.186+0000] {logging_mixin.py:190} INFO - [2025-07-02T00:01:09.185+0000] {dag.py:4180} INFO - Setting next_dagrun for extract_raw_data_pipeline to 2025-07-01 07:00:00+00:00, run_after=2025-07-02 07:00:00+00:00
[2025-07-02T00:01:09.199+0000] {processor.py:208} INFO - Processing /opt/airflow/dags/driven_data_pipeline.py took 0.108 seconds
[2025-07-02T00:01:39.685+0000] {processor.py:186} INFO - Started process (PID=1044) to work on /opt/airflow/dags/driven_data_pipeline.py
[2025-07-02T00:01:39.687+0000] {processor.py:914} INFO - Processing file /opt/airflow/dags/driven_data_pipeline.py for tasks to queue
[2025-07-02T00:01:39.690+0000] {logging_mixin.py:190} INFO - [2025-07-02T00:01:39.690+0000] {dagbag.py:588} INFO - Filling up the DagBag from /opt/airflow/dags/driven_data_pipeline.py
[2025-07-02T00:01:39.713+0000] {processor.py:925} INFO - DAG(s) 'extract_raw_data_pipeline' retrieved from /opt/airflow/dags/driven_data_pipeline.py
[2025-07-02T00:01:39.743+0000] {logging_mixin.py:190} INFO - [2025-07-02T00:01:39.743+0000] {dag.py:3239} INFO - Sync 1 DAGs
[2025-07-02T00:01:39.769+0000] {logging_mixin.py:190} INFO - [2025-07-02T00:01:39.769+0000] {dag.py:4180} INFO - Setting next_dagrun for extract_raw_data_pipeline to 2025-07-01 07:00:00+00:00, run_after=2025-07-02 07:00:00+00:00
[2025-07-02T00:01:39.787+0000] {processor.py:208} INFO - Processing /opt/airflow/dags/driven_data_pipeline.py took 0.110 seconds
[2025-07-02T00:02:10.336+0000] {processor.py:186} INFO - Started process (PID=1051) to work on /opt/airflow/dags/driven_data_pipeline.py
[2025-07-02T00:02:10.337+0000] {processor.py:914} INFO - Processing file /opt/airflow/dags/driven_data_pipeline.py for tasks to queue
[2025-07-02T00:02:10.340+0000] {logging_mixin.py:190} INFO - [2025-07-02T00:02:10.340+0000] {dagbag.py:588} INFO - Filling up the DagBag from /opt/airflow/dags/driven_data_pipeline.py
[2025-07-02T00:02:10.357+0000] {processor.py:925} INFO - DAG(s) 'extract_raw_data_pipeline' retrieved from /opt/airflow/dags/driven_data_pipeline.py
[2025-07-02T00:02:10.382+0000] {logging_mixin.py:190} INFO - [2025-07-02T00:02:10.381+0000] {dag.py:3239} INFO - Sync 1 DAGs
[2025-07-02T00:02:10.401+0000] {logging_mixin.py:190} INFO - [2025-07-02T00:02:10.401+0000] {dag.py:4180} INFO - Setting next_dagrun for extract_raw_data_pipeline to 2025-07-01 07:00:00+00:00, run_after=2025-07-02 07:00:00+00:00
[2025-07-02T00:02:10.415+0000] {processor.py:208} INFO - Processing /opt/airflow/dags/driven_data_pipeline.py took 0.085 seconds
[2025-07-02T00:02:41.001+0000] {processor.py:186} INFO - Started process (PID=1058) to work on /opt/airflow/dags/driven_data_pipeline.py
[2025-07-02T00:02:41.002+0000] {processor.py:914} INFO - Processing file /opt/airflow/dags/driven_data_pipeline.py for tasks to queue
[2025-07-02T00:02:41.004+0000] {logging_mixin.py:190} INFO - [2025-07-02T00:02:41.004+0000] {dagbag.py:588} INFO - Filling up the DagBag from /opt/airflow/dags/driven_data_pipeline.py
[2025-07-02T00:02:41.028+0000] {processor.py:925} INFO - DAG(s) 'extract_raw_data_pipeline' retrieved from /opt/airflow/dags/driven_data_pipeline.py
[2025-07-02T00:02:41.054+0000] {logging_mixin.py:190} INFO - [2025-07-02T00:02:41.054+0000] {dag.py:3239} INFO - Sync 1 DAGs
[2025-07-02T00:02:41.077+0000] {logging_mixin.py:190} INFO - [2025-07-02T00:02:41.076+0000] {dag.py:4180} INFO - Setting next_dagrun for extract_raw_data_pipeline to 2025-07-01 07:00:00+00:00, run_after=2025-07-02 07:00:00+00:00
[2025-07-02T00:02:41.097+0000] {processor.py:208} INFO - Processing /opt/airflow/dags/driven_data_pipeline.py took 0.102 seconds
[2025-07-02T00:03:11.561+0000] {processor.py:186} INFO - Started process (PID=1066) to work on /opt/airflow/dags/driven_data_pipeline.py
[2025-07-02T00:03:11.563+0000] {processor.py:914} INFO - Processing file /opt/airflow/dags/driven_data_pipeline.py for tasks to queue
[2025-07-02T00:03:11.569+0000] {logging_mixin.py:190} INFO - [2025-07-02T00:03:11.569+0000] {dagbag.py:588} INFO - Filling up the DagBag from /opt/airflow/dags/driven_data_pipeline.py
[2025-07-02T00:03:11.593+0000] {processor.py:925} INFO - DAG(s) 'extract_raw_data_pipeline' retrieved from /opt/airflow/dags/driven_data_pipeline.py
[2025-07-02T00:03:11.617+0000] {logging_mixin.py:190} INFO - [2025-07-02T00:03:11.617+0000] {dag.py:3239} INFO - Sync 1 DAGs
[2025-07-02T00:03:11.639+0000] {logging_mixin.py:190} INFO - [2025-07-02T00:03:11.639+0000] {dag.py:4180} INFO - Setting next_dagrun for extract_raw_data_pipeline to 2025-07-01 07:00:00+00:00, run_after=2025-07-02 07:00:00+00:00
[2025-07-02T00:03:11.655+0000] {processor.py:208} INFO - Processing /opt/airflow/dags/driven_data_pipeline.py took 0.105 seconds
[2025-07-02T00:03:42.241+0000] {processor.py:186} INFO - Started process (PID=1073) to work on /opt/airflow/dags/driven_data_pipeline.py
[2025-07-02T00:03:42.243+0000] {processor.py:914} INFO - Processing file /opt/airflow/dags/driven_data_pipeline.py for tasks to queue
[2025-07-02T00:03:42.246+0000] {logging_mixin.py:190} INFO - [2025-07-02T00:03:42.246+0000] {dagbag.py:588} INFO - Filling up the DagBag from /opt/airflow/dags/driven_data_pipeline.py
[2025-07-02T00:03:42.268+0000] {processor.py:925} INFO - DAG(s) 'extract_raw_data_pipeline' retrieved from /opt/airflow/dags/driven_data_pipeline.py
[2025-07-02T00:03:42.298+0000] {logging_mixin.py:190} INFO - [2025-07-02T00:03:42.298+0000] {dag.py:3239} INFO - Sync 1 DAGs
[2025-07-02T00:03:42.319+0000] {logging_mixin.py:190} INFO - [2025-07-02T00:03:42.319+0000] {dag.py:4180} INFO - Setting next_dagrun for extract_raw_data_pipeline to 2025-07-01 07:00:00+00:00, run_after=2025-07-02 07:00:00+00:00
[2025-07-02T00:03:42.336+0000] {processor.py:208} INFO - Processing /opt/airflow/dags/driven_data_pipeline.py took 0.101 seconds
[2025-07-02T00:04:12.850+0000] {processor.py:186} INFO - Started process (PID=1080) to work on /opt/airflow/dags/driven_data_pipeline.py
[2025-07-02T00:04:12.852+0000] {processor.py:914} INFO - Processing file /opt/airflow/dags/driven_data_pipeline.py for tasks to queue
[2025-07-02T00:04:12.857+0000] {logging_mixin.py:190} INFO - [2025-07-02T00:04:12.857+0000] {dagbag.py:588} INFO - Filling up the DagBag from /opt/airflow/dags/driven_data_pipeline.py
[2025-07-02T00:04:12.994+0000] {processor.py:925} INFO - DAG(s) 'extract_raw_data_pipeline' retrieved from /opt/airflow/dags/driven_data_pipeline.py
[2025-07-02T00:04:13.036+0000] {logging_mixin.py:190} INFO - [2025-07-02T00:04:13.036+0000] {dag.py:3239} INFO - Sync 1 DAGs
[2025-07-02T00:04:13.063+0000] {logging_mixin.py:190} INFO - [2025-07-02T00:04:13.063+0000] {dag.py:4180} INFO - Setting next_dagrun for extract_raw_data_pipeline to 2025-07-01 07:00:00+00:00, run_after=2025-07-02 07:00:00+00:00
[2025-07-02T00:04:13.091+0000] {processor.py:208} INFO - Processing /opt/airflow/dags/driven_data_pipeline.py took 0.250 seconds
[2025-07-02T00:04:43.355+0000] {processor.py:186} INFO - Started process (PID=1087) to work on /opt/airflow/dags/driven_data_pipeline.py
[2025-07-02T00:04:43.357+0000] {processor.py:914} INFO - Processing file /opt/airflow/dags/driven_data_pipeline.py for tasks to queue
[2025-07-02T00:04:43.359+0000] {logging_mixin.py:190} INFO - [2025-07-02T00:04:43.359+0000] {dagbag.py:588} INFO - Filling up the DagBag from /opt/airflow/dags/driven_data_pipeline.py
[2025-07-02T00:04:43.379+0000] {processor.py:925} INFO - DAG(s) 'extract_raw_data_pipeline' retrieved from /opt/airflow/dags/driven_data_pipeline.py
[2025-07-02T00:04:43.406+0000] {logging_mixin.py:190} INFO - [2025-07-02T00:04:43.406+0000] {dag.py:3239} INFO - Sync 1 DAGs
[2025-07-02T00:04:43.427+0000] {logging_mixin.py:190} INFO - [2025-07-02T00:04:43.427+0000] {dag.py:4180} INFO - Setting next_dagrun for extract_raw_data_pipeline to 2025-07-01 07:00:00+00:00, run_after=2025-07-02 07:00:00+00:00
[2025-07-02T00:04:43.445+0000] {processor.py:208} INFO - Processing /opt/airflow/dags/driven_data_pipeline.py took 0.097 seconds
[2025-07-02T00:05:13.970+0000] {processor.py:186} INFO - Started process (PID=1094) to work on /opt/airflow/dags/driven_data_pipeline.py
[2025-07-02T00:05:13.972+0000] {processor.py:914} INFO - Processing file /opt/airflow/dags/driven_data_pipeline.py for tasks to queue
[2025-07-02T00:05:13.977+0000] {logging_mixin.py:190} INFO - [2025-07-02T00:05:13.976+0000] {dagbag.py:588} INFO - Filling up the DagBag from /opt/airflow/dags/driven_data_pipeline.py
[2025-07-02T00:05:14.000+0000] {processor.py:925} INFO - DAG(s) 'extract_raw_data_pipeline' retrieved from /opt/airflow/dags/driven_data_pipeline.py
[2025-07-02T00:05:14.021+0000] {logging_mixin.py:190} INFO - [2025-07-02T00:05:14.021+0000] {dag.py:3239} INFO - Sync 1 DAGs
[2025-07-02T00:05:14.040+0000] {logging_mixin.py:190} INFO - [2025-07-02T00:05:14.040+0000] {dag.py:4180} INFO - Setting next_dagrun for extract_raw_data_pipeline to 2025-07-01 07:00:00+00:00, run_after=2025-07-02 07:00:00+00:00
[2025-07-02T00:05:14.056+0000] {processor.py:208} INFO - Processing /opt/airflow/dags/driven_data_pipeline.py took 0.097 seconds
[2025-07-02T00:05:44.515+0000] {processor.py:186} INFO - Started process (PID=1101) to work on /opt/airflow/dags/driven_data_pipeline.py
[2025-07-02T00:05:44.516+0000] {processor.py:914} INFO - Processing file /opt/airflow/dags/driven_data_pipeline.py for tasks to queue
[2025-07-02T00:05:44.518+0000] {logging_mixin.py:190} INFO - [2025-07-02T00:05:44.518+0000] {dagbag.py:588} INFO - Filling up the DagBag from /opt/airflow/dags/driven_data_pipeline.py
[2025-07-02T00:05:44.534+0000] {processor.py:925} INFO - DAG(s) 'extract_raw_data_pipeline' retrieved from /opt/airflow/dags/driven_data_pipeline.py
[2025-07-02T00:05:44.555+0000] {logging_mixin.py:190} INFO - [2025-07-02T00:05:44.555+0000] {dag.py:3239} INFO - Sync 1 DAGs
[2025-07-02T00:05:44.575+0000] {logging_mixin.py:190} INFO - [2025-07-02T00:05:44.575+0000] {dag.py:4180} INFO - Setting next_dagrun for extract_raw_data_pipeline to 2025-07-01 07:00:00+00:00, run_after=2025-07-02 07:00:00+00:00
[2025-07-02T00:05:44.592+0000] {processor.py:208} INFO - Processing /opt/airflow/dags/driven_data_pipeline.py took 0.082 seconds
[2025-07-02T00:06:15.177+0000] {processor.py:186} INFO - Started process (PID=1108) to work on /opt/airflow/dags/driven_data_pipeline.py
[2025-07-02T00:06:15.178+0000] {processor.py:914} INFO - Processing file /opt/airflow/dags/driven_data_pipeline.py for tasks to queue
[2025-07-02T00:06:15.181+0000] {logging_mixin.py:190} INFO - [2025-07-02T00:06:15.180+0000] {dagbag.py:588} INFO - Filling up the DagBag from /opt/airflow/dags/driven_data_pipeline.py
[2025-07-02T00:06:15.199+0000] {processor.py:925} INFO - DAG(s) 'extract_raw_data_pipeline' retrieved from /opt/airflow/dags/driven_data_pipeline.py
[2025-07-02T00:06:15.222+0000] {logging_mixin.py:190} INFO - [2025-07-02T00:06:15.222+0000] {dag.py:3239} INFO - Sync 1 DAGs
[2025-07-02T00:06:15.244+0000] {logging_mixin.py:190} INFO - [2025-07-02T00:06:15.244+0000] {dag.py:4180} INFO - Setting next_dagrun for extract_raw_data_pipeline to 2025-07-01 07:00:00+00:00, run_after=2025-07-02 07:00:00+00:00
[2025-07-02T00:06:15.260+0000] {processor.py:208} INFO - Processing /opt/airflow/dags/driven_data_pipeline.py took 0.089 seconds
[2025-07-02T00:06:45.627+0000] {processor.py:186} INFO - Started process (PID=1115) to work on /opt/airflow/dags/driven_data_pipeline.py
[2025-07-02T00:06:45.629+0000] {processor.py:914} INFO - Processing file /opt/airflow/dags/driven_data_pipeline.py for tasks to queue
[2025-07-02T00:06:45.634+0000] {logging_mixin.py:190} INFO - [2025-07-02T00:06:45.633+0000] {dagbag.py:588} INFO - Filling up the DagBag from /opt/airflow/dags/driven_data_pipeline.py
[2025-07-02T00:06:45.654+0000] {processor.py:925} INFO - DAG(s) 'extract_raw_data_pipeline' retrieved from /opt/airflow/dags/driven_data_pipeline.py
[2025-07-02T00:06:45.691+0000] {logging_mixin.py:190} INFO - [2025-07-02T00:06:45.690+0000] {dag.py:3239} INFO - Sync 1 DAGs
[2025-07-02T00:06:45.714+0000] {logging_mixin.py:190} INFO - [2025-07-02T00:06:45.714+0000] {dag.py:4180} INFO - Setting next_dagrun for extract_raw_data_pipeline to 2025-07-01 07:00:00+00:00, run_after=2025-07-02 07:00:00+00:00
[2025-07-02T00:06:45.730+0000] {processor.py:208} INFO - Processing /opt/airflow/dags/driven_data_pipeline.py took 0.108 seconds
[2025-07-02T00:07:16.344+0000] {processor.py:186} INFO - Started process (PID=1128) to work on /opt/airflow/dags/driven_data_pipeline.py
[2025-07-02T00:07:16.345+0000] {processor.py:914} INFO - Processing file /opt/airflow/dags/driven_data_pipeline.py for tasks to queue
[2025-07-02T00:07:16.347+0000] {logging_mixin.py:190} INFO - [2025-07-02T00:07:16.347+0000] {dagbag.py:588} INFO - Filling up the DagBag from /opt/airflow/dags/driven_data_pipeline.py
[2025-07-02T00:07:16.366+0000] {processor.py:925} INFO - DAG(s) 'extract_raw_data_pipeline' retrieved from /opt/airflow/dags/driven_data_pipeline.py
[2025-07-02T00:07:16.386+0000] {logging_mixin.py:190} INFO - [2025-07-02T00:07:16.386+0000] {dag.py:3239} INFO - Sync 1 DAGs
[2025-07-02T00:07:16.405+0000] {logging_mixin.py:190} INFO - [2025-07-02T00:07:16.405+0000] {dag.py:4180} INFO - Setting next_dagrun for extract_raw_data_pipeline to 2025-07-01 07:00:00+00:00, run_after=2025-07-02 07:00:00+00:00
[2025-07-02T00:07:16.421+0000] {processor.py:208} INFO - Processing /opt/airflow/dags/driven_data_pipeline.py took 0.084 seconds
[2025-07-02T00:07:46.972+0000] {processor.py:186} INFO - Started process (PID=1135) to work on /opt/airflow/dags/driven_data_pipeline.py
[2025-07-02T00:07:46.973+0000] {processor.py:914} INFO - Processing file /opt/airflow/dags/driven_data_pipeline.py for tasks to queue
[2025-07-02T00:07:46.976+0000] {logging_mixin.py:190} INFO - [2025-07-02T00:07:46.976+0000] {dagbag.py:588} INFO - Filling up the DagBag from /opt/airflow/dags/driven_data_pipeline.py
[2025-07-02T00:07:46.994+0000] {processor.py:925} INFO - DAG(s) 'extract_raw_data_pipeline' retrieved from /opt/airflow/dags/driven_data_pipeline.py
[2025-07-02T00:07:47.017+0000] {logging_mixin.py:190} INFO - [2025-07-02T00:07:47.017+0000] {dag.py:3239} INFO - Sync 1 DAGs
[2025-07-02T00:07:47.037+0000] {logging_mixin.py:190} INFO - [2025-07-02T00:07:47.037+0000] {dag.py:4180} INFO - Setting next_dagrun for extract_raw_data_pipeline to 2025-07-01 07:00:00+00:00, run_after=2025-07-02 07:00:00+00:00
[2025-07-02T00:07:47.053+0000] {processor.py:208} INFO - Processing /opt/airflow/dags/driven_data_pipeline.py took 0.086 seconds
[2025-07-02T00:08:17.591+0000] {processor.py:186} INFO - Started process (PID=1142) to work on /opt/airflow/dags/driven_data_pipeline.py
[2025-07-02T00:08:17.593+0000] {processor.py:914} INFO - Processing file /opt/airflow/dags/driven_data_pipeline.py for tasks to queue
[2025-07-02T00:08:17.596+0000] {logging_mixin.py:190} INFO - [2025-07-02T00:08:17.596+0000] {dagbag.py:588} INFO - Filling up the DagBag from /opt/airflow/dags/driven_data_pipeline.py
[2025-07-02T00:08:17.622+0000] {processor.py:925} INFO - DAG(s) 'extract_raw_data_pipeline' retrieved from /opt/airflow/dags/driven_data_pipeline.py
[2025-07-02T00:08:17.648+0000] {logging_mixin.py:190} INFO - [2025-07-02T00:08:17.648+0000] {dag.py:3239} INFO - Sync 1 DAGs
[2025-07-02T00:08:17.669+0000] {logging_mixin.py:190} INFO - [2025-07-02T00:08:17.669+0000] {dag.py:4180} INFO - Setting next_dagrun for extract_raw_data_pipeline to 2025-07-01 07:00:00+00:00, run_after=2025-07-02 07:00:00+00:00
[2025-07-02T00:08:17.684+0000] {processor.py:208} INFO - Processing /opt/airflow/dags/driven_data_pipeline.py took 0.100 seconds
[2025-07-02T00:08:48.126+0000] {processor.py:186} INFO - Started process (PID=1149) to work on /opt/airflow/dags/driven_data_pipeline.py
[2025-07-02T00:08:48.127+0000] {processor.py:914} INFO - Processing file /opt/airflow/dags/driven_data_pipeline.py for tasks to queue
[2025-07-02T00:08:48.129+0000] {logging_mixin.py:190} INFO - [2025-07-02T00:08:48.129+0000] {dagbag.py:588} INFO - Filling up the DagBag from /opt/airflow/dags/driven_data_pipeline.py
[2025-07-02T00:08:48.146+0000] {processor.py:925} INFO - DAG(s) 'extract_raw_data_pipeline' retrieved from /opt/airflow/dags/driven_data_pipeline.py
[2025-07-02T00:08:48.170+0000] {logging_mixin.py:190} INFO - [2025-07-02T00:08:48.170+0000] {dag.py:3239} INFO - Sync 1 DAGs
[2025-07-02T00:08:48.192+0000] {logging_mixin.py:190} INFO - [2025-07-02T00:08:48.192+0000] {dag.py:4180} INFO - Setting next_dagrun for extract_raw_data_pipeline to 2025-07-01 07:00:00+00:00, run_after=2025-07-02 07:00:00+00:00
[2025-07-02T00:08:48.209+0000] {processor.py:208} INFO - Processing /opt/airflow/dags/driven_data_pipeline.py took 0.089 seconds
[2025-07-02T00:09:18.785+0000] {processor.py:186} INFO - Started process (PID=1156) to work on /opt/airflow/dags/driven_data_pipeline.py
[2025-07-02T00:09:18.787+0000] {processor.py:914} INFO - Processing file /opt/airflow/dags/driven_data_pipeline.py for tasks to queue
[2025-07-02T00:09:18.789+0000] {logging_mixin.py:190} INFO - [2025-07-02T00:09:18.789+0000] {dagbag.py:588} INFO - Filling up the DagBag from /opt/airflow/dags/driven_data_pipeline.py
[2025-07-02T00:09:18.807+0000] {processor.py:925} INFO - DAG(s) 'extract_raw_data_pipeline' retrieved from /opt/airflow/dags/driven_data_pipeline.py
[2025-07-02T00:09:18.832+0000] {logging_mixin.py:190} INFO - [2025-07-02T00:09:18.831+0000] {dag.py:3239} INFO - Sync 1 DAGs
[2025-07-02T00:09:18.853+0000] {logging_mixin.py:190} INFO - [2025-07-02T00:09:18.852+0000] {dag.py:4180} INFO - Setting next_dagrun for extract_raw_data_pipeline to 2025-07-01 07:00:00+00:00, run_after=2025-07-02 07:00:00+00:00
[2025-07-02T00:09:18.868+0000] {processor.py:208} INFO - Processing /opt/airflow/dags/driven_data_pipeline.py took 0.090 seconds
[2025-07-02T00:09:49.323+0000] {processor.py:186} INFO - Started process (PID=1163) to work on /opt/airflow/dags/driven_data_pipeline.py
[2025-07-02T00:09:49.328+0000] {processor.py:914} INFO - Processing file /opt/airflow/dags/driven_data_pipeline.py for tasks to queue
[2025-07-02T00:09:49.335+0000] {logging_mixin.py:190} INFO - [2025-07-02T00:09:49.334+0000] {dagbag.py:588} INFO - Filling up the DagBag from /opt/airflow/dags/driven_data_pipeline.py
[2025-07-02T00:09:49.377+0000] {processor.py:925} INFO - DAG(s) 'extract_raw_data_pipeline' retrieved from /opt/airflow/dags/driven_data_pipeline.py
[2025-07-02T00:09:49.432+0000] {logging_mixin.py:190} INFO - [2025-07-02T00:09:49.432+0000] {dag.py:3239} INFO - Sync 1 DAGs
[2025-07-02T00:09:49.472+0000] {logging_mixin.py:190} INFO - [2025-07-02T00:09:49.472+0000] {dag.py:4180} INFO - Setting next_dagrun for extract_raw_data_pipeline to 2025-07-01 07:00:00+00:00, run_after=2025-07-02 07:00:00+00:00
[2025-07-02T00:09:49.496+0000] {processor.py:208} INFO - Processing /opt/airflow/dags/driven_data_pipeline.py took 0.195 seconds
[2025-07-02T00:10:19.962+0000] {processor.py:186} INFO - Started process (PID=1170) to work on /opt/airflow/dags/driven_data_pipeline.py
[2025-07-02T00:10:19.963+0000] {processor.py:914} INFO - Processing file /opt/airflow/dags/driven_data_pipeline.py for tasks to queue
[2025-07-02T00:10:19.966+0000] {logging_mixin.py:190} INFO - [2025-07-02T00:10:19.966+0000] {dagbag.py:588} INFO - Filling up the DagBag from /opt/airflow/dags/driven_data_pipeline.py
[2025-07-02T00:10:19.987+0000] {processor.py:925} INFO - DAG(s) 'extract_raw_data_pipeline' retrieved from /opt/airflow/dags/driven_data_pipeline.py
[2025-07-02T00:10:20.012+0000] {logging_mixin.py:190} INFO - [2025-07-02T00:10:20.012+0000] {dag.py:3239} INFO - Sync 1 DAGs
[2025-07-02T00:10:20.033+0000] {logging_mixin.py:190} INFO - [2025-07-02T00:10:20.033+0000] {dag.py:4180} INFO - Setting next_dagrun for extract_raw_data_pipeline to 2025-07-01 07:00:00+00:00, run_after=2025-07-02 07:00:00+00:00
[2025-07-02T00:10:20.049+0000] {processor.py:208} INFO - Processing /opt/airflow/dags/driven_data_pipeline.py took 0.093 seconds
[2025-07-02T00:10:50.449+0000] {processor.py:186} INFO - Started process (PID=1177) to work on /opt/airflow/dags/driven_data_pipeline.py
[2025-07-02T00:10:50.450+0000] {processor.py:914} INFO - Processing file /opt/airflow/dags/driven_data_pipeline.py for tasks to queue
[2025-07-02T00:10:50.453+0000] {logging_mixin.py:190} INFO - [2025-07-02T00:10:50.453+0000] {dagbag.py:588} INFO - Filling up the DagBag from /opt/airflow/dags/driven_data_pipeline.py
[2025-07-02T00:10:50.479+0000] {processor.py:925} INFO - DAG(s) 'extract_raw_data_pipeline' retrieved from /opt/airflow/dags/driven_data_pipeline.py
[2025-07-02T00:10:50.507+0000] {logging_mixin.py:190} INFO - [2025-07-02T00:10:50.507+0000] {dag.py:3239} INFO - Sync 1 DAGs
[2025-07-02T00:10:50.537+0000] {logging_mixin.py:190} INFO - [2025-07-02T00:10:50.537+0000] {dag.py:4180} INFO - Setting next_dagrun for extract_raw_data_pipeline to 2025-07-01 07:00:00+00:00, run_after=2025-07-02 07:00:00+00:00
[2025-07-02T00:10:50.559+0000] {processor.py:208} INFO - Processing /opt/airflow/dags/driven_data_pipeline.py took 0.117 seconds
[2025-07-02T00:11:21.106+0000] {processor.py:186} INFO - Started process (PID=1184) to work on /opt/airflow/dags/driven_data_pipeline.py
[2025-07-02T00:11:21.107+0000] {processor.py:914} INFO - Processing file /opt/airflow/dags/driven_data_pipeline.py for tasks to queue
[2025-07-02T00:11:21.110+0000] {logging_mixin.py:190} INFO - [2025-07-02T00:11:21.109+0000] {dagbag.py:588} INFO - Filling up the DagBag from /opt/airflow/dags/driven_data_pipeline.py
[2025-07-02T00:11:21.130+0000] {processor.py:925} INFO - DAG(s) 'extract_raw_data_pipeline' retrieved from /opt/airflow/dags/driven_data_pipeline.py
[2025-07-02T00:11:21.156+0000] {logging_mixin.py:190} INFO - [2025-07-02T00:11:21.156+0000] {dag.py:3239} INFO - Sync 1 DAGs
[2025-07-02T00:11:21.178+0000] {logging_mixin.py:190} INFO - [2025-07-02T00:11:21.178+0000] {dag.py:4180} INFO - Setting next_dagrun for extract_raw_data_pipeline to 2025-07-01 07:00:00+00:00, run_after=2025-07-02 07:00:00+00:00
[2025-07-02T00:11:21.196+0000] {processor.py:208} INFO - Processing /opt/airflow/dags/driven_data_pipeline.py took 0.095 seconds
[2025-07-02T00:11:51.591+0000] {processor.py:186} INFO - Started process (PID=1191) to work on /opt/airflow/dags/driven_data_pipeline.py
[2025-07-02T00:11:51.593+0000] {processor.py:914} INFO - Processing file /opt/airflow/dags/driven_data_pipeline.py for tasks to queue
[2025-07-02T00:11:51.596+0000] {logging_mixin.py:190} INFO - [2025-07-02T00:11:51.595+0000] {dagbag.py:588} INFO - Filling up the DagBag from /opt/airflow/dags/driven_data_pipeline.py
[2025-07-02T00:11:51.613+0000] {processor.py:925} INFO - DAG(s) 'extract_raw_data_pipeline' retrieved from /opt/airflow/dags/driven_data_pipeline.py
[2025-07-02T00:11:51.640+0000] {logging_mixin.py:190} INFO - [2025-07-02T00:11:51.640+0000] {dag.py:3239} INFO - Sync 1 DAGs
[2025-07-02T00:11:51.664+0000] {logging_mixin.py:190} INFO - [2025-07-02T00:11:51.663+0000] {dag.py:4180} INFO - Setting next_dagrun for extract_raw_data_pipeline to 2025-07-01 07:00:00+00:00, run_after=2025-07-02 07:00:00+00:00
[2025-07-02T00:11:51.681+0000] {processor.py:208} INFO - Processing /opt/airflow/dags/driven_data_pipeline.py took 0.096 seconds
[2025-07-02T00:12:22.266+0000] {processor.py:186} INFO - Started process (PID=1198) to work on /opt/airflow/dags/driven_data_pipeline.py
[2025-07-02T00:12:22.267+0000] {processor.py:914} INFO - Processing file /opt/airflow/dags/driven_data_pipeline.py for tasks to queue
[2025-07-02T00:12:22.270+0000] {logging_mixin.py:190} INFO - [2025-07-02T00:12:22.270+0000] {dagbag.py:588} INFO - Filling up the DagBag from /opt/airflow/dags/driven_data_pipeline.py
[2025-07-02T00:12:22.285+0000] {processor.py:925} INFO - DAG(s) 'extract_raw_data_pipeline' retrieved from /opt/airflow/dags/driven_data_pipeline.py
[2025-07-02T00:12:22.305+0000] {logging_mixin.py:190} INFO - [2025-07-02T00:12:22.305+0000] {dag.py:3239} INFO - Sync 1 DAGs
[2025-07-02T00:12:22.323+0000] {logging_mixin.py:190} INFO - [2025-07-02T00:12:22.323+0000] {dag.py:4180} INFO - Setting next_dagrun for extract_raw_data_pipeline to 2025-07-01 07:00:00+00:00, run_after=2025-07-02 07:00:00+00:00
[2025-07-02T00:12:22.338+0000] {processor.py:208} INFO - Processing /opt/airflow/dags/driven_data_pipeline.py took 0.077 seconds
[2025-07-02T00:12:52.909+0000] {processor.py:186} INFO - Started process (PID=1205) to work on /opt/airflow/dags/driven_data_pipeline.py
[2025-07-02T00:12:52.910+0000] {processor.py:914} INFO - Processing file /opt/airflow/dags/driven_data_pipeline.py for tasks to queue
[2025-07-02T00:12:52.913+0000] {logging_mixin.py:190} INFO - [2025-07-02T00:12:52.912+0000] {dagbag.py:588} INFO - Filling up the DagBag from /opt/airflow/dags/driven_data_pipeline.py
[2025-07-02T00:12:52.940+0000] {processor.py:925} INFO - DAG(s) 'extract_raw_data_pipeline' retrieved from /opt/airflow/dags/driven_data_pipeline.py
[2025-07-02T00:12:52.974+0000] {logging_mixin.py:190} INFO - [2025-07-02T00:12:52.974+0000] {dag.py:3239} INFO - Sync 1 DAGs
[2025-07-02T00:12:53.005+0000] {logging_mixin.py:190} INFO - [2025-07-02T00:12:53.005+0000] {dag.py:4180} INFO - Setting next_dagrun for extract_raw_data_pipeline to 2025-07-01 07:00:00+00:00, run_after=2025-07-02 07:00:00+00:00
[2025-07-02T00:12:53.024+0000] {processor.py:208} INFO - Processing /opt/airflow/dags/driven_data_pipeline.py took 0.121 seconds
[2025-07-02T00:13:23.511+0000] {processor.py:186} INFO - Started process (PID=1212) to work on /opt/airflow/dags/driven_data_pipeline.py
[2025-07-02T00:13:23.512+0000] {processor.py:914} INFO - Processing file /opt/airflow/dags/driven_data_pipeline.py for tasks to queue
[2025-07-02T00:13:23.515+0000] {logging_mixin.py:190} INFO - [2025-07-02T00:13:23.514+0000] {dagbag.py:588} INFO - Filling up the DagBag from /opt/airflow/dags/driven_data_pipeline.py
[2025-07-02T00:13:23.535+0000] {processor.py:925} INFO - DAG(s) 'extract_raw_data_pipeline' retrieved from /opt/airflow/dags/driven_data_pipeline.py
[2025-07-02T00:13:23.563+0000] {logging_mixin.py:190} INFO - [2025-07-02T00:13:23.563+0000] {dag.py:3239} INFO - Sync 1 DAGs
[2025-07-02T00:13:23.586+0000] {logging_mixin.py:190} INFO - [2025-07-02T00:13:23.585+0000] {dag.py:4180} INFO - Setting next_dagrun for extract_raw_data_pipeline to 2025-07-01 07:00:00+00:00, run_after=2025-07-02 07:00:00+00:00
[2025-07-02T00:13:23.601+0000] {processor.py:208} INFO - Processing /opt/airflow/dags/driven_data_pipeline.py took 0.095 seconds
[2025-07-02T00:13:54.096+0000] {processor.py:186} INFO - Started process (PID=1219) to work on /opt/airflow/dags/driven_data_pipeline.py
[2025-07-02T00:13:54.097+0000] {processor.py:914} INFO - Processing file /opt/airflow/dags/driven_data_pipeline.py for tasks to queue
[2025-07-02T00:13:54.101+0000] {logging_mixin.py:190} INFO - [2025-07-02T00:13:54.100+0000] {dagbag.py:588} INFO - Filling up the DagBag from /opt/airflow/dags/driven_data_pipeline.py
[2025-07-02T00:13:54.130+0000] {processor.py:925} INFO - DAG(s) 'extract_raw_data_pipeline' retrieved from /opt/airflow/dags/driven_data_pipeline.py
[2025-07-02T00:13:54.155+0000] {logging_mixin.py:190} INFO - [2025-07-02T00:13:54.154+0000] {dag.py:3239} INFO - Sync 1 DAGs
[2025-07-02T00:13:54.175+0000] {logging_mixin.py:190} INFO - [2025-07-02T00:13:54.175+0000] {dag.py:4180} INFO - Setting next_dagrun for extract_raw_data_pipeline to 2025-07-01 07:00:00+00:00, run_after=2025-07-02 07:00:00+00:00
[2025-07-02T00:13:54.190+0000] {processor.py:208} INFO - Processing /opt/airflow/dags/driven_data_pipeline.py took 0.103 seconds
[2025-07-02T00:14:24.747+0000] {processor.py:186} INFO - Started process (PID=1226) to work on /opt/airflow/dags/driven_data_pipeline.py
[2025-07-02T00:14:24.748+0000] {processor.py:914} INFO - Processing file /opt/airflow/dags/driven_data_pipeline.py for tasks to queue
[2025-07-02T00:14:24.750+0000] {logging_mixin.py:190} INFO - [2025-07-02T00:14:24.750+0000] {dagbag.py:588} INFO - Filling up the DagBag from /opt/airflow/dags/driven_data_pipeline.py
[2025-07-02T00:14:24.767+0000] {processor.py:925} INFO - DAG(s) 'extract_raw_data_pipeline' retrieved from /opt/airflow/dags/driven_data_pipeline.py
[2025-07-02T00:14:24.789+0000] {logging_mixin.py:190} INFO - [2025-07-02T00:14:24.789+0000] {dag.py:3239} INFO - Sync 1 DAGs
[2025-07-02T00:14:24.810+0000] {logging_mixin.py:190} INFO - [2025-07-02T00:14:24.810+0000] {dag.py:4180} INFO - Setting next_dagrun for extract_raw_data_pipeline to 2025-07-01 07:00:00+00:00, run_after=2025-07-02 07:00:00+00:00
[2025-07-02T00:14:24.828+0000] {processor.py:208} INFO - Processing /opt/airflow/dags/driven_data_pipeline.py took 0.090 seconds
[2025-07-02T00:14:55.309+0000] {processor.py:186} INFO - Started process (PID=1234) to work on /opt/airflow/dags/driven_data_pipeline.py
[2025-07-02T00:14:55.310+0000] {processor.py:914} INFO - Processing file /opt/airflow/dags/driven_data_pipeline.py for tasks to queue
[2025-07-02T00:14:55.313+0000] {logging_mixin.py:190} INFO - [2025-07-02T00:14:55.312+0000] {dagbag.py:588} INFO - Filling up the DagBag from /opt/airflow/dags/driven_data_pipeline.py
[2025-07-02T00:14:55.329+0000] {processor.py:925} INFO - DAG(s) 'extract_raw_data_pipeline' retrieved from /opt/airflow/dags/driven_data_pipeline.py
[2025-07-02T00:14:55.351+0000] {logging_mixin.py:190} INFO - [2025-07-02T00:14:55.351+0000] {dag.py:3239} INFO - Sync 1 DAGs
[2025-07-02T00:14:55.372+0000] {logging_mixin.py:190} INFO - [2025-07-02T00:14:55.372+0000] {dag.py:4180} INFO - Setting next_dagrun for extract_raw_data_pipeline to 2025-07-01 07:00:00+00:00, run_after=2025-07-02 07:00:00+00:00
[2025-07-02T00:14:55.393+0000] {processor.py:208} INFO - Processing /opt/airflow/dags/driven_data_pipeline.py took 0.089 seconds
[2025-07-02T00:15:26.047+0000] {processor.py:186} INFO - Started process (PID=1241) to work on /opt/airflow/dags/driven_data_pipeline.py
[2025-07-02T00:15:26.048+0000] {processor.py:914} INFO - Processing file /opt/airflow/dags/driven_data_pipeline.py for tasks to queue
[2025-07-02T00:15:26.051+0000] {logging_mixin.py:190} INFO - [2025-07-02T00:15:26.050+0000] {dagbag.py:588} INFO - Filling up the DagBag from /opt/airflow/dags/driven_data_pipeline.py
[2025-07-02T00:15:26.067+0000] {processor.py:925} INFO - DAG(s) 'extract_raw_data_pipeline' retrieved from /opt/airflow/dags/driven_data_pipeline.py
[2025-07-02T00:15:26.087+0000] {logging_mixin.py:190} INFO - [2025-07-02T00:15:26.087+0000] {dag.py:3239} INFO - Sync 1 DAGs
[2025-07-02T00:15:26.105+0000] {logging_mixin.py:190} INFO - [2025-07-02T00:15:26.105+0000] {dag.py:4180} INFO - Setting next_dagrun for extract_raw_data_pipeline to 2025-07-01 07:00:00+00:00, run_after=2025-07-02 07:00:00+00:00
[2025-07-02T00:15:26.120+0000] {processor.py:208} INFO - Processing /opt/airflow/dags/driven_data_pipeline.py took 0.079 seconds
[2025-07-02T00:15:56.554+0000] {processor.py:186} INFO - Started process (PID=1248) to work on /opt/airflow/dags/driven_data_pipeline.py
[2025-07-02T00:15:56.555+0000] {processor.py:914} INFO - Processing file /opt/airflow/dags/driven_data_pipeline.py for tasks to queue
[2025-07-02T00:15:56.558+0000] {logging_mixin.py:190} INFO - [2025-07-02T00:15:56.557+0000] {dagbag.py:588} INFO - Filling up the DagBag from /opt/airflow/dags/driven_data_pipeline.py
[2025-07-02T00:15:56.578+0000] {processor.py:925} INFO - DAG(s) 'extract_raw_data_pipeline' retrieved from /opt/airflow/dags/driven_data_pipeline.py
[2025-07-02T00:15:56.602+0000] {logging_mixin.py:190} INFO - [2025-07-02T00:15:56.601+0000] {dag.py:3239} INFO - Sync 1 DAGs
[2025-07-02T00:15:56.624+0000] {logging_mixin.py:190} INFO - [2025-07-02T00:15:56.624+0000] {dag.py:4180} INFO - Setting next_dagrun for extract_raw_data_pipeline to 2025-07-01 07:00:00+00:00, run_after=2025-07-02 07:00:00+00:00
[2025-07-02T00:15:56.640+0000] {processor.py:208} INFO - Processing /opt/airflow/dags/driven_data_pipeline.py took 0.092 seconds
[2025-07-02T00:16:27.255+0000] {processor.py:186} INFO - Started process (PID=1255) to work on /opt/airflow/dags/driven_data_pipeline.py
[2025-07-02T00:16:27.256+0000] {processor.py:914} INFO - Processing file /opt/airflow/dags/driven_data_pipeline.py for tasks to queue
[2025-07-02T00:16:27.258+0000] {logging_mixin.py:190} INFO - [2025-07-02T00:16:27.258+0000] {dagbag.py:588} INFO - Filling up the DagBag from /opt/airflow/dags/driven_data_pipeline.py
[2025-07-02T00:16:27.273+0000] {processor.py:925} INFO - DAG(s) 'extract_raw_data_pipeline' retrieved from /opt/airflow/dags/driven_data_pipeline.py
[2025-07-02T00:16:27.294+0000] {logging_mixin.py:190} INFO - [2025-07-02T00:16:27.294+0000] {dag.py:3239} INFO - Sync 1 DAGs
[2025-07-02T00:16:27.312+0000] {logging_mixin.py:190} INFO - [2025-07-02T00:16:27.312+0000] {dag.py:4180} INFO - Setting next_dagrun for extract_raw_data_pipeline to 2025-07-01 07:00:00+00:00, run_after=2025-07-02 07:00:00+00:00
[2025-07-02T00:16:27.339+0000] {processor.py:208} INFO - Processing /opt/airflow/dags/driven_data_pipeline.py took 0.090 seconds
[2025-07-02T00:16:57.802+0000] {processor.py:186} INFO - Started process (PID=1262) to work on /opt/airflow/dags/driven_data_pipeline.py
[2025-07-02T00:16:57.802+0000] {processor.py:914} INFO - Processing file /opt/airflow/dags/driven_data_pipeline.py for tasks to queue
[2025-07-02T00:16:57.805+0000] {logging_mixin.py:190} INFO - [2025-07-02T00:16:57.804+0000] {dagbag.py:588} INFO - Filling up the DagBag from /opt/airflow/dags/driven_data_pipeline.py
[2025-07-02T00:16:57.822+0000] {processor.py:925} INFO - DAG(s) 'extract_raw_data_pipeline' retrieved from /opt/airflow/dags/driven_data_pipeline.py
[2025-07-02T00:16:57.843+0000] {logging_mixin.py:190} INFO - [2025-07-02T00:16:57.842+0000] {dag.py:3239} INFO - Sync 1 DAGs
[2025-07-02T00:16:57.862+0000] {logging_mixin.py:190} INFO - [2025-07-02T00:16:57.862+0000] {dag.py:4180} INFO - Setting next_dagrun for extract_raw_data_pipeline to 2025-07-01 07:00:00+00:00, run_after=2025-07-02 07:00:00+00:00
[2025-07-02T00:16:57.878+0000] {processor.py:208} INFO - Processing /opt/airflow/dags/driven_data_pipeline.py took 0.082 seconds
[2025-07-02T00:17:28.461+0000] {processor.py:186} INFO - Started process (PID=1269) to work on /opt/airflow/dags/driven_data_pipeline.py
[2025-07-02T00:17:28.462+0000] {processor.py:914} INFO - Processing file /opt/airflow/dags/driven_data_pipeline.py for tasks to queue
[2025-07-02T00:17:28.464+0000] {logging_mixin.py:190} INFO - [2025-07-02T00:17:28.464+0000] {dagbag.py:588} INFO - Filling up the DagBag from /opt/airflow/dags/driven_data_pipeline.py
[2025-07-02T00:17:28.483+0000] {processor.py:925} INFO - DAG(s) 'extract_raw_data_pipeline' retrieved from /opt/airflow/dags/driven_data_pipeline.py
[2025-07-02T00:17:28.510+0000] {logging_mixin.py:190} INFO - [2025-07-02T00:17:28.510+0000] {dag.py:3239} INFO - Sync 1 DAGs
[2025-07-02T00:17:28.538+0000] {logging_mixin.py:190} INFO - [2025-07-02T00:17:28.537+0000] {dag.py:4180} INFO - Setting next_dagrun for extract_raw_data_pipeline to 2025-07-01 07:00:00+00:00, run_after=2025-07-02 07:00:00+00:00
[2025-07-02T00:17:28.554+0000] {processor.py:208} INFO - Processing /opt/airflow/dags/driven_data_pipeline.py took 0.099 seconds
[2025-07-02T00:17:59.100+0000] {processor.py:186} INFO - Started process (PID=1276) to work on /opt/airflow/dags/driven_data_pipeline.py
[2025-07-02T00:17:59.101+0000] {processor.py:914} INFO - Processing file /opt/airflow/dags/driven_data_pipeline.py for tasks to queue
[2025-07-02T00:17:59.104+0000] {logging_mixin.py:190} INFO - [2025-07-02T00:17:59.103+0000] {dagbag.py:588} INFO - Filling up the DagBag from /opt/airflow/dags/driven_data_pipeline.py
[2025-07-02T00:17:59.124+0000] {processor.py:925} INFO - DAG(s) 'extract_raw_data_pipeline' retrieved from /opt/airflow/dags/driven_data_pipeline.py
[2025-07-02T00:17:59.148+0000] {logging_mixin.py:190} INFO - [2025-07-02T00:17:59.148+0000] {dag.py:3239} INFO - Sync 1 DAGs
[2025-07-02T00:17:59.172+0000] {logging_mixin.py:190} INFO - [2025-07-02T00:17:59.172+0000] {dag.py:4180} INFO - Setting next_dagrun for extract_raw_data_pipeline to 2025-07-01 07:00:00+00:00, run_after=2025-07-02 07:00:00+00:00
[2025-07-02T00:17:59.187+0000] {processor.py:208} INFO - Processing /opt/airflow/dags/driven_data_pipeline.py took 0.093 seconds
[2025-07-02T00:18:29.719+0000] {processor.py:186} INFO - Started process (PID=1283) to work on /opt/airflow/dags/driven_data_pipeline.py
[2025-07-02T00:18:29.720+0000] {processor.py:914} INFO - Processing file /opt/airflow/dags/driven_data_pipeline.py for tasks to queue
[2025-07-02T00:18:29.723+0000] {logging_mixin.py:190} INFO - [2025-07-02T00:18:29.723+0000] {dagbag.py:588} INFO - Filling up the DagBag from /opt/airflow/dags/driven_data_pipeline.py
[2025-07-02T00:18:29.740+0000] {processor.py:925} INFO - DAG(s) 'extract_raw_data_pipeline' retrieved from /opt/airflow/dags/driven_data_pipeline.py
[2025-07-02T00:18:29.763+0000] {logging_mixin.py:190} INFO - [2025-07-02T00:18:29.763+0000] {dag.py:3239} INFO - Sync 1 DAGs
[2025-07-02T00:18:29.784+0000] {logging_mixin.py:190} INFO - [2025-07-02T00:18:29.784+0000] {dag.py:4180} INFO - Setting next_dagrun for extract_raw_data_pipeline to 2025-07-01 07:00:00+00:00, run_after=2025-07-02 07:00:00+00:00
[2025-07-02T00:18:29.801+0000] {processor.py:208} INFO - Processing /opt/airflow/dags/driven_data_pipeline.py took 0.087 seconds
[2025-07-02T00:19:00.171+0000] {processor.py:186} INFO - Started process (PID=1291) to work on /opt/airflow/dags/driven_data_pipeline.py
[2025-07-02T00:19:00.172+0000] {processor.py:914} INFO - Processing file /opt/airflow/dags/driven_data_pipeline.py for tasks to queue
[2025-07-02T00:19:00.175+0000] {logging_mixin.py:190} INFO - [2025-07-02T00:19:00.175+0000] {dagbag.py:588} INFO - Filling up the DagBag from /opt/airflow/dags/driven_data_pipeline.py
[2025-07-02T00:19:00.195+0000] {processor.py:925} INFO - DAG(s) 'extract_raw_data_pipeline' retrieved from /opt/airflow/dags/driven_data_pipeline.py
[2025-07-02T00:19:00.221+0000] {logging_mixin.py:190} INFO - [2025-07-02T00:19:00.221+0000] {dag.py:3239} INFO - Sync 1 DAGs
[2025-07-02T00:19:00.243+0000] {logging_mixin.py:190} INFO - [2025-07-02T00:19:00.243+0000] {dag.py:4180} INFO - Setting next_dagrun for extract_raw_data_pipeline to 2025-07-01 07:00:00+00:00, run_after=2025-07-02 07:00:00+00:00
[2025-07-02T00:19:00.264+0000] {processor.py:208} INFO - Processing /opt/airflow/dags/driven_data_pipeline.py took 0.098 seconds
[2025-07-02T00:19:30.837+0000] {processor.py:186} INFO - Started process (PID=1298) to work on /opt/airflow/dags/driven_data_pipeline.py
[2025-07-02T00:19:30.838+0000] {processor.py:914} INFO - Processing file /opt/airflow/dags/driven_data_pipeline.py for tasks to queue
[2025-07-02T00:19:30.841+0000] {logging_mixin.py:190} INFO - [2025-07-02T00:19:30.841+0000] {dagbag.py:588} INFO - Filling up the DagBag from /opt/airflow/dags/driven_data_pipeline.py
[2025-07-02T00:19:30.874+0000] {processor.py:925} INFO - DAG(s) 'extract_raw_data_pipeline' retrieved from /opt/airflow/dags/driven_data_pipeline.py
[2025-07-02T00:19:30.898+0000] {logging_mixin.py:190} INFO - [2025-07-02T00:19:30.898+0000] {dag.py:3239} INFO - Sync 1 DAGs
[2025-07-02T00:19:30.921+0000] {logging_mixin.py:190} INFO - [2025-07-02T00:19:30.920+0000] {dag.py:4180} INFO - Setting next_dagrun for extract_raw_data_pipeline to 2025-07-01 07:00:00+00:00, run_after=2025-07-02 07:00:00+00:00
[2025-07-02T00:19:30.938+0000] {processor.py:208} INFO - Processing /opt/airflow/dags/driven_data_pipeline.py took 0.106 seconds
[2025-07-02T00:20:01.321+0000] {processor.py:186} INFO - Started process (PID=1305) to work on /opt/airflow/dags/driven_data_pipeline.py
[2025-07-02T00:20:01.322+0000] {processor.py:914} INFO - Processing file /opt/airflow/dags/driven_data_pipeline.py for tasks to queue
[2025-07-02T00:20:01.324+0000] {logging_mixin.py:190} INFO - [2025-07-02T00:20:01.324+0000] {dagbag.py:588} INFO - Filling up the DagBag from /opt/airflow/dags/driven_data_pipeline.py
[2025-07-02T00:20:01.343+0000] {processor.py:925} INFO - DAG(s) 'extract_raw_data_pipeline' retrieved from /opt/airflow/dags/driven_data_pipeline.py
[2025-07-02T00:20:01.364+0000] {logging_mixin.py:190} INFO - [2025-07-02T00:20:01.364+0000] {dag.py:3239} INFO - Sync 1 DAGs
[2025-07-02T00:20:01.383+0000] {logging_mixin.py:190} INFO - [2025-07-02T00:20:01.383+0000] {dag.py:4180} INFO - Setting next_dagrun for extract_raw_data_pipeline to 2025-07-01 07:00:00+00:00, run_after=2025-07-02 07:00:00+00:00
[2025-07-02T00:20:01.400+0000] {processor.py:208} INFO - Processing /opt/airflow/dags/driven_data_pipeline.py took 0.085 seconds
[2025-07-02T00:20:31.971+0000] {processor.py:186} INFO - Started process (PID=1312) to work on /opt/airflow/dags/driven_data_pipeline.py
[2025-07-02T00:20:31.972+0000] {processor.py:914} INFO - Processing file /opt/airflow/dags/driven_data_pipeline.py for tasks to queue
[2025-07-02T00:20:31.974+0000] {logging_mixin.py:190} INFO - [2025-07-02T00:20:31.974+0000] {dagbag.py:588} INFO - Filling up the DagBag from /opt/airflow/dags/driven_data_pipeline.py
[2025-07-02T00:20:31.991+0000] {processor.py:925} INFO - DAG(s) 'extract_raw_data_pipeline' retrieved from /opt/airflow/dags/driven_data_pipeline.py
[2025-07-02T00:20:32.015+0000] {logging_mixin.py:190} INFO - [2025-07-02T00:20:32.015+0000] {dag.py:3239} INFO - Sync 1 DAGs
[2025-07-02T00:20:32.035+0000] {logging_mixin.py:190} INFO - [2025-07-02T00:20:32.035+0000] {dag.py:4180} INFO - Setting next_dagrun for extract_raw_data_pipeline to 2025-07-01 07:00:00+00:00, run_after=2025-07-02 07:00:00+00:00
[2025-07-02T00:20:32.050+0000] {processor.py:208} INFO - Processing /opt/airflow/dags/driven_data_pipeline.py took 0.086 seconds
[2025-07-02T00:21:02.530+0000] {processor.py:186} INFO - Started process (PID=1319) to work on /opt/airflow/dags/driven_data_pipeline.py
[2025-07-02T00:21:02.531+0000] {processor.py:914} INFO - Processing file /opt/airflow/dags/driven_data_pipeline.py for tasks to queue
[2025-07-02T00:21:02.534+0000] {logging_mixin.py:190} INFO - [2025-07-02T00:21:02.534+0000] {dagbag.py:588} INFO - Filling up the DagBag from /opt/airflow/dags/driven_data_pipeline.py
[2025-07-02T00:21:02.550+0000] {processor.py:925} INFO - DAG(s) 'extract_raw_data_pipeline' retrieved from /opt/airflow/dags/driven_data_pipeline.py
[2025-07-02T00:21:02.572+0000] {logging_mixin.py:190} INFO - [2025-07-02T00:21:02.572+0000] {dag.py:3239} INFO - Sync 1 DAGs
[2025-07-02T00:21:02.593+0000] {logging_mixin.py:190} INFO - [2025-07-02T00:21:02.592+0000] {dag.py:4180} INFO - Setting next_dagrun for extract_raw_data_pipeline to 2025-07-01 07:00:00+00:00, run_after=2025-07-02 07:00:00+00:00
[2025-07-02T00:21:02.610+0000] {processor.py:208} INFO - Processing /opt/airflow/dags/driven_data_pipeline.py took 0.086 seconds
[2025-07-02T00:21:33.210+0000] {processor.py:186} INFO - Started process (PID=1326) to work on /opt/airflow/dags/driven_data_pipeline.py
[2025-07-02T00:21:33.211+0000] {processor.py:914} INFO - Processing file /opt/airflow/dags/driven_data_pipeline.py for tasks to queue
[2025-07-02T00:21:33.213+0000] {logging_mixin.py:190} INFO - [2025-07-02T00:21:33.213+0000] {dagbag.py:588} INFO - Filling up the DagBag from /opt/airflow/dags/driven_data_pipeline.py
[2025-07-02T00:21:33.230+0000] {processor.py:925} INFO - DAG(s) 'extract_raw_data_pipeline' retrieved from /opt/airflow/dags/driven_data_pipeline.py
[2025-07-02T00:21:33.254+0000] {logging_mixin.py:190} INFO - [2025-07-02T00:21:33.254+0000] {dag.py:3239} INFO - Sync 1 DAGs
[2025-07-02T00:21:33.274+0000] {logging_mixin.py:190} INFO - [2025-07-02T00:21:33.273+0000] {dag.py:4180} INFO - Setting next_dagrun for extract_raw_data_pipeline to 2025-07-01 07:00:00+00:00, run_after=2025-07-02 07:00:00+00:00
[2025-07-02T00:21:33.289+0000] {processor.py:208} INFO - Processing /opt/airflow/dags/driven_data_pipeline.py took 0.086 seconds
[2025-07-02T00:22:03.811+0000] {processor.py:186} INFO - Started process (PID=1333) to work on /opt/airflow/dags/driven_data_pipeline.py
[2025-07-02T00:22:03.814+0000] {processor.py:914} INFO - Processing file /opt/airflow/dags/driven_data_pipeline.py for tasks to queue
[2025-07-02T00:22:03.819+0000] {logging_mixin.py:190} INFO - [2025-07-02T00:22:03.818+0000] {dagbag.py:588} INFO - Filling up the DagBag from /opt/airflow/dags/driven_data_pipeline.py
[2025-07-02T00:22:03.923+0000] {processor.py:925} INFO - DAG(s) 'extract_raw_data_pipeline' retrieved from /opt/airflow/dags/driven_data_pipeline.py
[2025-07-02T00:22:03.951+0000] {logging_mixin.py:190} INFO - [2025-07-02T00:22:03.951+0000] {dag.py:3239} INFO - Sync 1 DAGs
[2025-07-02T00:22:03.975+0000] {logging_mixin.py:190} INFO - [2025-07-02T00:22:03.975+0000] {dag.py:4180} INFO - Setting next_dagrun for extract_raw_data_pipeline to 2025-07-01 07:00:00+00:00, run_after=2025-07-02 07:00:00+00:00
[2025-07-02T00:22:04.002+0000] {processor.py:208} INFO - Processing /opt/airflow/dags/driven_data_pipeline.py took 0.198 seconds
[2025-07-02T00:22:34.403+0000] {processor.py:186} INFO - Started process (PID=1340) to work on /opt/airflow/dags/driven_data_pipeline.py
[2025-07-02T00:22:34.404+0000] {processor.py:914} INFO - Processing file /opt/airflow/dags/driven_data_pipeline.py for tasks to queue
[2025-07-02T00:22:34.406+0000] {logging_mixin.py:190} INFO - [2025-07-02T00:22:34.405+0000] {dagbag.py:588} INFO - Filling up the DagBag from /opt/airflow/dags/driven_data_pipeline.py
[2025-07-02T00:22:34.422+0000] {processor.py:925} INFO - DAG(s) 'extract_raw_data_pipeline' retrieved from /opt/airflow/dags/driven_data_pipeline.py
[2025-07-02T00:22:34.446+0000] {logging_mixin.py:190} INFO - [2025-07-02T00:22:34.446+0000] {dag.py:3239} INFO - Sync 1 DAGs
[2025-07-02T00:22:34.466+0000] {logging_mixin.py:190} INFO - [2025-07-02T00:22:34.466+0000] {dag.py:4180} INFO - Setting next_dagrun for extract_raw_data_pipeline to 2025-07-01 07:00:00+00:00, run_after=2025-07-02 07:00:00+00:00
[2025-07-02T00:22:34.483+0000] {processor.py:208} INFO - Processing /opt/airflow/dags/driven_data_pipeline.py took 0.086 seconds
[2025-07-02T00:23:05.233+0000] {processor.py:186} INFO - Started process (PID=1347) to work on /opt/airflow/dags/driven_data_pipeline.py
[2025-07-02T00:23:05.237+0000] {processor.py:914} INFO - Processing file /opt/airflow/dags/driven_data_pipeline.py for tasks to queue
[2025-07-02T00:23:05.244+0000] {logging_mixin.py:190} INFO - [2025-07-02T00:23:05.243+0000] {dagbag.py:588} INFO - Filling up the DagBag from /opt/airflow/dags/driven_data_pipeline.py
[2025-07-02T00:23:05.401+0000] {processor.py:925} INFO - DAG(s) 'extract_raw_data_pipeline' retrieved from /opt/airflow/dags/driven_data_pipeline.py
[2025-07-02T00:23:05.427+0000] {logging_mixin.py:190} INFO - [2025-07-02T00:23:05.427+0000] {dag.py:3239} INFO - Sync 1 DAGs
[2025-07-02T00:23:05.449+0000] {logging_mixin.py:190} INFO - [2025-07-02T00:23:05.449+0000] {dag.py:4180} INFO - Setting next_dagrun for extract_raw_data_pipeline to 2025-07-01 07:00:00+00:00, run_after=2025-07-02 07:00:00+00:00
[2025-07-02T00:23:05.474+0000] {processor.py:208} INFO - Processing /opt/airflow/dags/driven_data_pipeline.py took 0.254 seconds
[2025-07-02T00:23:35.814+0000] {processor.py:186} INFO - Started process (PID=1354) to work on /opt/airflow/dags/driven_data_pipeline.py
[2025-07-02T00:23:35.819+0000] {processor.py:914} INFO - Processing file /opt/airflow/dags/driven_data_pipeline.py for tasks to queue
[2025-07-02T00:23:35.825+0000] {logging_mixin.py:190} INFO - [2025-07-02T00:23:35.825+0000] {dagbag.py:588} INFO - Filling up the DagBag from /opt/airflow/dags/driven_data_pipeline.py
[2025-07-02T00:23:35.883+0000] {processor.py:925} INFO - DAG(s) 'extract_raw_data_pipeline' retrieved from /opt/airflow/dags/driven_data_pipeline.py
[2025-07-02T00:23:35.908+0000] {logging_mixin.py:190} INFO - [2025-07-02T00:23:35.908+0000] {dag.py:3239} INFO - Sync 1 DAGs
[2025-07-02T00:23:35.928+0000] {logging_mixin.py:190} INFO - [2025-07-02T00:23:35.928+0000] {dag.py:4180} INFO - Setting next_dagrun for extract_raw_data_pipeline to 2025-07-01 07:00:00+00:00, run_after=2025-07-02 07:00:00+00:00
[2025-07-02T00:23:35.943+0000] {processor.py:208} INFO - Processing /opt/airflow/dags/driven_data_pipeline.py took 0.142 seconds
[2025-07-02T00:24:06.369+0000] {processor.py:186} INFO - Started process (PID=1361) to work on /opt/airflow/dags/driven_data_pipeline.py
[2025-07-02T00:24:06.370+0000] {processor.py:914} INFO - Processing file /opt/airflow/dags/driven_data_pipeline.py for tasks to queue
[2025-07-02T00:24:06.372+0000] {logging_mixin.py:190} INFO - [2025-07-02T00:24:06.372+0000] {dagbag.py:588} INFO - Filling up the DagBag from /opt/airflow/dags/driven_data_pipeline.py
[2025-07-02T00:24:06.391+0000] {processor.py:925} INFO - DAG(s) 'extract_raw_data_pipeline' retrieved from /opt/airflow/dags/driven_data_pipeline.py
[2025-07-02T00:24:06.416+0000] {logging_mixin.py:190} INFO - [2025-07-02T00:24:06.416+0000] {dag.py:3239} INFO - Sync 1 DAGs
[2025-07-02T00:24:06.437+0000] {logging_mixin.py:190} INFO - [2025-07-02T00:24:06.437+0000] {dag.py:4180} INFO - Setting next_dagrun for extract_raw_data_pipeline to 2025-07-01 07:00:00+00:00, run_after=2025-07-02 07:00:00+00:00
[2025-07-02T00:24:06.454+0000] {processor.py:208} INFO - Processing /opt/airflow/dags/driven_data_pipeline.py took 0.092 seconds
[2025-07-02T00:24:37.054+0000] {processor.py:186} INFO - Started process (PID=1368) to work on /opt/airflow/dags/driven_data_pipeline.py
[2025-07-02T00:24:37.056+0000] {processor.py:914} INFO - Processing file /opt/airflow/dags/driven_data_pipeline.py for tasks to queue
[2025-07-02T00:24:37.060+0000] {logging_mixin.py:190} INFO - [2025-07-02T00:24:37.060+0000] {dagbag.py:588} INFO - Filling up the DagBag from /opt/airflow/dags/driven_data_pipeline.py
[2025-07-02T00:24:37.092+0000] {processor.py:925} INFO - DAG(s) 'extract_raw_data_pipeline' retrieved from /opt/airflow/dags/driven_data_pipeline.py
[2025-07-02T00:24:37.126+0000] {logging_mixin.py:190} INFO - [2025-07-02T00:24:37.126+0000] {dag.py:3239} INFO - Sync 1 DAGs
[2025-07-02T00:24:37.155+0000] {logging_mixin.py:190} INFO - [2025-07-02T00:24:37.154+0000] {dag.py:4180} INFO - Setting next_dagrun for extract_raw_data_pipeline to 2025-07-01 07:00:00+00:00, run_after=2025-07-02 07:00:00+00:00
[2025-07-02T00:24:37.181+0000] {processor.py:208} INFO - Processing /opt/airflow/dags/driven_data_pipeline.py took 0.135 seconds
[2025-07-02T00:25:07.651+0000] {processor.py:186} INFO - Started process (PID=1375) to work on /opt/airflow/dags/driven_data_pipeline.py
[2025-07-02T00:25:07.652+0000] {processor.py:914} INFO - Processing file /opt/airflow/dags/driven_data_pipeline.py for tasks to queue
[2025-07-02T00:25:07.655+0000] {logging_mixin.py:190} INFO - [2025-07-02T00:25:07.654+0000] {dagbag.py:588} INFO - Filling up the DagBag from /opt/airflow/dags/driven_data_pipeline.py
[2025-07-02T00:25:07.676+0000] {processor.py:925} INFO - DAG(s) 'extract_raw_data_pipeline' retrieved from /opt/airflow/dags/driven_data_pipeline.py
[2025-07-02T00:25:07.703+0000] {logging_mixin.py:190} INFO - [2025-07-02T00:25:07.703+0000] {dag.py:3239} INFO - Sync 1 DAGs
[2025-07-02T00:25:07.734+0000] {logging_mixin.py:190} INFO - [2025-07-02T00:25:07.733+0000] {dag.py:4180} INFO - Setting next_dagrun for extract_raw_data_pipeline to 2025-07-01 07:00:00+00:00, run_after=2025-07-02 07:00:00+00:00
[2025-07-02T00:25:07.757+0000] {processor.py:208} INFO - Processing /opt/airflow/dags/driven_data_pipeline.py took 0.114 seconds
[2025-07-02T00:25:38.250+0000] {processor.py:186} INFO - Started process (PID=1382) to work on /opt/airflow/dags/driven_data_pipeline.py
[2025-07-02T00:25:38.251+0000] {processor.py:914} INFO - Processing file /opt/airflow/dags/driven_data_pipeline.py for tasks to queue
[2025-07-02T00:25:38.255+0000] {logging_mixin.py:190} INFO - [2025-07-02T00:25:38.255+0000] {dagbag.py:588} INFO - Filling up the DagBag from /opt/airflow/dags/driven_data_pipeline.py
[2025-07-02T00:25:38.275+0000] {processor.py:925} INFO - DAG(s) 'extract_raw_data_pipeline' retrieved from /opt/airflow/dags/driven_data_pipeline.py
[2025-07-02T00:25:38.301+0000] {logging_mixin.py:190} INFO - [2025-07-02T00:25:38.301+0000] {dag.py:3239} INFO - Sync 1 DAGs
[2025-07-02T00:25:38.320+0000] {logging_mixin.py:190} INFO - [2025-07-02T00:25:38.320+0000] {dag.py:4180} INFO - Setting next_dagrun for extract_raw_data_pipeline to 2025-07-01 07:00:00+00:00, run_after=2025-07-02 07:00:00+00:00
[2025-07-02T00:25:38.336+0000] {processor.py:208} INFO - Processing /opt/airflow/dags/driven_data_pipeline.py took 0.095 seconds
[2025-07-02T00:26:08.814+0000] {processor.py:186} INFO - Started process (PID=1389) to work on /opt/airflow/dags/driven_data_pipeline.py
[2025-07-02T00:26:08.819+0000] {processor.py:914} INFO - Processing file /opt/airflow/dags/driven_data_pipeline.py for tasks to queue
[2025-07-02T00:26:08.829+0000] {logging_mixin.py:190} INFO - [2025-07-02T00:26:08.829+0000] {dagbag.py:588} INFO - Filling up the DagBag from /opt/airflow/dags/driven_data_pipeline.py
[2025-07-02T00:26:08.875+0000] {processor.py:925} INFO - DAG(s) 'extract_raw_data_pipeline' retrieved from /opt/airflow/dags/driven_data_pipeline.py
[2025-07-02T00:26:08.899+0000] {logging_mixin.py:190} INFO - [2025-07-02T00:26:08.899+0000] {dag.py:3239} INFO - Sync 1 DAGs
[2025-07-02T00:26:08.919+0000] {logging_mixin.py:190} INFO - [2025-07-02T00:26:08.919+0000] {dag.py:4180} INFO - Setting next_dagrun for extract_raw_data_pipeline to 2025-07-01 07:00:00+00:00, run_after=2025-07-02 07:00:00+00:00
[2025-07-02T00:26:08.935+0000] {processor.py:208} INFO - Processing /opt/airflow/dags/driven_data_pipeline.py took 0.128 seconds
[2025-07-02T00:26:39.459+0000] {processor.py:186} INFO - Started process (PID=1396) to work on /opt/airflow/dags/driven_data_pipeline.py
[2025-07-02T00:26:39.460+0000] {processor.py:914} INFO - Processing file /opt/airflow/dags/driven_data_pipeline.py for tasks to queue
[2025-07-02T00:26:39.465+0000] {logging_mixin.py:190} INFO - [2025-07-02T00:26:39.464+0000] {dagbag.py:588} INFO - Filling up the DagBag from /opt/airflow/dags/driven_data_pipeline.py
[2025-07-02T00:26:39.504+0000] {processor.py:925} INFO - DAG(s) 'extract_raw_data_pipeline' retrieved from /opt/airflow/dags/driven_data_pipeline.py
[2025-07-02T00:26:39.531+0000] {logging_mixin.py:190} INFO - [2025-07-02T00:26:39.531+0000] {dag.py:3239} INFO - Sync 1 DAGs
[2025-07-02T00:26:39.554+0000] {logging_mixin.py:190} INFO - [2025-07-02T00:26:39.554+0000] {dag.py:4180} INFO - Setting next_dagrun for extract_raw_data_pipeline to 2025-07-01 07:00:00+00:00, run_after=2025-07-02 07:00:00+00:00
[2025-07-02T00:26:39.569+0000] {processor.py:208} INFO - Processing /opt/airflow/dags/driven_data_pipeline.py took 0.121 seconds
[2025-07-02T00:27:09.916+0000] {processor.py:186} INFO - Started process (PID=1403) to work on /opt/airflow/dags/driven_data_pipeline.py
[2025-07-02T00:27:09.917+0000] {processor.py:914} INFO - Processing file /opt/airflow/dags/driven_data_pipeline.py for tasks to queue
[2025-07-02T00:27:09.920+0000] {logging_mixin.py:190} INFO - [2025-07-02T00:27:09.919+0000] {dagbag.py:588} INFO - Filling up the DagBag from /opt/airflow/dags/driven_data_pipeline.py
[2025-07-02T00:27:09.938+0000] {processor.py:925} INFO - DAG(s) 'extract_raw_data_pipeline' retrieved from /opt/airflow/dags/driven_data_pipeline.py
[2025-07-02T00:27:09.962+0000] {logging_mixin.py:190} INFO - [2025-07-02T00:27:09.962+0000] {dag.py:3239} INFO - Sync 1 DAGs
[2025-07-02T00:27:09.983+0000] {logging_mixin.py:190} INFO - [2025-07-02T00:27:09.983+0000] {dag.py:4180} INFO - Setting next_dagrun for extract_raw_data_pipeline to 2025-07-01 07:00:00+00:00, run_after=2025-07-02 07:00:00+00:00
[2025-07-02T00:27:09.998+0000] {processor.py:208} INFO - Processing /opt/airflow/dags/driven_data_pipeline.py took 0.089 seconds
[2025-07-02T00:27:40.485+0000] {processor.py:186} INFO - Started process (PID=1410) to work on /opt/airflow/dags/driven_data_pipeline.py
[2025-07-02T00:27:40.486+0000] {processor.py:914} INFO - Processing file /opt/airflow/dags/driven_data_pipeline.py for tasks to queue
[2025-07-02T00:27:40.489+0000] {logging_mixin.py:190} INFO - [2025-07-02T00:27:40.489+0000] {dagbag.py:588} INFO - Filling up the DagBag from /opt/airflow/dags/driven_data_pipeline.py
[2025-07-02T00:27:40.506+0000] {processor.py:925} INFO - DAG(s) 'extract_raw_data_pipeline' retrieved from /opt/airflow/dags/driven_data_pipeline.py
[2025-07-02T00:27:40.528+0000] {logging_mixin.py:190} INFO - [2025-07-02T00:27:40.528+0000] {dag.py:3239} INFO - Sync 1 DAGs
[2025-07-02T00:27:40.550+0000] {logging_mixin.py:190} INFO - [2025-07-02T00:27:40.549+0000] {dag.py:4180} INFO - Setting next_dagrun for extract_raw_data_pipeline to 2025-07-01 07:00:00+00:00, run_after=2025-07-02 07:00:00+00:00
[2025-07-02T00:27:40.580+0000] {processor.py:208} INFO - Processing /opt/airflow/dags/driven_data_pipeline.py took 0.101 seconds
[2025-07-02T00:28:11.112+0000] {processor.py:186} INFO - Started process (PID=1417) to work on /opt/airflow/dags/driven_data_pipeline.py
[2025-07-02T00:28:11.113+0000] {processor.py:914} INFO - Processing file /opt/airflow/dags/driven_data_pipeline.py for tasks to queue
[2025-07-02T00:28:11.115+0000] {logging_mixin.py:190} INFO - [2025-07-02T00:28:11.115+0000] {dagbag.py:588} INFO - Filling up the DagBag from /opt/airflow/dags/driven_data_pipeline.py
[2025-07-02T00:28:11.166+0000] {processor.py:925} INFO - DAG(s) 'extract_raw_data_pipeline' retrieved from /opt/airflow/dags/driven_data_pipeline.py
[2025-07-02T00:28:11.189+0000] {logging_mixin.py:190} INFO - [2025-07-02T00:28:11.189+0000] {dag.py:3239} INFO - Sync 1 DAGs
[2025-07-02T00:28:11.209+0000] {logging_mixin.py:190} INFO - [2025-07-02T00:28:11.209+0000] {dag.py:4180} INFO - Setting next_dagrun for extract_raw_data_pipeline to 2025-07-01 07:00:00+00:00, run_after=2025-07-02 07:00:00+00:00
[2025-07-02T00:28:11.225+0000] {processor.py:208} INFO - Processing /opt/airflow/dags/driven_data_pipeline.py took 0.119 seconds
[2025-07-02T00:28:41.720+0000] {processor.py:186} INFO - Started process (PID=1424) to work on /opt/airflow/dags/driven_data_pipeline.py
[2025-07-02T00:28:41.722+0000] {processor.py:914} INFO - Processing file /opt/airflow/dags/driven_data_pipeline.py for tasks to queue
[2025-07-02T00:28:41.725+0000] {logging_mixin.py:190} INFO - [2025-07-02T00:28:41.724+0000] {dagbag.py:588} INFO - Filling up the DagBag from /opt/airflow/dags/driven_data_pipeline.py
[2025-07-02T00:28:41.746+0000] {processor.py:925} INFO - DAG(s) 'extract_raw_data_pipeline' retrieved from /opt/airflow/dags/driven_data_pipeline.py
[2025-07-02T00:28:41.770+0000] {logging_mixin.py:190} INFO - [2025-07-02T00:28:41.770+0000] {dag.py:3239} INFO - Sync 1 DAGs
[2025-07-02T00:28:41.789+0000] {logging_mixin.py:190} INFO - [2025-07-02T00:28:41.789+0000] {dag.py:4180} INFO - Setting next_dagrun for extract_raw_data_pipeline to 2025-07-01 07:00:00+00:00, run_after=2025-07-02 07:00:00+00:00
[2025-07-02T00:28:41.805+0000] {processor.py:208} INFO - Processing /opt/airflow/dags/driven_data_pipeline.py took 0.092 seconds
[2025-07-02T00:29:12.417+0000] {processor.py:186} INFO - Started process (PID=1431) to work on /opt/airflow/dags/driven_data_pipeline.py
[2025-07-02T00:29:12.418+0000] {processor.py:914} INFO - Processing file /opt/airflow/dags/driven_data_pipeline.py for tasks to queue
[2025-07-02T00:29:12.420+0000] {logging_mixin.py:190} INFO - [2025-07-02T00:29:12.420+0000] {dagbag.py:588} INFO - Filling up the DagBag from /opt/airflow/dags/driven_data_pipeline.py
[2025-07-02T00:29:12.442+0000] {processor.py:925} INFO - DAG(s) 'extract_raw_data_pipeline' retrieved from /opt/airflow/dags/driven_data_pipeline.py
[2025-07-02T00:29:12.463+0000] {logging_mixin.py:190} INFO - [2025-07-02T00:29:12.463+0000] {dag.py:3239} INFO - Sync 1 DAGs
[2025-07-02T00:29:12.481+0000] {logging_mixin.py:190} INFO - [2025-07-02T00:29:12.481+0000] {dag.py:4180} INFO - Setting next_dagrun for extract_raw_data_pipeline to 2025-07-01 07:00:00+00:00, run_after=2025-07-02 07:00:00+00:00
[2025-07-02T00:29:12.494+0000] {processor.py:208} INFO - Processing /opt/airflow/dags/driven_data_pipeline.py took 0.090 seconds
[2025-07-02T00:29:42.959+0000] {processor.py:186} INFO - Started process (PID=1438) to work on /opt/airflow/dags/driven_data_pipeline.py
[2025-07-02T00:29:42.960+0000] {processor.py:914} INFO - Processing file /opt/airflow/dags/driven_data_pipeline.py for tasks to queue
[2025-07-02T00:29:42.963+0000] {logging_mixin.py:190} INFO - [2025-07-02T00:29:42.962+0000] {dagbag.py:588} INFO - Filling up the DagBag from /opt/airflow/dags/driven_data_pipeline.py
[2025-07-02T00:29:42.985+0000] {processor.py:925} INFO - DAG(s) 'extract_raw_data_pipeline' retrieved from /opt/airflow/dags/driven_data_pipeline.py
[2025-07-02T00:29:43.012+0000] {logging_mixin.py:190} INFO - [2025-07-02T00:29:43.012+0000] {dag.py:3239} INFO - Sync 1 DAGs
[2025-07-02T00:29:43.035+0000] {logging_mixin.py:190} INFO - [2025-07-02T00:29:43.034+0000] {dag.py:4180} INFO - Setting next_dagrun for extract_raw_data_pipeline to 2025-07-01 07:00:00+00:00, run_after=2025-07-02 07:00:00+00:00
[2025-07-02T00:29:43.051+0000] {processor.py:208} INFO - Processing /opt/airflow/dags/driven_data_pipeline.py took 0.099 seconds
[2025-07-02T00:30:13.799+0000] {processor.py:186} INFO - Started process (PID=1445) to work on /opt/airflow/dags/driven_data_pipeline.py
[2025-07-02T00:30:13.800+0000] {processor.py:914} INFO - Processing file /opt/airflow/dags/driven_data_pipeline.py for tasks to queue
[2025-07-02T00:30:13.804+0000] {logging_mixin.py:190} INFO - [2025-07-02T00:30:13.804+0000] {dagbag.py:588} INFO - Filling up the DagBag from /opt/airflow/dags/driven_data_pipeline.py
[2025-07-02T00:30:13.831+0000] {processor.py:925} INFO - DAG(s) 'extract_raw_data_pipeline' retrieved from /opt/airflow/dags/driven_data_pipeline.py
[2025-07-02T00:30:13.854+0000] {logging_mixin.py:190} INFO - [2025-07-02T00:30:13.854+0000] {dag.py:3239} INFO - Sync 1 DAGs
[2025-07-02T00:30:13.874+0000] {logging_mixin.py:190} INFO - [2025-07-02T00:30:13.874+0000] {dag.py:4180} INFO - Setting next_dagrun for extract_raw_data_pipeline to 2025-07-01 07:00:00+00:00, run_after=2025-07-02 07:00:00+00:00
[2025-07-02T00:30:13.890+0000] {processor.py:208} INFO - Processing /opt/airflow/dags/driven_data_pipeline.py took 0.096 seconds
[2025-07-02T00:30:44.268+0000] {processor.py:186} INFO - Started process (PID=1452) to work on /opt/airflow/dags/driven_data_pipeline.py
[2025-07-02T00:30:44.269+0000] {processor.py:914} INFO - Processing file /opt/airflow/dags/driven_data_pipeline.py for tasks to queue
[2025-07-02T00:30:44.272+0000] {logging_mixin.py:190} INFO - [2025-07-02T00:30:44.271+0000] {dagbag.py:588} INFO - Filling up the DagBag from /opt/airflow/dags/driven_data_pipeline.py
[2025-07-02T00:30:44.290+0000] {processor.py:925} INFO - DAG(s) 'extract_raw_data_pipeline' retrieved from /opt/airflow/dags/driven_data_pipeline.py
[2025-07-02T00:30:44.318+0000] {logging_mixin.py:190} INFO - [2025-07-02T00:30:44.318+0000] {dag.py:3239} INFO - Sync 1 DAGs
[2025-07-02T00:30:44.338+0000] {logging_mixin.py:190} INFO - [2025-07-02T00:30:44.338+0000] {dag.py:4180} INFO - Setting next_dagrun for extract_raw_data_pipeline to 2025-07-01 07:00:00+00:00, run_after=2025-07-02 07:00:00+00:00
[2025-07-02T00:30:44.354+0000] {processor.py:208} INFO - Processing /opt/airflow/dags/driven_data_pipeline.py took 0.091 seconds
[2025-07-02T00:31:14.695+0000] {processor.py:186} INFO - Started process (PID=1459) to work on /opt/airflow/dags/driven_data_pipeline.py
[2025-07-02T00:31:14.696+0000] {processor.py:914} INFO - Processing file /opt/airflow/dags/driven_data_pipeline.py for tasks to queue
[2025-07-02T00:31:14.700+0000] {logging_mixin.py:190} INFO - [2025-07-02T00:31:14.699+0000] {dagbag.py:588} INFO - Filling up the DagBag from /opt/airflow/dags/driven_data_pipeline.py
[2025-07-02T00:31:14.718+0000] {processor.py:925} INFO - DAG(s) 'extract_raw_data_pipeline' retrieved from /opt/airflow/dags/driven_data_pipeline.py
[2025-07-02T00:31:14.743+0000] {logging_mixin.py:190} INFO - [2025-07-02T00:31:14.743+0000] {dag.py:3239} INFO - Sync 1 DAGs
[2025-07-02T00:31:14.764+0000] {logging_mixin.py:190} INFO - [2025-07-02T00:31:14.764+0000] {dag.py:4180} INFO - Setting next_dagrun for extract_raw_data_pipeline to 2025-07-01 07:00:00+00:00, run_after=2025-07-02 07:00:00+00:00
[2025-07-02T00:31:14.780+0000] {processor.py:208} INFO - Processing /opt/airflow/dags/driven_data_pipeline.py took 0.091 seconds
[2025-07-02T00:31:45.251+0000] {processor.py:186} INFO - Started process (PID=1466) to work on /opt/airflow/dags/driven_data_pipeline.py
[2025-07-02T00:31:45.252+0000] {processor.py:914} INFO - Processing file /opt/airflow/dags/driven_data_pipeline.py for tasks to queue
[2025-07-02T00:31:45.255+0000] {logging_mixin.py:190} INFO - [2025-07-02T00:31:45.255+0000] {dagbag.py:588} INFO - Filling up the DagBag from /opt/airflow/dags/driven_data_pipeline.py
[2025-07-02T00:31:45.278+0000] {processor.py:925} INFO - DAG(s) 'extract_raw_data_pipeline' retrieved from /opt/airflow/dags/driven_data_pipeline.py
[2025-07-02T00:31:45.303+0000] {logging_mixin.py:190} INFO - [2025-07-02T00:31:45.302+0000] {dag.py:3239} INFO - Sync 1 DAGs
[2025-07-02T00:31:45.323+0000] {logging_mixin.py:190} INFO - [2025-07-02T00:31:45.322+0000] {dag.py:4180} INFO - Setting next_dagrun for extract_raw_data_pipeline to 2025-07-01 07:00:00+00:00, run_after=2025-07-02 07:00:00+00:00
[2025-07-02T00:31:45.340+0000] {processor.py:208} INFO - Processing /opt/airflow/dags/driven_data_pipeline.py took 0.095 seconds
[2025-07-02T00:32:15.975+0000] {processor.py:186} INFO - Started process (PID=1473) to work on /opt/airflow/dags/driven_data_pipeline.py
[2025-07-02T00:32:15.977+0000] {processor.py:914} INFO - Processing file /opt/airflow/dags/driven_data_pipeline.py for tasks to queue
[2025-07-02T00:32:15.979+0000] {logging_mixin.py:190} INFO - [2025-07-02T00:32:15.979+0000] {dagbag.py:588} INFO - Filling up the DagBag from /opt/airflow/dags/driven_data_pipeline.py
[2025-07-02T00:32:15.998+0000] {processor.py:925} INFO - DAG(s) 'extract_raw_data_pipeline' retrieved from /opt/airflow/dags/driven_data_pipeline.py
[2025-07-02T00:32:16.022+0000] {logging_mixin.py:190} INFO - [2025-07-02T00:32:16.022+0000] {dag.py:3239} INFO - Sync 1 DAGs
[2025-07-02T00:32:16.042+0000] {logging_mixin.py:190} INFO - [2025-07-02T00:32:16.042+0000] {dag.py:4180} INFO - Setting next_dagrun for extract_raw_data_pipeline to 2025-07-01 07:00:00+00:00, run_after=2025-07-02 07:00:00+00:00
[2025-07-02T00:32:16.057+0000] {processor.py:208} INFO - Processing /opt/airflow/dags/driven_data_pipeline.py took 0.087 seconds
[2025-07-02T00:32:46.404+0000] {processor.py:186} INFO - Started process (PID=1480) to work on /opt/airflow/dags/driven_data_pipeline.py
[2025-07-02T00:32:46.405+0000] {processor.py:914} INFO - Processing file /opt/airflow/dags/driven_data_pipeline.py for tasks to queue
[2025-07-02T00:32:46.408+0000] {logging_mixin.py:190} INFO - [2025-07-02T00:32:46.407+0000] {dagbag.py:588} INFO - Filling up the DagBag from /opt/airflow/dags/driven_data_pipeline.py
[2025-07-02T00:32:46.429+0000] {processor.py:925} INFO - DAG(s) 'extract_raw_data_pipeline' retrieved from /opt/airflow/dags/driven_data_pipeline.py
[2025-07-02T00:32:46.455+0000] {logging_mixin.py:190} INFO - [2025-07-02T00:32:46.454+0000] {dag.py:3239} INFO - Sync 1 DAGs
[2025-07-02T00:32:46.475+0000] {logging_mixin.py:190} INFO - [2025-07-02T00:32:46.475+0000] {dag.py:4180} INFO - Setting next_dagrun for extract_raw_data_pipeline to 2025-07-01 07:00:00+00:00, run_after=2025-07-02 07:00:00+00:00
[2025-07-02T00:32:46.491+0000] {processor.py:208} INFO - Processing /opt/airflow/dags/driven_data_pipeline.py took 0.093 seconds
[2025-07-02T00:33:16.994+0000] {processor.py:186} INFO - Started process (PID=1487) to work on /opt/airflow/dags/driven_data_pipeline.py
[2025-07-02T00:33:16.995+0000] {processor.py:914} INFO - Processing file /opt/airflow/dags/driven_data_pipeline.py for tasks to queue
[2025-07-02T00:33:16.998+0000] {logging_mixin.py:190} INFO - [2025-07-02T00:33:16.997+0000] {dagbag.py:588} INFO - Filling up the DagBag from /opt/airflow/dags/driven_data_pipeline.py
[2025-07-02T00:33:17.016+0000] {processor.py:925} INFO - DAG(s) 'extract_raw_data_pipeline' retrieved from /opt/airflow/dags/driven_data_pipeline.py
[2025-07-02T00:33:17.045+0000] {logging_mixin.py:190} INFO - [2025-07-02T00:33:17.045+0000] {dag.py:3239} INFO - Sync 1 DAGs
[2025-07-02T00:33:17.067+0000] {logging_mixin.py:190} INFO - [2025-07-02T00:33:17.067+0000] {dag.py:4180} INFO - Setting next_dagrun for extract_raw_data_pipeline to 2025-07-01 07:00:00+00:00, run_after=2025-07-02 07:00:00+00:00
[2025-07-02T00:33:17.082+0000] {processor.py:208} INFO - Processing /opt/airflow/dags/driven_data_pipeline.py took 0.093 seconds
[2025-07-02T00:33:47.356+0000] {processor.py:186} INFO - Started process (PID=1494) to work on /opt/airflow/dags/driven_data_pipeline.py
[2025-07-02T00:33:47.357+0000] {processor.py:914} INFO - Processing file /opt/airflow/dags/driven_data_pipeline.py for tasks to queue
[2025-07-02T00:33:47.360+0000] {logging_mixin.py:190} INFO - [2025-07-02T00:33:47.359+0000] {dagbag.py:588} INFO - Filling up the DagBag from /opt/airflow/dags/driven_data_pipeline.py
[2025-07-02T00:33:47.377+0000] {processor.py:925} INFO - DAG(s) 'extract_raw_data_pipeline' retrieved from /opt/airflow/dags/driven_data_pipeline.py
[2025-07-02T00:33:47.408+0000] {logging_mixin.py:190} INFO - [2025-07-02T00:33:47.408+0000] {dag.py:3239} INFO - Sync 1 DAGs
[2025-07-02T00:33:47.430+0000] {logging_mixin.py:190} INFO - [2025-07-02T00:33:47.430+0000] {dag.py:4180} INFO - Setting next_dagrun for extract_raw_data_pipeline to 2025-07-01 07:00:00+00:00, run_after=2025-07-02 07:00:00+00:00
[2025-07-02T00:33:47.446+0000] {processor.py:208} INFO - Processing /opt/airflow/dags/driven_data_pipeline.py took 0.095 seconds
[2025-07-02T00:34:18.036+0000] {processor.py:186} INFO - Started process (PID=1501) to work on /opt/airflow/dags/driven_data_pipeline.py
[2025-07-02T00:34:18.037+0000] {processor.py:914} INFO - Processing file /opt/airflow/dags/driven_data_pipeline.py for tasks to queue
[2025-07-02T00:34:18.039+0000] {logging_mixin.py:190} INFO - [2025-07-02T00:34:18.039+0000] {dagbag.py:588} INFO - Filling up the DagBag from /opt/airflow/dags/driven_data_pipeline.py
[2025-07-02T00:34:18.055+0000] {processor.py:925} INFO - DAG(s) 'extract_raw_data_pipeline' retrieved from /opt/airflow/dags/driven_data_pipeline.py
[2025-07-02T00:34:18.080+0000] {logging_mixin.py:190} INFO - [2025-07-02T00:34:18.080+0000] {dag.py:3239} INFO - Sync 1 DAGs
[2025-07-02T00:34:18.101+0000] {logging_mixin.py:190} INFO - [2025-07-02T00:34:18.101+0000] {dag.py:4180} INFO - Setting next_dagrun for extract_raw_data_pipeline to 2025-07-01 07:00:00+00:00, run_after=2025-07-02 07:00:00+00:00
[2025-07-02T00:34:18.117+0000] {processor.py:208} INFO - Processing /opt/airflow/dags/driven_data_pipeline.py took 0.086 seconds
[2025-07-02T00:34:48.455+0000] {processor.py:186} INFO - Started process (PID=1508) to work on /opt/airflow/dags/driven_data_pipeline.py
[2025-07-02T00:34:48.456+0000] {processor.py:914} INFO - Processing file /opt/airflow/dags/driven_data_pipeline.py for tasks to queue
[2025-07-02T00:34:48.459+0000] {logging_mixin.py:190} INFO - [2025-07-02T00:34:48.459+0000] {dagbag.py:588} INFO - Filling up the DagBag from /opt/airflow/dags/driven_data_pipeline.py
[2025-07-02T00:34:48.488+0000] {processor.py:925} INFO - DAG(s) 'extract_raw_data_pipeline' retrieved from /opt/airflow/dags/driven_data_pipeline.py
[2025-07-02T00:34:48.518+0000] {logging_mixin.py:190} INFO - [2025-07-02T00:34:48.517+0000] {dag.py:3239} INFO - Sync 1 DAGs
[2025-07-02T00:34:48.539+0000] {logging_mixin.py:190} INFO - [2025-07-02T00:34:48.538+0000] {dag.py:4180} INFO - Setting next_dagrun for extract_raw_data_pipeline to 2025-07-01 07:00:00+00:00, run_after=2025-07-02 07:00:00+00:00
[2025-07-02T00:34:48.556+0000] {processor.py:208} INFO - Processing /opt/airflow/dags/driven_data_pipeline.py took 0.107 seconds
[2025-07-02T00:35:19.048+0000] {processor.py:186} INFO - Started process (PID=1515) to work on /opt/airflow/dags/driven_data_pipeline.py
[2025-07-02T00:35:19.049+0000] {processor.py:914} INFO - Processing file /opt/airflow/dags/driven_data_pipeline.py for tasks to queue
[2025-07-02T00:35:19.052+0000] {logging_mixin.py:190} INFO - [2025-07-02T00:35:19.052+0000] {dagbag.py:588} INFO - Filling up the DagBag from /opt/airflow/dags/driven_data_pipeline.py
[2025-07-02T00:35:19.076+0000] {processor.py:925} INFO - DAG(s) 'extract_raw_data_pipeline' retrieved from /opt/airflow/dags/driven_data_pipeline.py
[2025-07-02T00:35:19.105+0000] {logging_mixin.py:190} INFO - [2025-07-02T00:35:19.105+0000] {dag.py:3239} INFO - Sync 1 DAGs
[2025-07-02T00:35:19.127+0000] {logging_mixin.py:190} INFO - [2025-07-02T00:35:19.126+0000] {dag.py:4180} INFO - Setting next_dagrun for extract_raw_data_pipeline to 2025-07-01 07:00:00+00:00, run_after=2025-07-02 07:00:00+00:00
[2025-07-02T00:35:19.142+0000] {processor.py:208} INFO - Processing /opt/airflow/dags/driven_data_pipeline.py took 0.099 seconds
[2025-07-02T00:35:49.595+0000] {processor.py:186} INFO - Started process (PID=1522) to work on /opt/airflow/dags/driven_data_pipeline.py
[2025-07-02T00:35:49.596+0000] {processor.py:914} INFO - Processing file /opt/airflow/dags/driven_data_pipeline.py for tasks to queue
[2025-07-02T00:35:49.599+0000] {logging_mixin.py:190} INFO - [2025-07-02T00:35:49.599+0000] {dagbag.py:588} INFO - Filling up the DagBag from /opt/airflow/dags/driven_data_pipeline.py
[2025-07-02T00:35:49.617+0000] {processor.py:925} INFO - DAG(s) 'extract_raw_data_pipeline' retrieved from /opt/airflow/dags/driven_data_pipeline.py
[2025-07-02T00:35:49.645+0000] {logging_mixin.py:190} INFO - [2025-07-02T00:35:49.645+0000] {dag.py:3239} INFO - Sync 1 DAGs
[2025-07-02T00:35:49.667+0000] {logging_mixin.py:190} INFO - [2025-07-02T00:35:49.667+0000] {dag.py:4180} INFO - Setting next_dagrun for extract_raw_data_pipeline to 2025-07-01 07:00:00+00:00, run_after=2025-07-02 07:00:00+00:00
[2025-07-02T00:35:49.683+0000] {processor.py:208} INFO - Processing /opt/airflow/dags/driven_data_pipeline.py took 0.093 seconds
[2025-07-02T00:36:20.208+0000] {processor.py:186} INFO - Started process (PID=1529) to work on /opt/airflow/dags/driven_data_pipeline.py
[2025-07-02T00:36:20.209+0000] {processor.py:914} INFO - Processing file /opt/airflow/dags/driven_data_pipeline.py for tasks to queue
[2025-07-02T00:36:20.211+0000] {logging_mixin.py:190} INFO - [2025-07-02T00:36:20.211+0000] {dagbag.py:588} INFO - Filling up the DagBag from /opt/airflow/dags/driven_data_pipeline.py
[2025-07-02T00:36:20.227+0000] {processor.py:925} INFO - DAG(s) 'extract_raw_data_pipeline' retrieved from /opt/airflow/dags/driven_data_pipeline.py
[2025-07-02T00:36:20.250+0000] {logging_mixin.py:190} INFO - [2025-07-02T00:36:20.250+0000] {dag.py:3239} INFO - Sync 1 DAGs
[2025-07-02T00:36:20.271+0000] {logging_mixin.py:190} INFO - [2025-07-02T00:36:20.270+0000] {dag.py:4180} INFO - Setting next_dagrun for extract_raw_data_pipeline to 2025-07-01 07:00:00+00:00, run_after=2025-07-02 07:00:00+00:00
[2025-07-02T00:36:20.286+0000] {processor.py:208} INFO - Processing /opt/airflow/dags/driven_data_pipeline.py took 0.084 seconds
[2025-07-02T00:36:50.761+0000] {processor.py:186} INFO - Started process (PID=1542) to work on /opt/airflow/dags/driven_data_pipeline.py
[2025-07-02T00:36:50.762+0000] {processor.py:914} INFO - Processing file /opt/airflow/dags/driven_data_pipeline.py for tasks to queue
[2025-07-02T00:36:50.764+0000] {logging_mixin.py:190} INFO - [2025-07-02T00:36:50.764+0000] {dagbag.py:588} INFO - Filling up the DagBag from /opt/airflow/dags/driven_data_pipeline.py
[2025-07-02T00:36:50.783+0000] {processor.py:925} INFO - DAG(s) 'extract_raw_data_pipeline' retrieved from /opt/airflow/dags/driven_data_pipeline.py
[2025-07-02T00:36:50.811+0000] {logging_mixin.py:190} INFO - [2025-07-02T00:36:50.811+0000] {dag.py:3239} INFO - Sync 1 DAGs
[2025-07-02T00:36:50.836+0000] {logging_mixin.py:190} INFO - [2025-07-02T00:36:50.835+0000] {dag.py:4180} INFO - Setting next_dagrun for extract_raw_data_pipeline to 2025-07-01 07:00:00+00:00, run_after=2025-07-02 07:00:00+00:00
[2025-07-02T00:36:50.851+0000] {processor.py:208} INFO - Processing /opt/airflow/dags/driven_data_pipeline.py took 0.096 seconds
[2025-07-02T00:37:21.471+0000] {processor.py:186} INFO - Started process (PID=1549) to work on /opt/airflow/dags/driven_data_pipeline.py
[2025-07-02T00:37:21.473+0000] {processor.py:914} INFO - Processing file /opt/airflow/dags/driven_data_pipeline.py for tasks to queue
[2025-07-02T00:37:21.476+0000] {logging_mixin.py:190} INFO - [2025-07-02T00:37:21.475+0000] {dagbag.py:588} INFO - Filling up the DagBag from /opt/airflow/dags/driven_data_pipeline.py
[2025-07-02T00:37:21.497+0000] {processor.py:925} INFO - DAG(s) 'extract_raw_data_pipeline' retrieved from /opt/airflow/dags/driven_data_pipeline.py
[2025-07-02T00:37:21.520+0000] {logging_mixin.py:190} INFO - [2025-07-02T00:37:21.519+0000] {dag.py:3239} INFO - Sync 1 DAGs
[2025-07-02T00:37:21.539+0000] {logging_mixin.py:190} INFO - [2025-07-02T00:37:21.539+0000] {dag.py:4180} INFO - Setting next_dagrun for extract_raw_data_pipeline to 2025-07-01 07:00:00+00:00, run_after=2025-07-02 07:00:00+00:00
[2025-07-02T00:37:21.556+0000] {processor.py:208} INFO - Processing /opt/airflow/dags/driven_data_pipeline.py took 0.095 seconds
[2025-07-02T00:37:52.054+0000] {processor.py:186} INFO - Started process (PID=1556) to work on /opt/airflow/dags/driven_data_pipeline.py
[2025-07-02T00:37:52.056+0000] {processor.py:914} INFO - Processing file /opt/airflow/dags/driven_data_pipeline.py for tasks to queue
[2025-07-02T00:37:52.060+0000] {logging_mixin.py:190} INFO - [2025-07-02T00:37:52.059+0000] {dagbag.py:588} INFO - Filling up the DagBag from /opt/airflow/dags/driven_data_pipeline.py
[2025-07-02T00:37:52.092+0000] {processor.py:925} INFO - DAG(s) 'extract_raw_data_pipeline' retrieved from /opt/airflow/dags/driven_data_pipeline.py
[2025-07-02T00:37:52.120+0000] {logging_mixin.py:190} INFO - [2025-07-02T00:37:52.120+0000] {dag.py:3239} INFO - Sync 1 DAGs
[2025-07-02T00:37:52.142+0000] {logging_mixin.py:190} INFO - [2025-07-02T00:37:52.141+0000] {dag.py:4180} INFO - Setting next_dagrun for extract_raw_data_pipeline to 2025-07-01 07:00:00+00:00, run_after=2025-07-02 07:00:00+00:00
[2025-07-02T00:37:52.158+0000] {processor.py:208} INFO - Processing /opt/airflow/dags/driven_data_pipeline.py took 0.113 seconds
[2025-07-02T00:38:22.612+0000] {processor.py:186} INFO - Started process (PID=1563) to work on /opt/airflow/dags/driven_data_pipeline.py
[2025-07-02T00:38:22.613+0000] {processor.py:914} INFO - Processing file /opt/airflow/dags/driven_data_pipeline.py for tasks to queue
[2025-07-02T00:38:22.616+0000] {logging_mixin.py:190} INFO - [2025-07-02T00:38:22.615+0000] {dagbag.py:588} INFO - Filling up the DagBag from /opt/airflow/dags/driven_data_pipeline.py
[2025-07-02T00:38:22.631+0000] {processor.py:925} INFO - DAG(s) 'extract_raw_data_pipeline' retrieved from /opt/airflow/dags/driven_data_pipeline.py
[2025-07-02T00:38:22.656+0000] {logging_mixin.py:190} INFO - [2025-07-02T00:38:22.656+0000] {dag.py:3239} INFO - Sync 1 DAGs
[2025-07-02T00:38:22.676+0000] {logging_mixin.py:190} INFO - [2025-07-02T00:38:22.676+0000] {dag.py:4180} INFO - Setting next_dagrun for extract_raw_data_pipeline to 2025-07-01 07:00:00+00:00, run_after=2025-07-02 07:00:00+00:00
[2025-07-02T00:38:22.691+0000] {processor.py:208} INFO - Processing /opt/airflow/dags/driven_data_pipeline.py took 0.086 seconds
[2025-07-02T00:38:53.184+0000] {processor.py:186} INFO - Started process (PID=1570) to work on /opt/airflow/dags/driven_data_pipeline.py
[2025-07-02T00:38:53.185+0000] {processor.py:914} INFO - Processing file /opt/airflow/dags/driven_data_pipeline.py for tasks to queue
[2025-07-02T00:38:53.188+0000] {logging_mixin.py:190} INFO - [2025-07-02T00:38:53.188+0000] {dagbag.py:588} INFO - Filling up the DagBag from /opt/airflow/dags/driven_data_pipeline.py
[2025-07-02T00:38:53.206+0000] {processor.py:925} INFO - DAG(s) 'extract_raw_data_pipeline' retrieved from /opt/airflow/dags/driven_data_pipeline.py
[2025-07-02T00:38:53.231+0000] {logging_mixin.py:190} INFO - [2025-07-02T00:38:53.231+0000] {dag.py:3239} INFO - Sync 1 DAGs
[2025-07-02T00:38:53.253+0000] {logging_mixin.py:190} INFO - [2025-07-02T00:38:53.252+0000] {dag.py:4180} INFO - Setting next_dagrun for extract_raw_data_pipeline to 2025-07-01 07:00:00+00:00, run_after=2025-07-02 07:00:00+00:00
[2025-07-02T00:38:53.271+0000] {processor.py:208} INFO - Processing /opt/airflow/dags/driven_data_pipeline.py took 0.092 seconds
[2025-07-02T00:39:23.838+0000] {processor.py:186} INFO - Started process (PID=1577) to work on /opt/airflow/dags/driven_data_pipeline.py
[2025-07-02T00:39:23.839+0000] {processor.py:914} INFO - Processing file /opt/airflow/dags/driven_data_pipeline.py for tasks to queue
[2025-07-02T00:39:23.843+0000] {logging_mixin.py:190} INFO - [2025-07-02T00:39:23.842+0000] {dagbag.py:588} INFO - Filling up the DagBag from /opt/airflow/dags/driven_data_pipeline.py
[2025-07-02T00:39:23.862+0000] {processor.py:925} INFO - DAG(s) 'extract_raw_data_pipeline' retrieved from /opt/airflow/dags/driven_data_pipeline.py
[2025-07-02T00:39:23.886+0000] {logging_mixin.py:190} INFO - [2025-07-02T00:39:23.886+0000] {dag.py:3239} INFO - Sync 1 DAGs
[2025-07-02T00:39:23.906+0000] {logging_mixin.py:190} INFO - [2025-07-02T00:39:23.906+0000] {dag.py:4180} INFO - Setting next_dagrun for extract_raw_data_pipeline to 2025-07-01 07:00:00+00:00, run_after=2025-07-02 07:00:00+00:00
[2025-07-02T00:39:23.921+0000] {processor.py:208} INFO - Processing /opt/airflow/dags/driven_data_pipeline.py took 0.089 seconds
[2025-07-02T00:39:54.288+0000] {processor.py:186} INFO - Started process (PID=1584) to work on /opt/airflow/dags/driven_data_pipeline.py
[2025-07-02T00:39:54.289+0000] {processor.py:914} INFO - Processing file /opt/airflow/dags/driven_data_pipeline.py for tasks to queue
[2025-07-02T00:39:54.291+0000] {logging_mixin.py:190} INFO - [2025-07-02T00:39:54.291+0000] {dagbag.py:588} INFO - Filling up the DagBag from /opt/airflow/dags/driven_data_pipeline.py
[2025-07-02T00:39:54.306+0000] {processor.py:925} INFO - DAG(s) 'extract_raw_data_pipeline' retrieved from /opt/airflow/dags/driven_data_pipeline.py
[2025-07-02T00:39:54.327+0000] {logging_mixin.py:190} INFO - [2025-07-02T00:39:54.326+0000] {dag.py:3239} INFO - Sync 1 DAGs
[2025-07-02T00:39:54.345+0000] {logging_mixin.py:190} INFO - [2025-07-02T00:39:54.344+0000] {dag.py:4180} INFO - Setting next_dagrun for extract_raw_data_pipeline to 2025-07-01 07:00:00+00:00, run_after=2025-07-02 07:00:00+00:00
[2025-07-02T00:39:54.358+0000] {processor.py:208} INFO - Processing /opt/airflow/dags/driven_data_pipeline.py took 0.075 seconds
[2025-07-02T00:40:24.865+0000] {processor.py:186} INFO - Started process (PID=1591) to work on /opt/airflow/dags/driven_data_pipeline.py
[2025-07-02T00:40:24.866+0000] {processor.py:914} INFO - Processing file /opt/airflow/dags/driven_data_pipeline.py for tasks to queue
[2025-07-02T00:40:24.868+0000] {logging_mixin.py:190} INFO - [2025-07-02T00:40:24.868+0000] {dagbag.py:588} INFO - Filling up the DagBag from /opt/airflow/dags/driven_data_pipeline.py
[2025-07-02T00:40:24.886+0000] {processor.py:925} INFO - DAG(s) 'extract_raw_data_pipeline' retrieved from /opt/airflow/dags/driven_data_pipeline.py
[2025-07-02T00:40:24.909+0000] {logging_mixin.py:190} INFO - [2025-07-02T00:40:24.909+0000] {dag.py:3239} INFO - Sync 1 DAGs
[2025-07-02T00:40:24.929+0000] {logging_mixin.py:190} INFO - [2025-07-02T00:40:24.928+0000] {dag.py:4180} INFO - Setting next_dagrun for extract_raw_data_pipeline to 2025-07-01 07:00:00+00:00, run_after=2025-07-02 07:00:00+00:00
[2025-07-02T00:40:24.943+0000] {processor.py:208} INFO - Processing /opt/airflow/dags/driven_data_pipeline.py took 0.089 seconds
[2025-07-02T00:40:55.407+0000] {processor.py:186} INFO - Started process (PID=1598) to work on /opt/airflow/dags/driven_data_pipeline.py
[2025-07-02T00:40:55.408+0000] {processor.py:914} INFO - Processing file /opt/airflow/dags/driven_data_pipeline.py for tasks to queue
[2025-07-02T00:40:55.411+0000] {logging_mixin.py:190} INFO - [2025-07-02T00:40:55.411+0000] {dagbag.py:588} INFO - Filling up the DagBag from /opt/airflow/dags/driven_data_pipeline.py
[2025-07-02T00:40:55.430+0000] {processor.py:925} INFO - DAG(s) 'extract_raw_data_pipeline' retrieved from /opt/airflow/dags/driven_data_pipeline.py
[2025-07-02T00:40:55.462+0000] {logging_mixin.py:190} INFO - [2025-07-02T00:40:55.461+0000] {dag.py:3239} INFO - Sync 1 DAGs
[2025-07-02T00:40:55.480+0000] {logging_mixin.py:190} INFO - [2025-07-02T00:40:55.480+0000] {dag.py:4180} INFO - Setting next_dagrun for extract_raw_data_pipeline to 2025-07-01 07:00:00+00:00, run_after=2025-07-02 07:00:00+00:00
[2025-07-02T00:40:55.493+0000] {processor.py:208} INFO - Processing /opt/airflow/dags/driven_data_pipeline.py took 0.093 seconds
[2025-07-02T00:41:26.064+0000] {processor.py:186} INFO - Started process (PID=1605) to work on /opt/airflow/dags/driven_data_pipeline.py
[2025-07-02T00:41:26.065+0000] {processor.py:914} INFO - Processing file /opt/airflow/dags/driven_data_pipeline.py for tasks to queue
[2025-07-02T00:41:26.067+0000] {logging_mixin.py:190} INFO - [2025-07-02T00:41:26.067+0000] {dagbag.py:588} INFO - Filling up the DagBag from /opt/airflow/dags/driven_data_pipeline.py
[2025-07-02T00:41:26.086+0000] {processor.py:925} INFO - DAG(s) 'extract_raw_data_pipeline' retrieved from /opt/airflow/dags/driven_data_pipeline.py
[2025-07-02T00:41:26.107+0000] {logging_mixin.py:190} INFO - [2025-07-02T00:41:26.107+0000] {dag.py:3239} INFO - Sync 1 DAGs
[2025-07-02T00:41:26.125+0000] {logging_mixin.py:190} INFO - [2025-07-02T00:41:26.125+0000] {dag.py:4180} INFO - Setting next_dagrun for extract_raw_data_pipeline to 2025-07-01 07:00:00+00:00, run_after=2025-07-02 07:00:00+00:00
[2025-07-02T00:41:26.139+0000] {processor.py:208} INFO - Processing /opt/airflow/dags/driven_data_pipeline.py took 0.081 seconds
[2025-07-02T00:41:56.551+0000] {processor.py:186} INFO - Started process (PID=1612) to work on /opt/airflow/dags/driven_data_pipeline.py
[2025-07-02T00:41:56.552+0000] {processor.py:914} INFO - Processing file /opt/airflow/dags/driven_data_pipeline.py for tasks to queue
[2025-07-02T00:41:56.554+0000] {logging_mixin.py:190} INFO - [2025-07-02T00:41:56.554+0000] {dagbag.py:588} INFO - Filling up the DagBag from /opt/airflow/dags/driven_data_pipeline.py
[2025-07-02T00:41:56.572+0000] {processor.py:925} INFO - DAG(s) 'extract_raw_data_pipeline' retrieved from /opt/airflow/dags/driven_data_pipeline.py
[2025-07-02T00:41:56.596+0000] {logging_mixin.py:190} INFO - [2025-07-02T00:41:56.595+0000] {dag.py:3239} INFO - Sync 1 DAGs
[2025-07-02T00:41:56.616+0000] {logging_mixin.py:190} INFO - [2025-07-02T00:41:56.616+0000] {dag.py:4180} INFO - Setting next_dagrun for extract_raw_data_pipeline to 2025-07-01 07:00:00+00:00, run_after=2025-07-02 07:00:00+00:00
[2025-07-02T00:41:56.631+0000] {processor.py:208} INFO - Processing /opt/airflow/dags/driven_data_pipeline.py took 0.085 seconds
[2025-07-02T00:42:27.256+0000] {processor.py:186} INFO - Started process (PID=1619) to work on /opt/airflow/dags/driven_data_pipeline.py
[2025-07-02T00:42:27.257+0000] {processor.py:914} INFO - Processing file /opt/airflow/dags/driven_data_pipeline.py for tasks to queue
[2025-07-02T00:42:27.260+0000] {logging_mixin.py:190} INFO - [2025-07-02T00:42:27.259+0000] {dagbag.py:588} INFO - Filling up the DagBag from /opt/airflow/dags/driven_data_pipeline.py
[2025-07-02T00:42:27.277+0000] {processor.py:925} INFO - DAG(s) 'extract_raw_data_pipeline' retrieved from /opt/airflow/dags/driven_data_pipeline.py
[2025-07-02T00:42:27.300+0000] {logging_mixin.py:190} INFO - [2025-07-02T00:42:27.300+0000] {dag.py:3239} INFO - Sync 1 DAGs
[2025-07-02T00:42:27.321+0000] {logging_mixin.py:190} INFO - [2025-07-02T00:42:27.321+0000] {dag.py:4180} INFO - Setting next_dagrun for extract_raw_data_pipeline to 2025-07-01 07:00:00+00:00, run_after=2025-07-02 07:00:00+00:00
[2025-07-02T00:42:27.338+0000] {processor.py:208} INFO - Processing /opt/airflow/dags/driven_data_pipeline.py took 0.087 seconds
[2025-07-02T00:42:57.821+0000] {processor.py:186} INFO - Started process (PID=1626) to work on /opt/airflow/dags/driven_data_pipeline.py
[2025-07-02T00:42:57.822+0000] {processor.py:914} INFO - Processing file /opt/airflow/dags/driven_data_pipeline.py for tasks to queue
[2025-07-02T00:42:57.827+0000] {logging_mixin.py:190} INFO - [2025-07-02T00:42:57.826+0000] {dagbag.py:588} INFO - Filling up the DagBag from /opt/airflow/dags/driven_data_pipeline.py
[2025-07-02T00:42:57.851+0000] {processor.py:925} INFO - DAG(s) 'extract_raw_data_pipeline' retrieved from /opt/airflow/dags/driven_data_pipeline.py
[2025-07-02T00:42:57.876+0000] {logging_mixin.py:190} INFO - [2025-07-02T00:42:57.875+0000] {dag.py:3239} INFO - Sync 1 DAGs
[2025-07-02T00:42:57.896+0000] {logging_mixin.py:190} INFO - [2025-07-02T00:42:57.896+0000] {dag.py:4180} INFO - Setting next_dagrun for extract_raw_data_pipeline to 2025-07-01 07:00:00+00:00, run_after=2025-07-02 07:00:00+00:00
[2025-07-02T00:42:57.912+0000] {processor.py:208} INFO - Processing /opt/airflow/dags/driven_data_pipeline.py took 0.099 seconds
[2025-07-02T00:43:28.521+0000] {processor.py:186} INFO - Started process (PID=1633) to work on /opt/airflow/dags/driven_data_pipeline.py
[2025-07-02T00:43:28.522+0000] {processor.py:914} INFO - Processing file /opt/airflow/dags/driven_data_pipeline.py for tasks to queue
[2025-07-02T00:43:28.524+0000] {logging_mixin.py:190} INFO - [2025-07-02T00:43:28.524+0000] {dagbag.py:588} INFO - Filling up the DagBag from /opt/airflow/dags/driven_data_pipeline.py
[2025-07-02T00:43:28.541+0000] {processor.py:925} INFO - DAG(s) 'extract_raw_data_pipeline' retrieved from /opt/airflow/dags/driven_data_pipeline.py
[2025-07-02T00:43:28.566+0000] {logging_mixin.py:190} INFO - [2025-07-02T00:43:28.565+0000] {dag.py:3239} INFO - Sync 1 DAGs
[2025-07-02T00:43:28.591+0000] {logging_mixin.py:190} INFO - [2025-07-02T00:43:28.591+0000] {dag.py:4180} INFO - Setting next_dagrun for extract_raw_data_pipeline to 2025-07-01 07:00:00+00:00, run_after=2025-07-02 07:00:00+00:00
[2025-07-02T00:43:28.608+0000] {processor.py:208} INFO - Processing /opt/airflow/dags/driven_data_pipeline.py took 0.093 seconds
[2025-07-02T00:43:58.986+0000] {processor.py:186} INFO - Started process (PID=1640) to work on /opt/airflow/dags/driven_data_pipeline.py
[2025-07-02T00:43:58.987+0000] {processor.py:914} INFO - Processing file /opt/airflow/dags/driven_data_pipeline.py for tasks to queue
[2025-07-02T00:43:58.990+0000] {logging_mixin.py:190} INFO - [2025-07-02T00:43:58.990+0000] {dagbag.py:588} INFO - Filling up the DagBag from /opt/airflow/dags/driven_data_pipeline.py
[2025-07-02T00:43:59.009+0000] {processor.py:925} INFO - DAG(s) 'extract_raw_data_pipeline' retrieved from /opt/airflow/dags/driven_data_pipeline.py
[2025-07-02T00:43:59.035+0000] {logging_mixin.py:190} INFO - [2025-07-02T00:43:59.035+0000] {dag.py:3239} INFO - Sync 1 DAGs
[2025-07-02T00:43:59.057+0000] {logging_mixin.py:190} INFO - [2025-07-02T00:43:59.056+0000] {dag.py:4180} INFO - Setting next_dagrun for extract_raw_data_pipeline to 2025-07-01 07:00:00+00:00, run_after=2025-07-02 07:00:00+00:00
[2025-07-02T00:43:59.072+0000] {processor.py:208} INFO - Processing /opt/airflow/dags/driven_data_pipeline.py took 0.100 seconds
[2025-07-02T00:44:29.731+0000] {processor.py:186} INFO - Started process (PID=1647) to work on /opt/airflow/dags/driven_data_pipeline.py
[2025-07-02T00:44:29.732+0000] {processor.py:914} INFO - Processing file /opt/airflow/dags/driven_data_pipeline.py for tasks to queue
[2025-07-02T00:44:29.735+0000] {logging_mixin.py:190} INFO - [2025-07-02T00:44:29.734+0000] {dagbag.py:588} INFO - Filling up the DagBag from /opt/airflow/dags/driven_data_pipeline.py
[2025-07-02T00:44:29.752+0000] {processor.py:925} INFO - DAG(s) 'extract_raw_data_pipeline' retrieved from /opt/airflow/dags/driven_data_pipeline.py
[2025-07-02T00:44:29.776+0000] {logging_mixin.py:190} INFO - [2025-07-02T00:44:29.775+0000] {dag.py:3239} INFO - Sync 1 DAGs
[2025-07-02T00:44:29.795+0000] {logging_mixin.py:190} INFO - [2025-07-02T00:44:29.795+0000] {dag.py:4180} INFO - Setting next_dagrun for extract_raw_data_pipeline to 2025-07-01 07:00:00+00:00, run_after=2025-07-02 07:00:00+00:00
[2025-07-02T00:44:29.811+0000] {processor.py:208} INFO - Processing /opt/airflow/dags/driven_data_pipeline.py took 0.088 seconds
[2025-07-02T00:45:00.212+0000] {processor.py:186} INFO - Started process (PID=1654) to work on /opt/airflow/dags/driven_data_pipeline.py
[2025-07-02T00:45:00.213+0000] {processor.py:914} INFO - Processing file /opt/airflow/dags/driven_data_pipeline.py for tasks to queue
[2025-07-02T00:45:00.216+0000] {logging_mixin.py:190} INFO - [2025-07-02T00:45:00.215+0000] {dagbag.py:588} INFO - Filling up the DagBag from /opt/airflow/dags/driven_data_pipeline.py
[2025-07-02T00:45:00.260+0000] {processor.py:925} INFO - DAG(s) 'extract_raw_data_pipeline' retrieved from /opt/airflow/dags/driven_data_pipeline.py
[2025-07-02T00:45:00.291+0000] {logging_mixin.py:190} INFO - [2025-07-02T00:45:00.291+0000] {dag.py:3239} INFO - Sync 1 DAGs
[2025-07-02T00:45:00.313+0000] {logging_mixin.py:190} INFO - [2025-07-02T00:45:00.313+0000] {dag.py:4180} INFO - Setting next_dagrun for extract_raw_data_pipeline to 2025-07-01 07:00:00+00:00, run_after=2025-07-02 07:00:00+00:00
[2025-07-02T00:45:00.329+0000] {processor.py:208} INFO - Processing /opt/airflow/dags/driven_data_pipeline.py took 0.126 seconds
[2025-07-02T00:45:30.887+0000] {processor.py:186} INFO - Started process (PID=1661) to work on /opt/airflow/dags/driven_data_pipeline.py
[2025-07-02T00:45:30.888+0000] {processor.py:914} INFO - Processing file /opt/airflow/dags/driven_data_pipeline.py for tasks to queue
[2025-07-02T00:45:30.895+0000] {logging_mixin.py:190} INFO - [2025-07-02T00:45:30.895+0000] {dagbag.py:588} INFO - Filling up the DagBag from /opt/airflow/dags/driven_data_pipeline.py
[2025-07-02T00:45:30.939+0000] {processor.py:925} INFO - DAG(s) 'extract_raw_data_pipeline' retrieved from /opt/airflow/dags/driven_data_pipeline.py
[2025-07-02T00:45:30.963+0000] {logging_mixin.py:190} INFO - [2025-07-02T00:45:30.963+0000] {dag.py:3239} INFO - Sync 1 DAGs
[2025-07-02T00:45:30.982+0000] {logging_mixin.py:190} INFO - [2025-07-02T00:45:30.982+0000] {dag.py:4180} INFO - Setting next_dagrun for extract_raw_data_pipeline to 2025-07-01 07:00:00+00:00, run_after=2025-07-02 07:00:00+00:00
[2025-07-02T00:45:30.997+0000] {processor.py:208} INFO - Processing /opt/airflow/dags/driven_data_pipeline.py took 0.115 seconds
[2025-07-02T00:46:01.466+0000] {processor.py:186} INFO - Started process (PID=1668) to work on /opt/airflow/dags/driven_data_pipeline.py
[2025-07-02T00:46:01.468+0000] {processor.py:914} INFO - Processing file /opt/airflow/dags/driven_data_pipeline.py for tasks to queue
[2025-07-02T00:46:01.474+0000] {logging_mixin.py:190} INFO - [2025-07-02T00:46:01.473+0000] {dagbag.py:588} INFO - Filling up the DagBag from /opt/airflow/dags/driven_data_pipeline.py
[2025-07-02T00:46:01.513+0000] {processor.py:925} INFO - DAG(s) 'extract_raw_data_pipeline' retrieved from /opt/airflow/dags/driven_data_pipeline.py
[2025-07-02T00:46:01.540+0000] {logging_mixin.py:190} INFO - [2025-07-02T00:46:01.540+0000] {dag.py:3239} INFO - Sync 1 DAGs
[2025-07-02T00:46:01.560+0000] {logging_mixin.py:190} INFO - [2025-07-02T00:46:01.560+0000] {dag.py:4180} INFO - Setting next_dagrun for extract_raw_data_pipeline to 2025-07-01 07:00:00+00:00, run_after=2025-07-02 07:00:00+00:00
[2025-07-02T00:46:01.576+0000] {processor.py:208} INFO - Processing /opt/airflow/dags/driven_data_pipeline.py took 0.124 seconds
[2025-07-02T00:46:32.175+0000] {processor.py:186} INFO - Started process (PID=1676) to work on /opt/airflow/dags/driven_data_pipeline.py
[2025-07-02T00:46:32.176+0000] {processor.py:914} INFO - Processing file /opt/airflow/dags/driven_data_pipeline.py for tasks to queue
[2025-07-02T00:46:32.178+0000] {logging_mixin.py:190} INFO - [2025-07-02T00:46:32.178+0000] {dagbag.py:588} INFO - Filling up the DagBag from /opt/airflow/dags/driven_data_pipeline.py
[2025-07-02T00:46:32.194+0000] {processor.py:925} INFO - DAG(s) 'extract_raw_data_pipeline' retrieved from /opt/airflow/dags/driven_data_pipeline.py
[2025-07-02T00:46:32.219+0000] {logging_mixin.py:190} INFO - [2025-07-02T00:46:32.219+0000] {dag.py:3239} INFO - Sync 1 DAGs
[2025-07-02T00:46:32.243+0000] {logging_mixin.py:190} INFO - [2025-07-02T00:46:32.243+0000] {dag.py:4180} INFO - Setting next_dagrun for extract_raw_data_pipeline to 2025-07-01 07:00:00+00:00, run_after=2025-07-02 07:00:00+00:00
[2025-07-02T00:46:32.258+0000] {processor.py:208} INFO - Processing /opt/airflow/dags/driven_data_pipeline.py took 0.089 seconds
[2025-07-02T00:47:02.776+0000] {processor.py:186} INFO - Started process (PID=1683) to work on /opt/airflow/dags/driven_data_pipeline.py
[2025-07-02T00:47:02.777+0000] {processor.py:914} INFO - Processing file /opt/airflow/dags/driven_data_pipeline.py for tasks to queue
[2025-07-02T00:47:02.780+0000] {logging_mixin.py:190} INFO - [2025-07-02T00:47:02.780+0000] {dagbag.py:588} INFO - Filling up the DagBag from /opt/airflow/dags/driven_data_pipeline.py
[2025-07-02T00:47:02.797+0000] {processor.py:925} INFO - DAG(s) 'extract_raw_data_pipeline' retrieved from /opt/airflow/dags/driven_data_pipeline.py
[2025-07-02T00:47:02.820+0000] {logging_mixin.py:190} INFO - [2025-07-02T00:47:02.820+0000] {dag.py:3239} INFO - Sync 1 DAGs
[2025-07-02T00:47:02.841+0000] {logging_mixin.py:190} INFO - [2025-07-02T00:47:02.841+0000] {dag.py:4180} INFO - Setting next_dagrun for extract_raw_data_pipeline to 2025-07-01 07:00:00+00:00, run_after=2025-07-02 07:00:00+00:00
[2025-07-02T00:47:02.856+0000] {processor.py:208} INFO - Processing /opt/airflow/dags/driven_data_pipeline.py took 0.085 seconds
[2025-07-02T00:47:33.367+0000] {processor.py:186} INFO - Started process (PID=1690) to work on /opt/airflow/dags/driven_data_pipeline.py
[2025-07-02T00:47:33.368+0000] {processor.py:914} INFO - Processing file /opt/airflow/dags/driven_data_pipeline.py for tasks to queue
[2025-07-02T00:47:33.371+0000] {logging_mixin.py:190} INFO - [2025-07-02T00:47:33.370+0000] {dagbag.py:588} INFO - Filling up the DagBag from /opt/airflow/dags/driven_data_pipeline.py
[2025-07-02T00:47:33.386+0000] {processor.py:925} INFO - DAG(s) 'extract_raw_data_pipeline' retrieved from /opt/airflow/dags/driven_data_pipeline.py
[2025-07-02T00:47:33.408+0000] {logging_mixin.py:190} INFO - [2025-07-02T00:47:33.408+0000] {dag.py:3239} INFO - Sync 1 DAGs
[2025-07-02T00:47:33.428+0000] {logging_mixin.py:190} INFO - [2025-07-02T00:47:33.427+0000] {dag.py:4180} INFO - Setting next_dagrun for extract_raw_data_pipeline to 2025-07-01 07:00:00+00:00, run_after=2025-07-02 07:00:00+00:00
[2025-07-02T00:47:33.443+0000] {processor.py:208} INFO - Processing /opt/airflow/dags/driven_data_pipeline.py took 0.081 seconds
[2025-07-02T00:48:04.084+0000] {processor.py:186} INFO - Started process (PID=1697) to work on /opt/airflow/dags/driven_data_pipeline.py
[2025-07-02T00:48:04.085+0000] {processor.py:914} INFO - Processing file /opt/airflow/dags/driven_data_pipeline.py for tasks to queue
[2025-07-02T00:48:04.089+0000] {logging_mixin.py:190} INFO - [2025-07-02T00:48:04.088+0000] {dagbag.py:588} INFO - Filling up the DagBag from /opt/airflow/dags/driven_data_pipeline.py
[2025-07-02T00:48:04.107+0000] {processor.py:925} INFO - DAG(s) 'extract_raw_data_pipeline' retrieved from /opt/airflow/dags/driven_data_pipeline.py
[2025-07-02T00:48:04.133+0000] {logging_mixin.py:190} INFO - [2025-07-02T00:48:04.133+0000] {dag.py:3239} INFO - Sync 1 DAGs
[2025-07-02T00:48:04.180+0000] {logging_mixin.py:190} INFO - [2025-07-02T00:48:04.179+0000] {dag.py:4180} INFO - Setting next_dagrun for extract_raw_data_pipeline to 2025-07-01 07:00:00+00:00, run_after=2025-07-02 07:00:00+00:00
[2025-07-02T00:48:04.211+0000] {processor.py:208} INFO - Processing /opt/airflow/dags/driven_data_pipeline.py took 0.139 seconds
[2025-07-02T00:48:34.715+0000] {processor.py:186} INFO - Started process (PID=1704) to work on /opt/airflow/dags/driven_data_pipeline.py
[2025-07-02T00:48:34.716+0000] {processor.py:914} INFO - Processing file /opt/airflow/dags/driven_data_pipeline.py for tasks to queue
[2025-07-02T00:48:34.718+0000] {logging_mixin.py:190} INFO - [2025-07-02T00:48:34.718+0000] {dagbag.py:588} INFO - Filling up the DagBag from /opt/airflow/dags/driven_data_pipeline.py
[2025-07-02T00:48:34.734+0000] {processor.py:925} INFO - DAG(s) 'extract_raw_data_pipeline' retrieved from /opt/airflow/dags/driven_data_pipeline.py
[2025-07-02T00:48:34.756+0000] {logging_mixin.py:190} INFO - [2025-07-02T00:48:34.756+0000] {dag.py:3239} INFO - Sync 1 DAGs
[2025-07-02T00:48:34.775+0000] {logging_mixin.py:190} INFO - [2025-07-02T00:48:34.775+0000] {dag.py:4180} INFO - Setting next_dagrun for extract_raw_data_pipeline to 2025-07-01 07:00:00+00:00, run_after=2025-07-02 07:00:00+00:00
[2025-07-02T00:48:34.790+0000] {processor.py:208} INFO - Processing /opt/airflow/dags/driven_data_pipeline.py took 0.080 seconds
[2025-07-02T00:49:05.244+0000] {processor.py:186} INFO - Started process (PID=1711) to work on /opt/airflow/dags/driven_data_pipeline.py
[2025-07-02T00:49:05.245+0000] {processor.py:914} INFO - Processing file /opt/airflow/dags/driven_data_pipeline.py for tasks to queue
[2025-07-02T00:49:05.247+0000] {logging_mixin.py:190} INFO - [2025-07-02T00:49:05.247+0000] {dagbag.py:588} INFO - Filling up the DagBag from /opt/airflow/dags/driven_data_pipeline.py
[2025-07-02T00:49:05.263+0000] {processor.py:925} INFO - DAG(s) 'extract_raw_data_pipeline' retrieved from /opt/airflow/dags/driven_data_pipeline.py
[2025-07-02T00:49:05.286+0000] {logging_mixin.py:190} INFO - [2025-07-02T00:49:05.286+0000] {dag.py:3239} INFO - Sync 1 DAGs
[2025-07-02T00:49:05.306+0000] {logging_mixin.py:190} INFO - [2025-07-02T00:49:05.306+0000] {dag.py:4180} INFO - Setting next_dagrun for extract_raw_data_pipeline to 2025-07-01 07:00:00+00:00, run_after=2025-07-02 07:00:00+00:00
[2025-07-02T00:49:05.322+0000] {processor.py:208} INFO - Processing /opt/airflow/dags/driven_data_pipeline.py took 0.083 seconds
[2025-07-02T00:49:35.873+0000] {processor.py:186} INFO - Started process (PID=1718) to work on /opt/airflow/dags/driven_data_pipeline.py
[2025-07-02T00:49:35.874+0000] {processor.py:914} INFO - Processing file /opt/airflow/dags/driven_data_pipeline.py for tasks to queue
[2025-07-02T00:49:35.877+0000] {logging_mixin.py:190} INFO - [2025-07-02T00:49:35.876+0000] {dagbag.py:588} INFO - Filling up the DagBag from /opt/airflow/dags/driven_data_pipeline.py
[2025-07-02T00:49:35.897+0000] {processor.py:925} INFO - DAG(s) 'extract_raw_data_pipeline' retrieved from /opt/airflow/dags/driven_data_pipeline.py
[2025-07-02T00:49:35.919+0000] {logging_mixin.py:190} INFO - [2025-07-02T00:49:35.919+0000] {dag.py:3239} INFO - Sync 1 DAGs
[2025-07-02T00:49:35.940+0000] {logging_mixin.py:190} INFO - [2025-07-02T00:49:35.940+0000] {dag.py:4180} INFO - Setting next_dagrun for extract_raw_data_pipeline to 2025-07-01 07:00:00+00:00, run_after=2025-07-02 07:00:00+00:00
[2025-07-02T00:49:35.955+0000] {processor.py:208} INFO - Processing /opt/airflow/dags/driven_data_pipeline.py took 0.090 seconds
[2025-07-02T00:50:06.490+0000] {processor.py:186} INFO - Started process (PID=1725) to work on /opt/airflow/dags/driven_data_pipeline.py
[2025-07-02T00:50:06.492+0000] {processor.py:914} INFO - Processing file /opt/airflow/dags/driven_data_pipeline.py for tasks to queue
[2025-07-02T00:50:06.495+0000] {logging_mixin.py:190} INFO - [2025-07-02T00:50:06.495+0000] {dagbag.py:588} INFO - Filling up the DagBag from /opt/airflow/dags/driven_data_pipeline.py
[2025-07-02T00:50:06.521+0000] {processor.py:925} INFO - DAG(s) 'extract_raw_data_pipeline' retrieved from /opt/airflow/dags/driven_data_pipeline.py
[2025-07-02T00:50:06.543+0000] {logging_mixin.py:190} INFO - [2025-07-02T00:50:06.543+0000] {dag.py:3239} INFO - Sync 1 DAGs
[2025-07-02T00:50:06.564+0000] {logging_mixin.py:190} INFO - [2025-07-02T00:50:06.564+0000] {dag.py:4180} INFO - Setting next_dagrun for extract_raw_data_pipeline to 2025-07-01 07:00:00+00:00, run_after=2025-07-02 07:00:00+00:00
[2025-07-02T00:50:06.580+0000] {processor.py:208} INFO - Processing /opt/airflow/dags/driven_data_pipeline.py took 0.096 seconds
[2025-07-02T00:50:37.150+0000] {processor.py:186} INFO - Started process (PID=1732) to work on /opt/airflow/dags/driven_data_pipeline.py
[2025-07-02T00:50:37.151+0000] {processor.py:914} INFO - Processing file /opt/airflow/dags/driven_data_pipeline.py for tasks to queue
[2025-07-02T00:50:37.153+0000] {logging_mixin.py:190} INFO - [2025-07-02T00:50:37.153+0000] {dagbag.py:588} INFO - Filling up the DagBag from /opt/airflow/dags/driven_data_pipeline.py
[2025-07-02T00:50:37.171+0000] {processor.py:925} INFO - DAG(s) 'extract_raw_data_pipeline' retrieved from /opt/airflow/dags/driven_data_pipeline.py
[2025-07-02T00:50:37.191+0000] {logging_mixin.py:190} INFO - [2025-07-02T00:50:37.190+0000] {dag.py:3239} INFO - Sync 1 DAGs
[2025-07-02T00:50:37.209+0000] {logging_mixin.py:190} INFO - [2025-07-02T00:50:37.209+0000] {dag.py:4180} INFO - Setting next_dagrun for extract_raw_data_pipeline to 2025-07-01 07:00:00+00:00, run_after=2025-07-02 07:00:00+00:00
[2025-07-02T00:50:37.224+0000] {processor.py:208} INFO - Processing /opt/airflow/dags/driven_data_pipeline.py took 0.082 seconds
[2025-07-02T00:51:07.635+0000] {processor.py:186} INFO - Started process (PID=1739) to work on /opt/airflow/dags/driven_data_pipeline.py
[2025-07-02T00:51:07.636+0000] {processor.py:914} INFO - Processing file /opt/airflow/dags/driven_data_pipeline.py for tasks to queue
[2025-07-02T00:51:07.639+0000] {logging_mixin.py:190} INFO - [2025-07-02T00:51:07.639+0000] {dagbag.py:588} INFO - Filling up the DagBag from /opt/airflow/dags/driven_data_pipeline.py
[2025-07-02T00:51:07.655+0000] {processor.py:925} INFO - DAG(s) 'extract_raw_data_pipeline' retrieved from /opt/airflow/dags/driven_data_pipeline.py
[2025-07-02T00:51:07.678+0000] {logging_mixin.py:190} INFO - [2025-07-02T00:51:07.678+0000] {dag.py:3239} INFO - Sync 1 DAGs
[2025-07-02T00:51:07.699+0000] {logging_mixin.py:190} INFO - [2025-07-02T00:51:07.699+0000] {dag.py:4180} INFO - Setting next_dagrun for extract_raw_data_pipeline to 2025-07-01 07:00:00+00:00, run_after=2025-07-02 07:00:00+00:00
[2025-07-02T00:51:07.715+0000] {processor.py:208} INFO - Processing /opt/airflow/dags/driven_data_pipeline.py took 0.086 seconds
[2025-07-02T00:51:38.297+0000] {processor.py:186} INFO - Started process (PID=1746) to work on /opt/airflow/dags/driven_data_pipeline.py
[2025-07-02T00:51:38.299+0000] {processor.py:914} INFO - Processing file /opt/airflow/dags/driven_data_pipeline.py for tasks to queue
[2025-07-02T00:51:38.301+0000] {logging_mixin.py:190} INFO - [2025-07-02T00:51:38.301+0000] {dagbag.py:588} INFO - Filling up the DagBag from /opt/airflow/dags/driven_data_pipeline.py
[2025-07-02T00:51:38.319+0000] {processor.py:925} INFO - DAG(s) 'extract_raw_data_pipeline' retrieved from /opt/airflow/dags/driven_data_pipeline.py
[2025-07-02T00:51:38.342+0000] {logging_mixin.py:190} INFO - [2025-07-02T00:51:38.341+0000] {dag.py:3239} INFO - Sync 1 DAGs
[2025-07-02T00:51:38.362+0000] {logging_mixin.py:190} INFO - [2025-07-02T00:51:38.362+0000] {dag.py:4180} INFO - Setting next_dagrun for extract_raw_data_pipeline to 2025-07-01 07:00:00+00:00, run_after=2025-07-02 07:00:00+00:00
[2025-07-02T00:51:38.379+0000] {processor.py:208} INFO - Processing /opt/airflow/dags/driven_data_pipeline.py took 0.088 seconds
[2025-07-02T00:52:08.843+0000] {processor.py:186} INFO - Started process (PID=1753) to work on /opt/airflow/dags/driven_data_pipeline.py
[2025-07-02T00:52:08.844+0000] {processor.py:914} INFO - Processing file /opt/airflow/dags/driven_data_pipeline.py for tasks to queue
[2025-07-02T00:52:08.847+0000] {logging_mixin.py:190} INFO - [2025-07-02T00:52:08.847+0000] {dagbag.py:588} INFO - Filling up the DagBag from /opt/airflow/dags/driven_data_pipeline.py
[2025-07-02T00:52:08.866+0000] {processor.py:925} INFO - DAG(s) 'extract_raw_data_pipeline' retrieved from /opt/airflow/dags/driven_data_pipeline.py
[2025-07-02T00:52:08.889+0000] {logging_mixin.py:190} INFO - [2025-07-02T00:52:08.889+0000] {dag.py:3239} INFO - Sync 1 DAGs
[2025-07-02T00:52:08.911+0000] {logging_mixin.py:190} INFO - [2025-07-02T00:52:08.910+0000] {dag.py:4180} INFO - Setting next_dagrun for extract_raw_data_pipeline to 2025-07-01 07:00:00+00:00, run_after=2025-07-02 07:00:00+00:00
[2025-07-02T00:52:08.926+0000] {processor.py:208} INFO - Processing /opt/airflow/dags/driven_data_pipeline.py took 0.089 seconds
[2025-07-02T00:52:39.341+0000] {processor.py:186} INFO - Started process (PID=1760) to work on /opt/airflow/dags/driven_data_pipeline.py
[2025-07-02T00:52:39.342+0000] {processor.py:914} INFO - Processing file /opt/airflow/dags/driven_data_pipeline.py for tasks to queue
[2025-07-02T00:52:39.345+0000] {logging_mixin.py:190} INFO - [2025-07-02T00:52:39.344+0000] {dagbag.py:588} INFO - Filling up the DagBag from /opt/airflow/dags/driven_data_pipeline.py
[2025-07-02T00:52:39.363+0000] {processor.py:925} INFO - DAG(s) 'extract_raw_data_pipeline' retrieved from /opt/airflow/dags/driven_data_pipeline.py
[2025-07-02T00:52:39.391+0000] {logging_mixin.py:190} INFO - [2025-07-02T00:52:39.391+0000] {dag.py:3239} INFO - Sync 1 DAGs
[2025-07-02T00:52:39.412+0000] {logging_mixin.py:190} INFO - [2025-07-02T00:52:39.412+0000] {dag.py:4180} INFO - Setting next_dagrun for extract_raw_data_pipeline to 2025-07-01 07:00:00+00:00, run_after=2025-07-02 07:00:00+00:00
[2025-07-02T00:52:39.429+0000] {processor.py:208} INFO - Processing /opt/airflow/dags/driven_data_pipeline.py took 0.094 seconds
[2025-07-02T00:53:09.890+0000] {processor.py:186} INFO - Started process (PID=1767) to work on /opt/airflow/dags/driven_data_pipeline.py
[2025-07-02T00:53:09.891+0000] {processor.py:914} INFO - Processing file /opt/airflow/dags/driven_data_pipeline.py for tasks to queue
[2025-07-02T00:53:09.894+0000] {logging_mixin.py:190} INFO - [2025-07-02T00:53:09.894+0000] {dagbag.py:588} INFO - Filling up the DagBag from /opt/airflow/dags/driven_data_pipeline.py
[2025-07-02T00:53:09.916+0000] {processor.py:925} INFO - DAG(s) 'extract_raw_data_pipeline' retrieved from /opt/airflow/dags/driven_data_pipeline.py
[2025-07-02T00:53:09.945+0000] {logging_mixin.py:190} INFO - [2025-07-02T00:53:09.944+0000] {dag.py:3239} INFO - Sync 1 DAGs
[2025-07-02T00:53:09.967+0000] {logging_mixin.py:190} INFO - [2025-07-02T00:53:09.967+0000] {dag.py:4180} INFO - Setting next_dagrun for extract_raw_data_pipeline to 2025-07-01 07:00:00+00:00, run_after=2025-07-02 07:00:00+00:00
[2025-07-02T00:53:09.984+0000] {processor.py:208} INFO - Processing /opt/airflow/dags/driven_data_pipeline.py took 0.099 seconds
[2025-07-02T00:53:40.435+0000] {processor.py:186} INFO - Started process (PID=1774) to work on /opt/airflow/dags/driven_data_pipeline.py
[2025-07-02T00:53:40.448+0000] {processor.py:914} INFO - Processing file /opt/airflow/dags/driven_data_pipeline.py for tasks to queue
[2025-07-02T00:53:40.452+0000] {logging_mixin.py:190} INFO - [2025-07-02T00:53:40.451+0000] {dagbag.py:588} INFO - Filling up the DagBag from /opt/airflow/dags/driven_data_pipeline.py
[2025-07-02T00:53:40.483+0000] {processor.py:925} INFO - DAG(s) 'extract_raw_data_pipeline' retrieved from /opt/airflow/dags/driven_data_pipeline.py
[2025-07-02T00:53:40.529+0000] {logging_mixin.py:190} INFO - [2025-07-02T00:53:40.529+0000] {dag.py:3239} INFO - Sync 1 DAGs
[2025-07-02T00:53:40.557+0000] {logging_mixin.py:190} INFO - [2025-07-02T00:53:40.557+0000] {dag.py:4180} INFO - Setting next_dagrun for extract_raw_data_pipeline to 2025-07-01 07:00:00+00:00, run_after=2025-07-02 07:00:00+00:00
[2025-07-02T00:53:40.573+0000] {processor.py:208} INFO - Processing /opt/airflow/dags/driven_data_pipeline.py took 0.146 seconds
[2025-07-02T00:54:11.084+0000] {processor.py:186} INFO - Started process (PID=1781) to work on /opt/airflow/dags/driven_data_pipeline.py
[2025-07-02T00:54:11.085+0000] {processor.py:914} INFO - Processing file /opt/airflow/dags/driven_data_pipeline.py for tasks to queue
[2025-07-02T00:54:11.087+0000] {logging_mixin.py:190} INFO - [2025-07-02T00:54:11.087+0000] {dagbag.py:588} INFO - Filling up the DagBag from /opt/airflow/dags/driven_data_pipeline.py
[2025-07-02T00:54:11.104+0000] {processor.py:925} INFO - DAG(s) 'extract_raw_data_pipeline' retrieved from /opt/airflow/dags/driven_data_pipeline.py
[2025-07-02T00:54:11.136+0000] {logging_mixin.py:190} INFO - [2025-07-02T00:54:11.136+0000] {dag.py:3239} INFO - Sync 1 DAGs
[2025-07-02T00:54:11.158+0000] {logging_mixin.py:190} INFO - [2025-07-02T00:54:11.158+0000] {dag.py:4180} INFO - Setting next_dagrun for extract_raw_data_pipeline to 2025-07-01 07:00:00+00:00, run_after=2025-07-02 07:00:00+00:00
[2025-07-02T00:54:11.173+0000] {processor.py:208} INFO - Processing /opt/airflow/dags/driven_data_pipeline.py took 0.094 seconds
[2025-07-02T00:54:41.735+0000] {processor.py:186} INFO - Started process (PID=1788) to work on /opt/airflow/dags/driven_data_pipeline.py
[2025-07-02T00:54:41.737+0000] {processor.py:914} INFO - Processing file /opt/airflow/dags/driven_data_pipeline.py for tasks to queue
[2025-07-02T00:54:41.744+0000] {logging_mixin.py:190} INFO - [2025-07-02T00:54:41.743+0000] {dagbag.py:588} INFO - Filling up the DagBag from /opt/airflow/dags/driven_data_pipeline.py
[2025-07-02T00:54:41.870+0000] {processor.py:925} INFO - DAG(s) 'extract_raw_data_pipeline' retrieved from /opt/airflow/dags/driven_data_pipeline.py
[2025-07-02T00:54:41.901+0000] {logging_mixin.py:190} INFO - [2025-07-02T00:54:41.901+0000] {dag.py:3239} INFO - Sync 1 DAGs
[2025-07-02T00:54:41.925+0000] {logging_mixin.py:190} INFO - [2025-07-02T00:54:41.925+0000] {dag.py:4180} INFO - Setting next_dagrun for extract_raw_data_pipeline to 2025-07-01 07:00:00+00:00, run_after=2025-07-02 07:00:00+00:00
[2025-07-02T00:54:41.948+0000] {processor.py:208} INFO - Processing /opt/airflow/dags/driven_data_pipeline.py took 0.221 seconds
[2025-07-02T00:55:12.369+0000] {processor.py:186} INFO - Started process (PID=1795) to work on /opt/airflow/dags/driven_data_pipeline.py
[2025-07-02T00:55:12.371+0000] {processor.py:914} INFO - Processing file /opt/airflow/dags/driven_data_pipeline.py for tasks to queue
[2025-07-02T00:55:12.374+0000] {logging_mixin.py:190} INFO - [2025-07-02T00:55:12.374+0000] {dagbag.py:588} INFO - Filling up the DagBag from /opt/airflow/dags/driven_data_pipeline.py
[2025-07-02T00:55:12.392+0000] {processor.py:925} INFO - DAG(s) 'extract_raw_data_pipeline' retrieved from /opt/airflow/dags/driven_data_pipeline.py
[2025-07-02T00:55:12.415+0000] {logging_mixin.py:190} INFO - [2025-07-02T00:55:12.415+0000] {dag.py:3239} INFO - Sync 1 DAGs
[2025-07-02T00:55:12.435+0000] {logging_mixin.py:190} INFO - [2025-07-02T00:55:12.435+0000] {dag.py:4180} INFO - Setting next_dagrun for extract_raw_data_pipeline to 2025-07-01 07:00:00+00:00, run_after=2025-07-02 07:00:00+00:00
[2025-07-02T00:55:12.450+0000] {processor.py:208} INFO - Processing /opt/airflow/dags/driven_data_pipeline.py took 0.091 seconds
[2025-07-02T00:55:42.976+0000] {processor.py:186} INFO - Started process (PID=1802) to work on /opt/airflow/dags/driven_data_pipeline.py
[2025-07-02T00:55:42.977+0000] {processor.py:914} INFO - Processing file /opt/airflow/dags/driven_data_pipeline.py for tasks to queue
[2025-07-02T00:55:42.980+0000] {logging_mixin.py:190} INFO - [2025-07-02T00:55:42.979+0000] {dagbag.py:588} INFO - Filling up the DagBag from /opt/airflow/dags/driven_data_pipeline.py
[2025-07-02T00:55:42.998+0000] {processor.py:925} INFO - DAG(s) 'extract_raw_data_pipeline' retrieved from /opt/airflow/dags/driven_data_pipeline.py
[2025-07-02T00:55:43.021+0000] {logging_mixin.py:190} INFO - [2025-07-02T00:55:43.021+0000] {dag.py:3239} INFO - Sync 1 DAGs
[2025-07-02T00:55:43.041+0000] {logging_mixin.py:190} INFO - [2025-07-02T00:55:43.041+0000] {dag.py:4180} INFO - Setting next_dagrun for extract_raw_data_pipeline to 2025-07-01 07:00:00+00:00, run_after=2025-07-02 07:00:00+00:00
[2025-07-02T00:55:43.056+0000] {processor.py:208} INFO - Processing /opt/airflow/dags/driven_data_pipeline.py took 0.086 seconds
[2025-07-02T00:56:13.446+0000] {processor.py:186} INFO - Started process (PID=1809) to work on /opt/airflow/dags/driven_data_pipeline.py
[2025-07-02T00:56:13.446+0000] {processor.py:914} INFO - Processing file /opt/airflow/dags/driven_data_pipeline.py for tasks to queue
[2025-07-02T00:56:13.449+0000] {logging_mixin.py:190} INFO - [2025-07-02T00:56:13.448+0000] {dagbag.py:588} INFO - Filling up the DagBag from /opt/airflow/dags/driven_data_pipeline.py
[2025-07-02T00:56:13.468+0000] {processor.py:925} INFO - DAG(s) 'extract_raw_data_pipeline' retrieved from /opt/airflow/dags/driven_data_pipeline.py
[2025-07-02T00:56:13.492+0000] {logging_mixin.py:190} INFO - [2025-07-02T00:56:13.492+0000] {dag.py:3239} INFO - Sync 1 DAGs
[2025-07-02T00:56:13.512+0000] {logging_mixin.py:190} INFO - [2025-07-02T00:56:13.512+0000] {dag.py:4180} INFO - Setting next_dagrun for extract_raw_data_pipeline to 2025-07-01 07:00:00+00:00, run_after=2025-07-02 07:00:00+00:00
[2025-07-02T00:56:13.526+0000] {processor.py:208} INFO - Processing /opt/airflow/dags/driven_data_pipeline.py took 0.087 seconds
[2025-07-02T00:56:44.150+0000] {processor.py:186} INFO - Started process (PID=1816) to work on /opt/airflow/dags/driven_data_pipeline.py
[2025-07-02T00:56:44.151+0000] {processor.py:914} INFO - Processing file /opt/airflow/dags/driven_data_pipeline.py for tasks to queue
[2025-07-02T00:56:44.154+0000] {logging_mixin.py:190} INFO - [2025-07-02T00:56:44.154+0000] {dagbag.py:588} INFO - Filling up the DagBag from /opt/airflow/dags/driven_data_pipeline.py
[2025-07-02T00:56:44.171+0000] {processor.py:925} INFO - DAG(s) 'extract_raw_data_pipeline' retrieved from /opt/airflow/dags/driven_data_pipeline.py
[2025-07-02T00:56:44.195+0000] {logging_mixin.py:190} INFO - [2025-07-02T00:56:44.195+0000] {dag.py:3239} INFO - Sync 1 DAGs
[2025-07-02T00:56:44.214+0000] {logging_mixin.py:190} INFO - [2025-07-02T00:56:44.214+0000] {dag.py:4180} INFO - Setting next_dagrun for extract_raw_data_pipeline to 2025-07-01 07:00:00+00:00, run_after=2025-07-02 07:00:00+00:00
[2025-07-02T00:56:44.229+0000] {processor.py:208} INFO - Processing /opt/airflow/dags/driven_data_pipeline.py took 0.084 seconds
[2025-07-02T00:57:14.693+0000] {processor.py:186} INFO - Started process (PID=1823) to work on /opt/airflow/dags/driven_data_pipeline.py
[2025-07-02T00:57:14.694+0000] {processor.py:914} INFO - Processing file /opt/airflow/dags/driven_data_pipeline.py for tasks to queue
[2025-07-02T00:57:14.698+0000] {logging_mixin.py:190} INFO - [2025-07-02T00:57:14.698+0000] {dagbag.py:588} INFO - Filling up the DagBag from /opt/airflow/dags/driven_data_pipeline.py
[2025-07-02T00:57:14.718+0000] {processor.py:925} INFO - DAG(s) 'extract_raw_data_pipeline' retrieved from /opt/airflow/dags/driven_data_pipeline.py
[2025-07-02T00:57:14.741+0000] {logging_mixin.py:190} INFO - [2025-07-02T00:57:14.741+0000] {dag.py:3239} INFO - Sync 1 DAGs
[2025-07-02T00:57:14.761+0000] {logging_mixin.py:190} INFO - [2025-07-02T00:57:14.760+0000] {dag.py:4180} INFO - Setting next_dagrun for extract_raw_data_pipeline to 2025-07-01 07:00:00+00:00, run_after=2025-07-02 07:00:00+00:00
[2025-07-02T00:57:14.775+0000] {processor.py:208} INFO - Processing /opt/airflow/dags/driven_data_pipeline.py took 0.089 seconds
[2025-07-02T00:57:45.308+0000] {processor.py:186} INFO - Started process (PID=1830) to work on /opt/airflow/dags/driven_data_pipeline.py
[2025-07-02T00:57:45.309+0000] {processor.py:914} INFO - Processing file /opt/airflow/dags/driven_data_pipeline.py for tasks to queue
[2025-07-02T00:57:45.312+0000] {logging_mixin.py:190} INFO - [2025-07-02T00:57:45.312+0000] {dagbag.py:588} INFO - Filling up the DagBag from /opt/airflow/dags/driven_data_pipeline.py
[2025-07-02T00:57:45.331+0000] {processor.py:925} INFO - DAG(s) 'extract_raw_data_pipeline' retrieved from /opt/airflow/dags/driven_data_pipeline.py
[2025-07-02T00:57:45.354+0000] {logging_mixin.py:190} INFO - [2025-07-02T00:57:45.354+0000] {dag.py:3239} INFO - Sync 1 DAGs
[2025-07-02T00:57:45.375+0000] {logging_mixin.py:190} INFO - [2025-07-02T00:57:45.374+0000] {dag.py:4180} INFO - Setting next_dagrun for extract_raw_data_pipeline to 2025-07-01 07:00:00+00:00, run_after=2025-07-02 07:00:00+00:00
[2025-07-02T00:57:45.391+0000] {processor.py:208} INFO - Processing /opt/airflow/dags/driven_data_pipeline.py took 0.088 seconds
[2025-07-02T00:58:15.795+0000] {processor.py:186} INFO - Started process (PID=1837) to work on /opt/airflow/dags/driven_data_pipeline.py
[2025-07-02T00:58:15.796+0000] {processor.py:914} INFO - Processing file /opt/airflow/dags/driven_data_pipeline.py for tasks to queue
[2025-07-02T00:58:15.799+0000] {logging_mixin.py:190} INFO - [2025-07-02T00:58:15.799+0000] {dagbag.py:588} INFO - Filling up the DagBag from /opt/airflow/dags/driven_data_pipeline.py
[2025-07-02T00:58:15.833+0000] {processor.py:925} INFO - DAG(s) 'extract_raw_data_pipeline' retrieved from /opt/airflow/dags/driven_data_pipeline.py
[2025-07-02T00:58:15.858+0000] {logging_mixin.py:190} INFO - [2025-07-02T00:58:15.858+0000] {dag.py:3239} INFO - Sync 1 DAGs
[2025-07-02T00:58:15.897+0000] {logging_mixin.py:190} INFO - [2025-07-02T00:58:15.896+0000] {dag.py:4180} INFO - Setting next_dagrun for extract_raw_data_pipeline to 2025-07-01 07:00:00+00:00, run_after=2025-07-02 07:00:00+00:00
[2025-07-02T00:58:15.918+0000] {processor.py:208} INFO - Processing /opt/airflow/dags/driven_data_pipeline.py took 0.128 seconds
[2025-07-02T00:58:46.340+0000] {processor.py:186} INFO - Started process (PID=1844) to work on /opt/airflow/dags/driven_data_pipeline.py
[2025-07-02T00:58:46.343+0000] {processor.py:914} INFO - Processing file /opt/airflow/dags/driven_data_pipeline.py for tasks to queue
[2025-07-02T00:58:46.345+0000] {logging_mixin.py:190} INFO - [2025-07-02T00:58:46.345+0000] {dagbag.py:588} INFO - Filling up the DagBag from /opt/airflow/dags/driven_data_pipeline.py
[2025-07-02T00:58:46.364+0000] {processor.py:925} INFO - DAG(s) 'extract_raw_data_pipeline' retrieved from /opt/airflow/dags/driven_data_pipeline.py
[2025-07-02T00:58:46.389+0000] {logging_mixin.py:190} INFO - [2025-07-02T00:58:46.389+0000] {dag.py:3239} INFO - Sync 1 DAGs
[2025-07-02T00:58:46.409+0000] {logging_mixin.py:190} INFO - [2025-07-02T00:58:46.409+0000] {dag.py:4180} INFO - Setting next_dagrun for extract_raw_data_pipeline to 2025-07-01 07:00:00+00:00, run_after=2025-07-02 07:00:00+00:00
[2025-07-02T00:58:46.425+0000] {processor.py:208} INFO - Processing /opt/airflow/dags/driven_data_pipeline.py took 0.091 seconds
[2025-07-02T00:59:16.801+0000] {processor.py:186} INFO - Started process (PID=1851) to work on /opt/airflow/dags/driven_data_pipeline.py
[2025-07-02T00:59:16.802+0000] {processor.py:914} INFO - Processing file /opt/airflow/dags/driven_data_pipeline.py for tasks to queue
[2025-07-02T00:59:16.804+0000] {logging_mixin.py:190} INFO - [2025-07-02T00:59:16.804+0000] {dagbag.py:588} INFO - Filling up the DagBag from /opt/airflow/dags/driven_data_pipeline.py
[2025-07-02T00:59:16.820+0000] {processor.py:925} INFO - DAG(s) 'extract_raw_data_pipeline' retrieved from /opt/airflow/dags/driven_data_pipeline.py
[2025-07-02T00:59:16.846+0000] {logging_mixin.py:190} INFO - [2025-07-02T00:59:16.846+0000] {dag.py:3239} INFO - Sync 1 DAGs
[2025-07-02T00:59:16.867+0000] {logging_mixin.py:190} INFO - [2025-07-02T00:59:16.867+0000] {dag.py:4180} INFO - Setting next_dagrun for extract_raw_data_pipeline to 2025-07-01 07:00:00+00:00, run_after=2025-07-02 07:00:00+00:00
[2025-07-02T00:59:16.882+0000] {processor.py:208} INFO - Processing /opt/airflow/dags/driven_data_pipeline.py took 0.090 seconds
[2025-07-02T00:59:47.344+0000] {processor.py:186} INFO - Started process (PID=1858) to work on /opt/airflow/dags/driven_data_pipeline.py
[2025-07-02T00:59:47.345+0000] {processor.py:914} INFO - Processing file /opt/airflow/dags/driven_data_pipeline.py for tasks to queue
[2025-07-02T00:59:47.348+0000] {logging_mixin.py:190} INFO - [2025-07-02T00:59:47.347+0000] {dagbag.py:588} INFO - Filling up the DagBag from /opt/airflow/dags/driven_data_pipeline.py
[2025-07-02T00:59:47.371+0000] {processor.py:925} INFO - DAG(s) 'extract_raw_data_pipeline' retrieved from /opt/airflow/dags/driven_data_pipeline.py
[2025-07-02T00:59:47.395+0000] {logging_mixin.py:190} INFO - [2025-07-02T00:59:47.395+0000] {dag.py:3239} INFO - Sync 1 DAGs
[2025-07-02T00:59:47.416+0000] {logging_mixin.py:190} INFO - [2025-07-02T00:59:47.415+0000] {dag.py:4180} INFO - Setting next_dagrun for extract_raw_data_pipeline to 2025-07-01 07:00:00+00:00, run_after=2025-07-02 07:00:00+00:00
[2025-07-02T00:59:47.432+0000] {processor.py:208} INFO - Processing /opt/airflow/dags/driven_data_pipeline.py took 0.093 seconds
[2025-07-02T01:00:17.913+0000] {processor.py:186} INFO - Started process (PID=1865) to work on /opt/airflow/dags/driven_data_pipeline.py
[2025-07-02T01:00:17.915+0000] {processor.py:914} INFO - Processing file /opt/airflow/dags/driven_data_pipeline.py for tasks to queue
[2025-07-02T01:00:17.918+0000] {logging_mixin.py:190} INFO - [2025-07-02T01:00:17.918+0000] {dagbag.py:588} INFO - Filling up the DagBag from /opt/airflow/dags/driven_data_pipeline.py
[2025-07-02T01:00:17.937+0000] {processor.py:925} INFO - DAG(s) 'extract_raw_data_pipeline' retrieved from /opt/airflow/dags/driven_data_pipeline.py
[2025-07-02T01:00:17.961+0000] {logging_mixin.py:190} INFO - [2025-07-02T01:00:17.961+0000] {dag.py:3239} INFO - Sync 1 DAGs
[2025-07-02T01:00:17.981+0000] {logging_mixin.py:190} INFO - [2025-07-02T01:00:17.981+0000] {dag.py:4180} INFO - Setting next_dagrun for extract_raw_data_pipeline to 2025-07-01 07:00:00+00:00, run_after=2025-07-02 07:00:00+00:00
[2025-07-02T01:00:17.997+0000] {processor.py:208} INFO - Processing /opt/airflow/dags/driven_data_pipeline.py took 0.095 seconds
[2025-07-02T01:00:48.436+0000] {processor.py:186} INFO - Started process (PID=1872) to work on /opt/airflow/dags/driven_data_pipeline.py
[2025-07-02T01:00:48.437+0000] {processor.py:914} INFO - Processing file /opt/airflow/dags/driven_data_pipeline.py for tasks to queue
[2025-07-02T01:00:48.439+0000] {logging_mixin.py:190} INFO - [2025-07-02T01:00:48.439+0000] {dagbag.py:588} INFO - Filling up the DagBag from /opt/airflow/dags/driven_data_pipeline.py
[2025-07-02T01:00:48.459+0000] {processor.py:925} INFO - DAG(s) 'extract_raw_data_pipeline' retrieved from /opt/airflow/dags/driven_data_pipeline.py
[2025-07-02T01:00:48.480+0000] {logging_mixin.py:190} INFO - [2025-07-02T01:00:48.479+0000] {dag.py:3239} INFO - Sync 1 DAGs
[2025-07-02T01:00:48.500+0000] {logging_mixin.py:190} INFO - [2025-07-02T01:00:48.500+0000] {dag.py:4180} INFO - Setting next_dagrun for extract_raw_data_pipeline to 2025-07-01 07:00:00+00:00, run_after=2025-07-02 07:00:00+00:00
[2025-07-02T01:00:48.516+0000] {processor.py:208} INFO - Processing /opt/airflow/dags/driven_data_pipeline.py took 0.086 seconds
[2025-07-02T01:01:19.071+0000] {processor.py:186} INFO - Started process (PID=1879) to work on /opt/airflow/dags/driven_data_pipeline.py
[2025-07-02T01:01:19.072+0000] {processor.py:914} INFO - Processing file /opt/airflow/dags/driven_data_pipeline.py for tasks to queue
[2025-07-02T01:01:19.074+0000] {logging_mixin.py:190} INFO - [2025-07-02T01:01:19.074+0000] {dagbag.py:588} INFO - Filling up the DagBag from /opt/airflow/dags/driven_data_pipeline.py
[2025-07-02T01:01:19.092+0000] {processor.py:925} INFO - DAG(s) 'extract_raw_data_pipeline' retrieved from /opt/airflow/dags/driven_data_pipeline.py
[2025-07-02T01:01:19.116+0000] {logging_mixin.py:190} INFO - [2025-07-02T01:01:19.115+0000] {dag.py:3239} INFO - Sync 1 DAGs
[2025-07-02T01:01:19.136+0000] {logging_mixin.py:190} INFO - [2025-07-02T01:01:19.135+0000] {dag.py:4180} INFO - Setting next_dagrun for extract_raw_data_pipeline to 2025-07-01 07:00:00+00:00, run_after=2025-07-02 07:00:00+00:00
[2025-07-02T01:01:19.150+0000] {processor.py:208} INFO - Processing /opt/airflow/dags/driven_data_pipeline.py took 0.085 seconds
[2025-07-02T01:01:49.575+0000] {processor.py:186} INFO - Started process (PID=1886) to work on /opt/airflow/dags/driven_data_pipeline.py
[2025-07-02T01:01:49.576+0000] {processor.py:914} INFO - Processing file /opt/airflow/dags/driven_data_pipeline.py for tasks to queue
[2025-07-02T01:01:49.579+0000] {logging_mixin.py:190} INFO - [2025-07-02T01:01:49.579+0000] {dagbag.py:588} INFO - Filling up the DagBag from /opt/airflow/dags/driven_data_pipeline.py
[2025-07-02T01:01:49.598+0000] {processor.py:925} INFO - DAG(s) 'extract_raw_data_pipeline' retrieved from /opt/airflow/dags/driven_data_pipeline.py
[2025-07-02T01:01:49.621+0000] {logging_mixin.py:190} INFO - [2025-07-02T01:01:49.621+0000] {dag.py:3239} INFO - Sync 1 DAGs
[2025-07-02T01:01:49.641+0000] {logging_mixin.py:190} INFO - [2025-07-02T01:01:49.641+0000] {dag.py:4180} INFO - Setting next_dagrun for extract_raw_data_pipeline to 2025-07-01 07:00:00+00:00, run_after=2025-07-02 07:00:00+00:00
[2025-07-02T01:01:49.657+0000] {processor.py:208} INFO - Processing /opt/airflow/dags/driven_data_pipeline.py took 0.087 seconds
[2025-07-02T01:02:20.233+0000] {processor.py:186} INFO - Started process (PID=1893) to work on /opt/airflow/dags/driven_data_pipeline.py
[2025-07-02T01:02:20.234+0000] {processor.py:914} INFO - Processing file /opt/airflow/dags/driven_data_pipeline.py for tasks to queue
[2025-07-02T01:02:20.237+0000] {logging_mixin.py:190} INFO - [2025-07-02T01:02:20.237+0000] {dagbag.py:588} INFO - Filling up the DagBag from /opt/airflow/dags/driven_data_pipeline.py
[2025-07-02T01:02:20.257+0000] {processor.py:925} INFO - DAG(s) 'extract_raw_data_pipeline' retrieved from /opt/airflow/dags/driven_data_pipeline.py
[2025-07-02T01:02:20.280+0000] {logging_mixin.py:190} INFO - [2025-07-02T01:02:20.280+0000] {dag.py:3239} INFO - Sync 1 DAGs
[2025-07-02T01:02:20.301+0000] {logging_mixin.py:190} INFO - [2025-07-02T01:02:20.301+0000] {dag.py:4180} INFO - Setting next_dagrun for extract_raw_data_pipeline to 2025-07-01 07:00:00+00:00, run_after=2025-07-02 07:00:00+00:00
[2025-07-02T01:02:20.317+0000] {processor.py:208} INFO - Processing /opt/airflow/dags/driven_data_pipeline.py took 0.089 seconds
[2025-07-02T01:02:50.873+0000] {processor.py:186} INFO - Started process (PID=1901) to work on /opt/airflow/dags/driven_data_pipeline.py
[2025-07-02T01:02:50.874+0000] {processor.py:914} INFO - Processing file /opt/airflow/dags/driven_data_pipeline.py for tasks to queue
[2025-07-02T01:02:50.877+0000] {logging_mixin.py:190} INFO - [2025-07-02T01:02:50.876+0000] {dagbag.py:588} INFO - Filling up the DagBag from /opt/airflow/dags/driven_data_pipeline.py
[2025-07-02T01:02:50.898+0000] {processor.py:925} INFO - DAG(s) 'extract_raw_data_pipeline' retrieved from /opt/airflow/dags/driven_data_pipeline.py
[2025-07-02T01:02:50.926+0000] {logging_mixin.py:190} INFO - [2025-07-02T01:02:50.926+0000] {dag.py:3239} INFO - Sync 1 DAGs
[2025-07-02T01:02:50.949+0000] {logging_mixin.py:190} INFO - [2025-07-02T01:02:50.949+0000] {dag.py:4180} INFO - Setting next_dagrun for extract_raw_data_pipeline to 2025-07-01 07:00:00+00:00, run_after=2025-07-02 07:00:00+00:00
[2025-07-02T01:02:50.979+0000] {processor.py:208} INFO - Processing /opt/airflow/dags/driven_data_pipeline.py took 0.115 seconds
[2025-07-02T01:03:21.454+0000] {processor.py:186} INFO - Started process (PID=1908) to work on /opt/airflow/dags/driven_data_pipeline.py
[2025-07-02T01:03:21.455+0000] {processor.py:914} INFO - Processing file /opt/airflow/dags/driven_data_pipeline.py for tasks to queue
[2025-07-02T01:03:21.457+0000] {logging_mixin.py:190} INFO - [2025-07-02T01:03:21.457+0000] {dagbag.py:588} INFO - Filling up the DagBag from /opt/airflow/dags/driven_data_pipeline.py
[2025-07-02T01:03:21.477+0000] {processor.py:925} INFO - DAG(s) 'extract_raw_data_pipeline' retrieved from /opt/airflow/dags/driven_data_pipeline.py
[2025-07-02T01:03:21.502+0000] {logging_mixin.py:190} INFO - [2025-07-02T01:03:21.501+0000] {dag.py:3239} INFO - Sync 1 DAGs
[2025-07-02T01:03:21.523+0000] {logging_mixin.py:190} INFO - [2025-07-02T01:03:21.523+0000] {dag.py:4180} INFO - Setting next_dagrun for extract_raw_data_pipeline to 2025-07-01 07:00:00+00:00, run_after=2025-07-02 07:00:00+00:00
[2025-07-02T01:03:21.541+0000] {processor.py:208} INFO - Processing /opt/airflow/dags/driven_data_pipeline.py took 0.093 seconds
[2025-07-02T01:03:52.083+0000] {processor.py:186} INFO - Started process (PID=1915) to work on /opt/airflow/dags/driven_data_pipeline.py
[2025-07-02T01:03:52.084+0000] {processor.py:914} INFO - Processing file /opt/airflow/dags/driven_data_pipeline.py for tasks to queue
[2025-07-02T01:03:52.086+0000] {logging_mixin.py:190} INFO - [2025-07-02T01:03:52.086+0000] {dagbag.py:588} INFO - Filling up the DagBag from /opt/airflow/dags/driven_data_pipeline.py
[2025-07-02T01:03:52.107+0000] {processor.py:925} INFO - DAG(s) 'extract_raw_data_pipeline' retrieved from /opt/airflow/dags/driven_data_pipeline.py
[2025-07-02T01:03:52.129+0000] {logging_mixin.py:190} INFO - [2025-07-02T01:03:52.128+0000] {dag.py:3239} INFO - Sync 1 DAGs
[2025-07-02T01:03:52.147+0000] {logging_mixin.py:190} INFO - [2025-07-02T01:03:52.147+0000] {dag.py:4180} INFO - Setting next_dagrun for extract_raw_data_pipeline to 2025-07-01 07:00:00+00:00, run_after=2025-07-02 07:00:00+00:00
[2025-07-02T01:03:52.161+0000] {processor.py:208} INFO - Processing /opt/airflow/dags/driven_data_pipeline.py took 0.086 seconds
[2025-07-02T01:04:22.748+0000] {processor.py:186} INFO - Started process (PID=1922) to work on /opt/airflow/dags/driven_data_pipeline.py
[2025-07-02T01:04:22.749+0000] {processor.py:914} INFO - Processing file /opt/airflow/dags/driven_data_pipeline.py for tasks to queue
[2025-07-02T01:04:22.752+0000] {logging_mixin.py:190} INFO - [2025-07-02T01:04:22.751+0000] {dagbag.py:588} INFO - Filling up the DagBag from /opt/airflow/dags/driven_data_pipeline.py
[2025-07-02T01:04:22.771+0000] {processor.py:925} INFO - DAG(s) 'extract_raw_data_pipeline' retrieved from /opt/airflow/dags/driven_data_pipeline.py
[2025-07-02T01:04:22.798+0000] {logging_mixin.py:190} INFO - [2025-07-02T01:04:22.798+0000] {dag.py:3239} INFO - Sync 1 DAGs
[2025-07-02T01:04:22.817+0000] {logging_mixin.py:190} INFO - [2025-07-02T01:04:22.817+0000] {dag.py:4180} INFO - Setting next_dagrun for extract_raw_data_pipeline to 2025-07-01 07:00:00+00:00, run_after=2025-07-02 07:00:00+00:00
[2025-07-02T01:04:22.833+0000] {processor.py:208} INFO - Processing /opt/airflow/dags/driven_data_pipeline.py took 0.091 seconds
[2025-07-02T01:04:53.297+0000] {processor.py:186} INFO - Started process (PID=1929) to work on /opt/airflow/dags/driven_data_pipeline.py
[2025-07-02T01:04:53.298+0000] {processor.py:914} INFO - Processing file /opt/airflow/dags/driven_data_pipeline.py for tasks to queue
[2025-07-02T01:04:53.301+0000] {logging_mixin.py:190} INFO - [2025-07-02T01:04:53.300+0000] {dagbag.py:588} INFO - Filling up the DagBag from /opt/airflow/dags/driven_data_pipeline.py
[2025-07-02T01:04:53.323+0000] {processor.py:925} INFO - DAG(s) 'extract_raw_data_pipeline' retrieved from /opt/airflow/dags/driven_data_pipeline.py
[2025-07-02T01:04:53.348+0000] {logging_mixin.py:190} INFO - [2025-07-02T01:04:53.347+0000] {dag.py:3239} INFO - Sync 1 DAGs
[2025-07-02T01:04:53.369+0000] {logging_mixin.py:190} INFO - [2025-07-02T01:04:53.369+0000] {dag.py:4180} INFO - Setting next_dagrun for extract_raw_data_pipeline to 2025-07-01 07:00:00+00:00, run_after=2025-07-02 07:00:00+00:00
[2025-07-02T01:04:53.389+0000] {processor.py:208} INFO - Processing /opt/airflow/dags/driven_data_pipeline.py took 0.098 seconds
[2025-07-02T01:05:23.886+0000] {processor.py:186} INFO - Started process (PID=1936) to work on /opt/airflow/dags/driven_data_pipeline.py
[2025-07-02T01:05:23.887+0000] {processor.py:914} INFO - Processing file /opt/airflow/dags/driven_data_pipeline.py for tasks to queue
[2025-07-02T01:05:23.889+0000] {logging_mixin.py:190} INFO - [2025-07-02T01:05:23.889+0000] {dagbag.py:588} INFO - Filling up the DagBag from /opt/airflow/dags/driven_data_pipeline.py
[2025-07-02T01:05:23.906+0000] {processor.py:925} INFO - DAG(s) 'extract_raw_data_pipeline' retrieved from /opt/airflow/dags/driven_data_pipeline.py
[2025-07-02T01:05:23.928+0000] {logging_mixin.py:190} INFO - [2025-07-02T01:05:23.928+0000] {dag.py:3239} INFO - Sync 1 DAGs
[2025-07-02T01:05:23.948+0000] {logging_mixin.py:190} INFO - [2025-07-02T01:05:23.948+0000] {dag.py:4180} INFO - Setting next_dagrun for extract_raw_data_pipeline to 2025-07-01 07:00:00+00:00, run_after=2025-07-02 07:00:00+00:00
[2025-07-02T01:05:23.963+0000] {processor.py:208} INFO - Processing /opt/airflow/dags/driven_data_pipeline.py took 0.082 seconds
[2025-07-02T01:05:54.433+0000] {processor.py:186} INFO - Started process (PID=1943) to work on /opt/airflow/dags/driven_data_pipeline.py
[2025-07-02T01:05:54.434+0000] {processor.py:914} INFO - Processing file /opt/airflow/dags/driven_data_pipeline.py for tasks to queue
[2025-07-02T01:05:54.436+0000] {logging_mixin.py:190} INFO - [2025-07-02T01:05:54.436+0000] {dagbag.py:588} INFO - Filling up the DagBag from /opt/airflow/dags/driven_data_pipeline.py
[2025-07-02T01:05:54.454+0000] {processor.py:925} INFO - DAG(s) 'extract_raw_data_pipeline' retrieved from /opt/airflow/dags/driven_data_pipeline.py
[2025-07-02T01:05:54.476+0000] {logging_mixin.py:190} INFO - [2025-07-02T01:05:54.476+0000] {dag.py:3239} INFO - Sync 1 DAGs
[2025-07-02T01:05:54.496+0000] {logging_mixin.py:190} INFO - [2025-07-02T01:05:54.496+0000] {dag.py:4180} INFO - Setting next_dagrun for extract_raw_data_pipeline to 2025-07-01 07:00:00+00:00, run_after=2025-07-02 07:00:00+00:00
[2025-07-02T01:05:54.512+0000] {processor.py:208} INFO - Processing /opt/airflow/dags/driven_data_pipeline.py took 0.083 seconds
[2025-07-02T01:06:24.994+0000] {processor.py:186} INFO - Started process (PID=1950) to work on /opt/airflow/dags/driven_data_pipeline.py
[2025-07-02T01:06:24.995+0000] {processor.py:914} INFO - Processing file /opt/airflow/dags/driven_data_pipeline.py for tasks to queue
[2025-07-02T01:06:24.999+0000] {logging_mixin.py:190} INFO - [2025-07-02T01:06:24.998+0000] {dagbag.py:588} INFO - Filling up the DagBag from /opt/airflow/dags/driven_data_pipeline.py
[2025-07-02T01:06:25.014+0000] {processor.py:925} INFO - DAG(s) 'extract_raw_data_pipeline' retrieved from /opt/airflow/dags/driven_data_pipeline.py
[2025-07-02T01:06:25.037+0000] {logging_mixin.py:190} INFO - [2025-07-02T01:06:25.037+0000] {dag.py:3239} INFO - Sync 1 DAGs
[2025-07-02T01:06:25.058+0000] {logging_mixin.py:190} INFO - [2025-07-02T01:06:25.058+0000] {dag.py:4180} INFO - Setting next_dagrun for extract_raw_data_pipeline to 2025-07-01 07:00:00+00:00, run_after=2025-07-02 07:00:00+00:00
[2025-07-02T01:06:25.073+0000] {processor.py:208} INFO - Processing /opt/airflow/dags/driven_data_pipeline.py took 0.084 seconds
[2025-07-02T01:06:55.544+0000] {processor.py:186} INFO - Started process (PID=1957) to work on /opt/airflow/dags/driven_data_pipeline.py
[2025-07-02T01:06:55.545+0000] {processor.py:914} INFO - Processing file /opt/airflow/dags/driven_data_pipeline.py for tasks to queue
[2025-07-02T01:06:55.549+0000] {logging_mixin.py:190} INFO - [2025-07-02T01:06:55.548+0000] {dagbag.py:588} INFO - Filling up the DagBag from /opt/airflow/dags/driven_data_pipeline.py
[2025-07-02T01:06:55.574+0000] {processor.py:925} INFO - DAG(s) 'extract_raw_data_pipeline' retrieved from /opt/airflow/dags/driven_data_pipeline.py
[2025-07-02T01:06:55.599+0000] {logging_mixin.py:190} INFO - [2025-07-02T01:06:55.599+0000] {dag.py:3239} INFO - Sync 1 DAGs
[2025-07-02T01:06:55.621+0000] {logging_mixin.py:190} INFO - [2025-07-02T01:06:55.621+0000] {dag.py:4180} INFO - Setting next_dagrun for extract_raw_data_pipeline to 2025-07-01 07:00:00+00:00, run_after=2025-07-02 07:00:00+00:00
[2025-07-02T01:06:55.639+0000] {processor.py:208} INFO - Processing /opt/airflow/dags/driven_data_pipeline.py took 0.100 seconds
[2025-07-02T01:07:26.162+0000] {processor.py:186} INFO - Started process (PID=1970) to work on /opt/airflow/dags/driven_data_pipeline.py
[2025-07-02T01:07:26.163+0000] {processor.py:914} INFO - Processing file /opt/airflow/dags/driven_data_pipeline.py for tasks to queue
[2025-07-02T01:07:26.165+0000] {logging_mixin.py:190} INFO - [2025-07-02T01:07:26.165+0000] {dagbag.py:588} INFO - Filling up the DagBag from /opt/airflow/dags/driven_data_pipeline.py
[2025-07-02T01:07:26.182+0000] {processor.py:925} INFO - DAG(s) 'extract_raw_data_pipeline' retrieved from /opt/airflow/dags/driven_data_pipeline.py
[2025-07-02T01:07:26.205+0000] {logging_mixin.py:190} INFO - [2025-07-02T01:07:26.205+0000] {dag.py:3239} INFO - Sync 1 DAGs
[2025-07-02T01:07:26.226+0000] {logging_mixin.py:190} INFO - [2025-07-02T01:07:26.226+0000] {dag.py:4180} INFO - Setting next_dagrun for extract_raw_data_pipeline to 2025-07-01 07:00:00+00:00, run_after=2025-07-02 07:00:00+00:00
[2025-07-02T01:07:26.241+0000] {processor.py:208} INFO - Processing /opt/airflow/dags/driven_data_pipeline.py took 0.085 seconds
[2025-07-02T01:07:56.769+0000] {processor.py:186} INFO - Started process (PID=1977) to work on /opt/airflow/dags/driven_data_pipeline.py
[2025-07-02T01:07:56.769+0000] {processor.py:914} INFO - Processing file /opt/airflow/dags/driven_data_pipeline.py for tasks to queue
[2025-07-02T01:07:56.772+0000] {logging_mixin.py:190} INFO - [2025-07-02T01:07:56.772+0000] {dagbag.py:588} INFO - Filling up the DagBag from /opt/airflow/dags/driven_data_pipeline.py
[2025-07-02T01:07:56.792+0000] {processor.py:925} INFO - DAG(s) 'extract_raw_data_pipeline' retrieved from /opt/airflow/dags/driven_data_pipeline.py
[2025-07-02T01:07:56.822+0000] {logging_mixin.py:190} INFO - [2025-07-02T01:07:56.822+0000] {dag.py:3239} INFO - Sync 1 DAGs
[2025-07-02T01:07:56.843+0000] {logging_mixin.py:190} INFO - [2025-07-02T01:07:56.843+0000] {dag.py:4180} INFO - Setting next_dagrun for extract_raw_data_pipeline to 2025-07-01 07:00:00+00:00, run_after=2025-07-02 07:00:00+00:00
[2025-07-02T01:07:56.859+0000] {processor.py:208} INFO - Processing /opt/airflow/dags/driven_data_pipeline.py took 0.096 seconds
[2025-07-02T01:08:27.426+0000] {processor.py:186} INFO - Started process (PID=1984) to work on /opt/airflow/dags/driven_data_pipeline.py
[2025-07-02T01:08:27.427+0000] {processor.py:914} INFO - Processing file /opt/airflow/dags/driven_data_pipeline.py for tasks to queue
[2025-07-02T01:08:27.432+0000] {logging_mixin.py:190} INFO - [2025-07-02T01:08:27.431+0000] {dagbag.py:588} INFO - Filling up the DagBag from /opt/airflow/dags/driven_data_pipeline.py
[2025-07-02T01:08:27.457+0000] {processor.py:925} INFO - DAG(s) 'extract_raw_data_pipeline' retrieved from /opt/airflow/dags/driven_data_pipeline.py
[2025-07-02T01:08:27.480+0000] {logging_mixin.py:190} INFO - [2025-07-02T01:08:27.479+0000] {dag.py:3239} INFO - Sync 1 DAGs
[2025-07-02T01:08:27.501+0000] {logging_mixin.py:190} INFO - [2025-07-02T01:08:27.501+0000] {dag.py:4180} INFO - Setting next_dagrun for extract_raw_data_pipeline to 2025-07-01 07:00:00+00:00, run_after=2025-07-02 07:00:00+00:00
[2025-07-02T01:08:27.516+0000] {processor.py:208} INFO - Processing /opt/airflow/dags/driven_data_pipeline.py took 0.101 seconds
[2025-07-02T01:08:57.857+0000] {processor.py:186} INFO - Started process (PID=1991) to work on /opt/airflow/dags/driven_data_pipeline.py
[2025-07-02T01:08:57.858+0000] {processor.py:914} INFO - Processing file /opt/airflow/dags/driven_data_pipeline.py for tasks to queue
[2025-07-02T01:08:57.861+0000] {logging_mixin.py:190} INFO - [2025-07-02T01:08:57.860+0000] {dagbag.py:588} INFO - Filling up the DagBag from /opt/airflow/dags/driven_data_pipeline.py
[2025-07-02T01:08:57.884+0000] {processor.py:925} INFO - DAG(s) 'extract_raw_data_pipeline' retrieved from /opt/airflow/dags/driven_data_pipeline.py
[2025-07-02T01:08:57.906+0000] {logging_mixin.py:190} INFO - [2025-07-02T01:08:57.906+0000] {dag.py:3239} INFO - Sync 1 DAGs
[2025-07-02T01:08:57.930+0000] {logging_mixin.py:190} INFO - [2025-07-02T01:08:57.930+0000] {dag.py:4180} INFO - Setting next_dagrun for extract_raw_data_pipeline to 2025-07-01 07:00:00+00:00, run_after=2025-07-02 07:00:00+00:00
[2025-07-02T01:08:57.947+0000] {processor.py:208} INFO - Processing /opt/airflow/dags/driven_data_pipeline.py took 0.096 seconds
[2025-07-02T01:09:28.381+0000] {processor.py:186} INFO - Started process (PID=1998) to work on /opt/airflow/dags/driven_data_pipeline.py
[2025-07-02T01:09:28.382+0000] {processor.py:914} INFO - Processing file /opt/airflow/dags/driven_data_pipeline.py for tasks to queue
[2025-07-02T01:09:28.384+0000] {logging_mixin.py:190} INFO - [2025-07-02T01:09:28.384+0000] {dagbag.py:588} INFO - Filling up the DagBag from /opt/airflow/dags/driven_data_pipeline.py
[2025-07-02T01:09:28.404+0000] {processor.py:925} INFO - DAG(s) 'extract_raw_data_pipeline' retrieved from /opt/airflow/dags/driven_data_pipeline.py
[2025-07-02T01:09:28.428+0000] {logging_mixin.py:190} INFO - [2025-07-02T01:09:28.427+0000] {dag.py:3239} INFO - Sync 1 DAGs
[2025-07-02T01:09:28.448+0000] {logging_mixin.py:190} INFO - [2025-07-02T01:09:28.448+0000] {dag.py:4180} INFO - Setting next_dagrun for extract_raw_data_pipeline to 2025-07-01 07:00:00+00:00, run_after=2025-07-02 07:00:00+00:00
[2025-07-02T01:09:28.463+0000] {processor.py:208} INFO - Processing /opt/airflow/dags/driven_data_pipeline.py took 0.088 seconds
[2025-07-02T01:09:58.986+0000] {processor.py:186} INFO - Started process (PID=2005) to work on /opt/airflow/dags/driven_data_pipeline.py
[2025-07-02T01:09:58.987+0000] {processor.py:914} INFO - Processing file /opt/airflow/dags/driven_data_pipeline.py for tasks to queue
[2025-07-02T01:09:58.990+0000] {logging_mixin.py:190} INFO - [2025-07-02T01:09:58.990+0000] {dagbag.py:588} INFO - Filling up the DagBag from /opt/airflow/dags/driven_data_pipeline.py
[2025-07-02T01:09:59.007+0000] {processor.py:925} INFO - DAG(s) 'extract_raw_data_pipeline' retrieved from /opt/airflow/dags/driven_data_pipeline.py
[2025-07-02T01:09:59.029+0000] {logging_mixin.py:190} INFO - [2025-07-02T01:09:59.029+0000] {dag.py:3239} INFO - Sync 1 DAGs
[2025-07-02T01:09:59.050+0000] {logging_mixin.py:190} INFO - [2025-07-02T01:09:59.050+0000] {dag.py:4180} INFO - Setting next_dagrun for extract_raw_data_pipeline to 2025-07-01 07:00:00+00:00, run_after=2025-07-02 07:00:00+00:00
[2025-07-02T01:09:59.065+0000] {processor.py:208} INFO - Processing /opt/airflow/dags/driven_data_pipeline.py took 0.085 seconds
[2025-07-02T01:10:29.633+0000] {processor.py:186} INFO - Started process (PID=2012) to work on /opt/airflow/dags/driven_data_pipeline.py
[2025-07-02T01:10:29.634+0000] {processor.py:914} INFO - Processing file /opt/airflow/dags/driven_data_pipeline.py for tasks to queue
[2025-07-02T01:10:29.637+0000] {logging_mixin.py:190} INFO - [2025-07-02T01:10:29.637+0000] {dagbag.py:588} INFO - Filling up the DagBag from /opt/airflow/dags/driven_data_pipeline.py
[2025-07-02T01:10:29.662+0000] {processor.py:925} INFO - DAG(s) 'extract_raw_data_pipeline' retrieved from /opt/airflow/dags/driven_data_pipeline.py
[2025-07-02T01:10:29.688+0000] {logging_mixin.py:190} INFO - [2025-07-02T01:10:29.688+0000] {dag.py:3239} INFO - Sync 1 DAGs
[2025-07-02T01:10:29.711+0000] {logging_mixin.py:190} INFO - [2025-07-02T01:10:29.711+0000] {dag.py:4180} INFO - Setting next_dagrun for extract_raw_data_pipeline to 2025-07-01 07:00:00+00:00, run_after=2025-07-02 07:00:00+00:00
[2025-07-02T01:10:29.737+0000] {processor.py:208} INFO - Processing /opt/airflow/dags/driven_data_pipeline.py took 0.110 seconds
[2025-07-02T01:11:00.153+0000] {processor.py:186} INFO - Started process (PID=2019) to work on /opt/airflow/dags/driven_data_pipeline.py
[2025-07-02T01:11:00.154+0000] {processor.py:914} INFO - Processing file /opt/airflow/dags/driven_data_pipeline.py for tasks to queue
[2025-07-02T01:11:00.157+0000] {logging_mixin.py:190} INFO - [2025-07-02T01:11:00.157+0000] {dagbag.py:588} INFO - Filling up the DagBag from /opt/airflow/dags/driven_data_pipeline.py
[2025-07-02T01:11:00.174+0000] {processor.py:925} INFO - DAG(s) 'extract_raw_data_pipeline' retrieved from /opt/airflow/dags/driven_data_pipeline.py
[2025-07-02T01:11:00.201+0000] {logging_mixin.py:190} INFO - [2025-07-02T01:11:00.201+0000] {dag.py:3239} INFO - Sync 1 DAGs
[2025-07-02T01:11:00.221+0000] {logging_mixin.py:190} INFO - [2025-07-02T01:11:00.221+0000] {dag.py:4180} INFO - Setting next_dagrun for extract_raw_data_pipeline to 2025-07-01 07:00:00+00:00, run_after=2025-07-02 07:00:00+00:00
[2025-07-02T01:11:00.236+0000] {processor.py:208} INFO - Processing /opt/airflow/dags/driven_data_pipeline.py took 0.088 seconds
[2025-07-02T01:11:30.766+0000] {processor.py:186} INFO - Started process (PID=2026) to work on /opt/airflow/dags/driven_data_pipeline.py
[2025-07-02T01:11:30.767+0000] {processor.py:914} INFO - Processing file /opt/airflow/dags/driven_data_pipeline.py for tasks to queue
[2025-07-02T01:11:30.770+0000] {logging_mixin.py:190} INFO - [2025-07-02T01:11:30.769+0000] {dagbag.py:588} INFO - Filling up the DagBag from /opt/airflow/dags/driven_data_pipeline.py
[2025-07-02T01:11:30.788+0000] {processor.py:925} INFO - DAG(s) 'extract_raw_data_pipeline' retrieved from /opt/airflow/dags/driven_data_pipeline.py
[2025-07-02T01:11:30.814+0000] {logging_mixin.py:190} INFO - [2025-07-02T01:11:30.814+0000] {dag.py:3239} INFO - Sync 1 DAGs
[2025-07-02T01:11:30.836+0000] {logging_mixin.py:190} INFO - [2025-07-02T01:11:30.836+0000] {dag.py:4180} INFO - Setting next_dagrun for extract_raw_data_pipeline to 2025-07-01 07:00:00+00:00, run_after=2025-07-02 07:00:00+00:00
[2025-07-02T01:11:30.851+0000] {processor.py:208} INFO - Processing /opt/airflow/dags/driven_data_pipeline.py took 0.092 seconds
[2025-07-02T01:12:01.236+0000] {processor.py:186} INFO - Started process (PID=2033) to work on /opt/airflow/dags/driven_data_pipeline.py
[2025-07-02T01:12:01.236+0000] {processor.py:914} INFO - Processing file /opt/airflow/dags/driven_data_pipeline.py for tasks to queue
[2025-07-02T01:12:01.239+0000] {logging_mixin.py:190} INFO - [2025-07-02T01:12:01.238+0000] {dagbag.py:588} INFO - Filling up the DagBag from /opt/airflow/dags/driven_data_pipeline.py
[2025-07-02T01:12:01.254+0000] {processor.py:925} INFO - DAG(s) 'extract_raw_data_pipeline' retrieved from /opt/airflow/dags/driven_data_pipeline.py
[2025-07-02T01:12:01.276+0000] {logging_mixin.py:190} INFO - [2025-07-02T01:12:01.276+0000] {dag.py:3239} INFO - Sync 1 DAGs
[2025-07-02T01:12:01.297+0000] {logging_mixin.py:190} INFO - [2025-07-02T01:12:01.297+0000] {dag.py:4180} INFO - Setting next_dagrun for extract_raw_data_pipeline to 2025-07-01 07:00:00+00:00, run_after=2025-07-02 07:00:00+00:00
[2025-07-02T01:12:01.312+0000] {processor.py:208} INFO - Processing /opt/airflow/dags/driven_data_pipeline.py took 0.083 seconds
[2025-07-02T01:12:31.917+0000] {processor.py:186} INFO - Started process (PID=2040) to work on /opt/airflow/dags/driven_data_pipeline.py
[2025-07-02T01:12:31.918+0000] {processor.py:914} INFO - Processing file /opt/airflow/dags/driven_data_pipeline.py for tasks to queue
[2025-07-02T01:12:31.921+0000] {logging_mixin.py:190} INFO - [2025-07-02T01:12:31.920+0000] {dagbag.py:588} INFO - Filling up the DagBag from /opt/airflow/dags/driven_data_pipeline.py
[2025-07-02T01:12:31.943+0000] {processor.py:925} INFO - DAG(s) 'extract_raw_data_pipeline' retrieved from /opt/airflow/dags/driven_data_pipeline.py
[2025-07-02T01:12:31.964+0000] {logging_mixin.py:190} INFO - [2025-07-02T01:12:31.964+0000] {dag.py:3239} INFO - Sync 1 DAGs
[2025-07-02T01:12:31.983+0000] {logging_mixin.py:190} INFO - [2025-07-02T01:12:31.983+0000] {dag.py:4180} INFO - Setting next_dagrun for extract_raw_data_pipeline to 2025-07-01 07:00:00+00:00, run_after=2025-07-02 07:00:00+00:00
[2025-07-02T01:12:31.997+0000] {processor.py:208} INFO - Processing /opt/airflow/dags/driven_data_pipeline.py took 0.087 seconds
[2025-07-02T01:13:02.498+0000] {processor.py:186} INFO - Started process (PID=2047) to work on /opt/airflow/dags/driven_data_pipeline.py
[2025-07-02T01:13:02.499+0000] {processor.py:914} INFO - Processing file /opt/airflow/dags/driven_data_pipeline.py for tasks to queue
[2025-07-02T01:13:02.501+0000] {logging_mixin.py:190} INFO - [2025-07-02T01:13:02.501+0000] {dagbag.py:588} INFO - Filling up the DagBag from /opt/airflow/dags/driven_data_pipeline.py
[2025-07-02T01:13:02.522+0000] {processor.py:925} INFO - DAG(s) 'extract_raw_data_pipeline' retrieved from /opt/airflow/dags/driven_data_pipeline.py
[2025-07-02T01:13:02.545+0000] {logging_mixin.py:190} INFO - [2025-07-02T01:13:02.545+0000] {dag.py:3239} INFO - Sync 1 DAGs
[2025-07-02T01:13:02.563+0000] {logging_mixin.py:190} INFO - [2025-07-02T01:13:02.563+0000] {dag.py:4180} INFO - Setting next_dagrun for extract_raw_data_pipeline to 2025-07-01 07:00:00+00:00, run_after=2025-07-02 07:00:00+00:00
[2025-07-02T01:13:02.577+0000] {processor.py:208} INFO - Processing /opt/airflow/dags/driven_data_pipeline.py took 0.084 seconds
[2025-07-02T01:13:33.071+0000] {processor.py:186} INFO - Started process (PID=2054) to work on /opt/airflow/dags/driven_data_pipeline.py
[2025-07-02T01:13:33.072+0000] {processor.py:914} INFO - Processing file /opt/airflow/dags/driven_data_pipeline.py for tasks to queue
[2025-07-02T01:13:33.075+0000] {logging_mixin.py:190} INFO - [2025-07-02T01:13:33.075+0000] {dagbag.py:588} INFO - Filling up the DagBag from /opt/airflow/dags/driven_data_pipeline.py
[2025-07-02T01:13:33.094+0000] {processor.py:925} INFO - DAG(s) 'extract_raw_data_pipeline' retrieved from /opt/airflow/dags/driven_data_pipeline.py
[2025-07-02T01:13:33.117+0000] {logging_mixin.py:190} INFO - [2025-07-02T01:13:33.117+0000] {dag.py:3239} INFO - Sync 1 DAGs
[2025-07-02T01:13:33.137+0000] {logging_mixin.py:190} INFO - [2025-07-02T01:13:33.137+0000] {dag.py:4180} INFO - Setting next_dagrun for extract_raw_data_pipeline to 2025-07-01 07:00:00+00:00, run_after=2025-07-02 07:00:00+00:00
[2025-07-02T01:13:33.160+0000] {processor.py:208} INFO - Processing /opt/airflow/dags/driven_data_pipeline.py took 0.095 seconds
[2025-07-02T01:14:03.548+0000] {processor.py:186} INFO - Started process (PID=2061) to work on /opt/airflow/dags/driven_data_pipeline.py
[2025-07-02T01:14:03.550+0000] {processor.py:914} INFO - Processing file /opt/airflow/dags/driven_data_pipeline.py for tasks to queue
[2025-07-02T01:14:03.554+0000] {logging_mixin.py:190} INFO - [2025-07-02T01:14:03.554+0000] {dagbag.py:588} INFO - Filling up the DagBag from /opt/airflow/dags/driven_data_pipeline.py
[2025-07-02T01:14:03.575+0000] {processor.py:925} INFO - DAG(s) 'extract_raw_data_pipeline' retrieved from /opt/airflow/dags/driven_data_pipeline.py
[2025-07-02T01:14:03.601+0000] {logging_mixin.py:190} INFO - [2025-07-02T01:14:03.600+0000] {dag.py:3239} INFO - Sync 1 DAGs
[2025-07-02T01:14:03.621+0000] {logging_mixin.py:190} INFO - [2025-07-02T01:14:03.621+0000] {dag.py:4180} INFO - Setting next_dagrun for extract_raw_data_pipeline to 2025-07-01 07:00:00+00:00, run_after=2025-07-02 07:00:00+00:00
[2025-07-02T01:14:03.638+0000] {processor.py:208} INFO - Processing /opt/airflow/dags/driven_data_pipeline.py took 0.096 seconds
[2025-07-02T01:14:34.158+0000] {processor.py:186} INFO - Started process (PID=2068) to work on /opt/airflow/dags/driven_data_pipeline.py
[2025-07-02T01:14:34.159+0000] {processor.py:914} INFO - Processing file /opt/airflow/dags/driven_data_pipeline.py for tasks to queue
[2025-07-02T01:14:34.162+0000] {logging_mixin.py:190} INFO - [2025-07-02T01:14:34.162+0000] {dagbag.py:588} INFO - Filling up the DagBag from /opt/airflow/dags/driven_data_pipeline.py
[2025-07-02T01:14:34.181+0000] {processor.py:925} INFO - DAG(s) 'extract_raw_data_pipeline' retrieved from /opt/airflow/dags/driven_data_pipeline.py
[2025-07-02T01:14:34.204+0000] {logging_mixin.py:190} INFO - [2025-07-02T01:14:34.204+0000] {dag.py:3239} INFO - Sync 1 DAGs
[2025-07-02T01:14:34.225+0000] {logging_mixin.py:190} INFO - [2025-07-02T01:14:34.225+0000] {dag.py:4180} INFO - Setting next_dagrun for extract_raw_data_pipeline to 2025-07-01 07:00:00+00:00, run_after=2025-07-02 07:00:00+00:00
[2025-07-02T01:14:34.240+0000] {processor.py:208} INFO - Processing /opt/airflow/dags/driven_data_pipeline.py took 0.088 seconds
[2025-07-02T01:15:04.702+0000] {processor.py:186} INFO - Started process (PID=2076) to work on /opt/airflow/dags/driven_data_pipeline.py
[2025-07-02T01:15:04.703+0000] {processor.py:914} INFO - Processing file /opt/airflow/dags/driven_data_pipeline.py for tasks to queue
[2025-07-02T01:15:04.705+0000] {logging_mixin.py:190} INFO - [2025-07-02T01:15:04.704+0000] {dagbag.py:588} INFO - Filling up the DagBag from /opt/airflow/dags/driven_data_pipeline.py
[2025-07-02T01:15:04.720+0000] {processor.py:925} INFO - DAG(s) 'extract_raw_data_pipeline' retrieved from /opt/airflow/dags/driven_data_pipeline.py
[2025-07-02T01:15:04.741+0000] {logging_mixin.py:190} INFO - [2025-07-02T01:15:04.740+0000] {dag.py:3239} INFO - Sync 1 DAGs
[2025-07-02T01:15:04.759+0000] {logging_mixin.py:190} INFO - [2025-07-02T01:15:04.758+0000] {dag.py:4180} INFO - Setting next_dagrun for extract_raw_data_pipeline to 2025-07-01 07:00:00+00:00, run_after=2025-07-02 07:00:00+00:00
[2025-07-02T01:15:04.773+0000] {processor.py:208} INFO - Processing /opt/airflow/dags/driven_data_pipeline.py took 0.077 seconds
[2025-07-02T01:15:35.361+0000] {processor.py:186} INFO - Started process (PID=2083) to work on /opt/airflow/dags/driven_data_pipeline.py
[2025-07-02T01:15:35.361+0000] {processor.py:914} INFO - Processing file /opt/airflow/dags/driven_data_pipeline.py for tasks to queue
[2025-07-02T01:15:35.364+0000] {logging_mixin.py:190} INFO - [2025-07-02T01:15:35.363+0000] {dagbag.py:588} INFO - Filling up the DagBag from /opt/airflow/dags/driven_data_pipeline.py
[2025-07-02T01:15:35.379+0000] {processor.py:925} INFO - DAG(s) 'extract_raw_data_pipeline' retrieved from /opt/airflow/dags/driven_data_pipeline.py
[2025-07-02T01:15:35.400+0000] {logging_mixin.py:190} INFO - [2025-07-02T01:15:35.400+0000] {dag.py:3239} INFO - Sync 1 DAGs
[2025-07-02T01:15:35.420+0000] {logging_mixin.py:190} INFO - [2025-07-02T01:15:35.420+0000] {dag.py:4180} INFO - Setting next_dagrun for extract_raw_data_pipeline to 2025-07-01 07:00:00+00:00, run_after=2025-07-02 07:00:00+00:00
[2025-07-02T01:15:35.436+0000] {processor.py:208} INFO - Processing /opt/airflow/dags/driven_data_pipeline.py took 0.081 seconds
[2025-07-02T01:16:05.828+0000] {processor.py:186} INFO - Started process (PID=2090) to work on /opt/airflow/dags/driven_data_pipeline.py
[2025-07-02T01:16:05.829+0000] {processor.py:914} INFO - Processing file /opt/airflow/dags/driven_data_pipeline.py for tasks to queue
[2025-07-02T01:16:05.832+0000] {logging_mixin.py:190} INFO - [2025-07-02T01:16:05.832+0000] {dagbag.py:588} INFO - Filling up the DagBag from /opt/airflow/dags/driven_data_pipeline.py
[2025-07-02T01:16:05.850+0000] {processor.py:925} INFO - DAG(s) 'extract_raw_data_pipeline' retrieved from /opt/airflow/dags/driven_data_pipeline.py
[2025-07-02T01:16:05.874+0000] {logging_mixin.py:190} INFO - [2025-07-02T01:16:05.874+0000] {dag.py:3239} INFO - Sync 1 DAGs
[2025-07-02T01:16:05.893+0000] {logging_mixin.py:190} INFO - [2025-07-02T01:16:05.893+0000] {dag.py:4180} INFO - Setting next_dagrun for extract_raw_data_pipeline to 2025-07-01 07:00:00+00:00, run_after=2025-07-02 07:00:00+00:00
[2025-07-02T01:16:05.907+0000] {processor.py:208} INFO - Processing /opt/airflow/dags/driven_data_pipeline.py took 0.085 seconds
[2025-07-02T01:16:36.544+0000] {processor.py:186} INFO - Started process (PID=2097) to work on /opt/airflow/dags/driven_data_pipeline.py
[2025-07-02T01:16:36.549+0000] {processor.py:914} INFO - Processing file /opt/airflow/dags/driven_data_pipeline.py for tasks to queue
[2025-07-02T01:16:36.552+0000] {logging_mixin.py:190} INFO - [2025-07-02T01:16:36.551+0000] {dagbag.py:588} INFO - Filling up the DagBag from /opt/airflow/dags/driven_data_pipeline.py
[2025-07-02T01:16:36.574+0000] {processor.py:925} INFO - DAG(s) 'extract_raw_data_pipeline' retrieved from /opt/airflow/dags/driven_data_pipeline.py
[2025-07-02T01:16:36.598+0000] {logging_mixin.py:190} INFO - [2025-07-02T01:16:36.598+0000] {dag.py:3239} INFO - Sync 1 DAGs
[2025-07-02T01:16:36.618+0000] {logging_mixin.py:190} INFO - [2025-07-02T01:16:36.618+0000] {dag.py:4180} INFO - Setting next_dagrun for extract_raw_data_pipeline to 2025-07-01 07:00:00+00:00, run_after=2025-07-02 07:00:00+00:00
[2025-07-02T01:16:36.647+0000] {processor.py:208} INFO - Processing /opt/airflow/dags/driven_data_pipeline.py took 0.109 seconds
[2025-07-02T01:17:07.136+0000] {processor.py:186} INFO - Started process (PID=2104) to work on /opt/airflow/dags/driven_data_pipeline.py
[2025-07-02T01:17:07.137+0000] {processor.py:914} INFO - Processing file /opt/airflow/dags/driven_data_pipeline.py for tasks to queue
[2025-07-02T01:17:07.140+0000] {logging_mixin.py:190} INFO - [2025-07-02T01:17:07.139+0000] {dagbag.py:588} INFO - Filling up the DagBag from /opt/airflow/dags/driven_data_pipeline.py
[2025-07-02T01:17:07.157+0000] {processor.py:925} INFO - DAG(s) 'extract_raw_data_pipeline' retrieved from /opt/airflow/dags/driven_data_pipeline.py
[2025-07-02T01:17:07.181+0000] {logging_mixin.py:190} INFO - [2025-07-02T01:17:07.181+0000] {dag.py:3239} INFO - Sync 1 DAGs
[2025-07-02T01:17:07.202+0000] {logging_mixin.py:190} INFO - [2025-07-02T01:17:07.202+0000] {dag.py:4180} INFO - Setting next_dagrun for extract_raw_data_pipeline to 2025-07-01 07:00:00+00:00, run_after=2025-07-02 07:00:00+00:00
[2025-07-02T01:17:07.218+0000] {processor.py:208} INFO - Processing /opt/airflow/dags/driven_data_pipeline.py took 0.091 seconds
[2025-07-02T01:17:37.637+0000] {processor.py:186} INFO - Started process (PID=2111) to work on /opt/airflow/dags/driven_data_pipeline.py
[2025-07-02T01:17:37.638+0000] {processor.py:914} INFO - Processing file /opt/airflow/dags/driven_data_pipeline.py for tasks to queue
[2025-07-02T01:17:37.640+0000] {logging_mixin.py:190} INFO - [2025-07-02T01:17:37.640+0000] {dagbag.py:588} INFO - Filling up the DagBag from /opt/airflow/dags/driven_data_pipeline.py
[2025-07-02T01:17:37.659+0000] {processor.py:925} INFO - DAG(s) 'extract_raw_data_pipeline' retrieved from /opt/airflow/dags/driven_data_pipeline.py
[2025-07-02T01:17:37.682+0000] {logging_mixin.py:190} INFO - [2025-07-02T01:17:37.682+0000] {dag.py:3239} INFO - Sync 1 DAGs
[2025-07-02T01:17:37.702+0000] {logging_mixin.py:190} INFO - [2025-07-02T01:17:37.702+0000] {dag.py:4180} INFO - Setting next_dagrun for extract_raw_data_pipeline to 2025-07-01 07:00:00+00:00, run_after=2025-07-02 07:00:00+00:00
[2025-07-02T01:17:37.718+0000] {processor.py:208} INFO - Processing /opt/airflow/dags/driven_data_pipeline.py took 0.086 seconds
[2025-07-02T01:18:08.176+0000] {processor.py:186} INFO - Started process (PID=2118) to work on /opt/airflow/dags/driven_data_pipeline.py
[2025-07-02T01:18:08.177+0000] {processor.py:914} INFO - Processing file /opt/airflow/dags/driven_data_pipeline.py for tasks to queue
[2025-07-02T01:18:08.180+0000] {logging_mixin.py:190} INFO - [2025-07-02T01:18:08.179+0000] {dagbag.py:588} INFO - Filling up the DagBag from /opt/airflow/dags/driven_data_pipeline.py
[2025-07-02T01:18:08.196+0000] {processor.py:925} INFO - DAG(s) 'extract_raw_data_pipeline' retrieved from /opt/airflow/dags/driven_data_pipeline.py
[2025-07-02T01:18:08.220+0000] {logging_mixin.py:190} INFO - [2025-07-02T01:18:08.219+0000] {dag.py:3239} INFO - Sync 1 DAGs
[2025-07-02T01:18:08.240+0000] {logging_mixin.py:190} INFO - [2025-07-02T01:18:08.240+0000] {dag.py:4180} INFO - Setting next_dagrun for extract_raw_data_pipeline to 2025-07-01 07:00:00+00:00, run_after=2025-07-02 07:00:00+00:00
[2025-07-02T01:18:08.254+0000] {processor.py:208} INFO - Processing /opt/airflow/dags/driven_data_pipeline.py took 0.084 seconds
[2025-07-02T01:18:38.767+0000] {processor.py:186} INFO - Started process (PID=2125) to work on /opt/airflow/dags/driven_data_pipeline.py
[2025-07-02T01:18:38.768+0000] {processor.py:914} INFO - Processing file /opt/airflow/dags/driven_data_pipeline.py for tasks to queue
[2025-07-02T01:18:38.770+0000] {logging_mixin.py:190} INFO - [2025-07-02T01:18:38.770+0000] {dagbag.py:588} INFO - Filling up the DagBag from /opt/airflow/dags/driven_data_pipeline.py
[2025-07-02T01:18:38.786+0000] {processor.py:925} INFO - DAG(s) 'extract_raw_data_pipeline' retrieved from /opt/airflow/dags/driven_data_pipeline.py
[2025-07-02T01:18:38.808+0000] {logging_mixin.py:190} INFO - [2025-07-02T01:18:38.808+0000] {dag.py:3239} INFO - Sync 1 DAGs
[2025-07-02T01:18:38.828+0000] {logging_mixin.py:190} INFO - [2025-07-02T01:18:38.827+0000] {dag.py:4180} INFO - Setting next_dagrun for extract_raw_data_pipeline to 2025-07-01 07:00:00+00:00, run_after=2025-07-02 07:00:00+00:00
[2025-07-02T01:18:38.843+0000] {processor.py:208} INFO - Processing /opt/airflow/dags/driven_data_pipeline.py took 0.082 seconds
[2025-07-02T01:19:09.328+0000] {processor.py:186} INFO - Started process (PID=2132) to work on /opt/airflow/dags/driven_data_pipeline.py
[2025-07-02T01:19:09.329+0000] {processor.py:914} INFO - Processing file /opt/airflow/dags/driven_data_pipeline.py for tasks to queue
[2025-07-02T01:19:09.331+0000] {logging_mixin.py:190} INFO - [2025-07-02T01:19:09.331+0000] {dagbag.py:588} INFO - Filling up the DagBag from /opt/airflow/dags/driven_data_pipeline.py
[2025-07-02T01:19:09.347+0000] {processor.py:925} INFO - DAG(s) 'extract_raw_data_pipeline' retrieved from /opt/airflow/dags/driven_data_pipeline.py
[2025-07-02T01:19:09.371+0000] {logging_mixin.py:190} INFO - [2025-07-02T01:19:09.371+0000] {dag.py:3239} INFO - Sync 1 DAGs
[2025-07-02T01:19:09.391+0000] {logging_mixin.py:190} INFO - [2025-07-02T01:19:09.391+0000] {dag.py:4180} INFO - Setting next_dagrun for extract_raw_data_pipeline to 2025-07-01 07:00:00+00:00, run_after=2025-07-02 07:00:00+00:00
[2025-07-02T01:19:09.406+0000] {processor.py:208} INFO - Processing /opt/airflow/dags/driven_data_pipeline.py took 0.086 seconds
[2025-07-02T01:19:39.944+0000] {processor.py:186} INFO - Started process (PID=2139) to work on /opt/airflow/dags/driven_data_pipeline.py
[2025-07-02T01:19:39.945+0000] {processor.py:914} INFO - Processing file /opt/airflow/dags/driven_data_pipeline.py for tasks to queue
[2025-07-02T01:19:39.947+0000] {logging_mixin.py:190} INFO - [2025-07-02T01:19:39.947+0000] {dagbag.py:588} INFO - Filling up the DagBag from /opt/airflow/dags/driven_data_pipeline.py
[2025-07-02T01:19:39.965+0000] {processor.py:925} INFO - DAG(s) 'extract_raw_data_pipeline' retrieved from /opt/airflow/dags/driven_data_pipeline.py
[2025-07-02T01:19:39.987+0000] {logging_mixin.py:190} INFO - [2025-07-02T01:19:39.987+0000] {dag.py:3239} INFO - Sync 1 DAGs
[2025-07-02T01:19:40.007+0000] {logging_mixin.py:190} INFO - [2025-07-02T01:19:40.007+0000] {dag.py:4180} INFO - Setting next_dagrun for extract_raw_data_pipeline to 2025-07-01 07:00:00+00:00, run_after=2025-07-02 07:00:00+00:00
[2025-07-02T01:19:40.023+0000] {processor.py:208} INFO - Processing /opt/airflow/dags/driven_data_pipeline.py took 0.084 seconds
[2025-07-02T01:20:10.487+0000] {processor.py:186} INFO - Started process (PID=2146) to work on /opt/airflow/dags/driven_data_pipeline.py
[2025-07-02T01:20:10.488+0000] {processor.py:914} INFO - Processing file /opt/airflow/dags/driven_data_pipeline.py for tasks to queue
[2025-07-02T01:20:10.490+0000] {logging_mixin.py:190} INFO - [2025-07-02T01:20:10.490+0000] {dagbag.py:588} INFO - Filling up the DagBag from /opt/airflow/dags/driven_data_pipeline.py
[2025-07-02T01:20:10.507+0000] {processor.py:925} INFO - DAG(s) 'extract_raw_data_pipeline' retrieved from /opt/airflow/dags/driven_data_pipeline.py
[2025-07-02T01:20:10.531+0000] {logging_mixin.py:190} INFO - [2025-07-02T01:20:10.531+0000] {dag.py:3239} INFO - Sync 1 DAGs
[2025-07-02T01:20:10.551+0000] {logging_mixin.py:190} INFO - [2025-07-02T01:20:10.551+0000] {dag.py:4180} INFO - Setting next_dagrun for extract_raw_data_pipeline to 2025-07-01 07:00:00+00:00, run_after=2025-07-02 07:00:00+00:00
[2025-07-02T01:20:10.565+0000] {processor.py:208} INFO - Processing /opt/airflow/dags/driven_data_pipeline.py took 0.084 seconds
[2025-07-02T01:20:41.113+0000] {processor.py:186} INFO - Started process (PID=2153) to work on /opt/airflow/dags/driven_data_pipeline.py
[2025-07-02T01:20:41.114+0000] {processor.py:914} INFO - Processing file /opt/airflow/dags/driven_data_pipeline.py for tasks to queue
[2025-07-02T01:20:41.117+0000] {logging_mixin.py:190} INFO - [2025-07-02T01:20:41.116+0000] {dagbag.py:588} INFO - Filling up the DagBag from /opt/airflow/dags/driven_data_pipeline.py
[2025-07-02T01:20:41.135+0000] {processor.py:925} INFO - DAG(s) 'extract_raw_data_pipeline' retrieved from /opt/airflow/dags/driven_data_pipeline.py
[2025-07-02T01:20:41.159+0000] {logging_mixin.py:190} INFO - [2025-07-02T01:20:41.158+0000] {dag.py:3239} INFO - Sync 1 DAGs
[2025-07-02T01:20:41.179+0000] {logging_mixin.py:190} INFO - [2025-07-02T01:20:41.178+0000] {dag.py:4180} INFO - Setting next_dagrun for extract_raw_data_pipeline to 2025-07-01 07:00:00+00:00, run_after=2025-07-02 07:00:00+00:00
[2025-07-02T01:20:41.193+0000] {processor.py:208} INFO - Processing /opt/airflow/dags/driven_data_pipeline.py took 0.086 seconds
[2025-07-02T01:21:11.608+0000] {processor.py:186} INFO - Started process (PID=2160) to work on /opt/airflow/dags/driven_data_pipeline.py
[2025-07-02T01:21:11.609+0000] {processor.py:914} INFO - Processing file /opt/airflow/dags/driven_data_pipeline.py for tasks to queue
[2025-07-02T01:21:11.611+0000] {logging_mixin.py:190} INFO - [2025-07-02T01:21:11.611+0000] {dagbag.py:588} INFO - Filling up the DagBag from /opt/airflow/dags/driven_data_pipeline.py
[2025-07-02T01:21:11.632+0000] {processor.py:925} INFO - DAG(s) 'extract_raw_data_pipeline' retrieved from /opt/airflow/dags/driven_data_pipeline.py
[2025-07-02T01:21:11.656+0000] {logging_mixin.py:190} INFO - [2025-07-02T01:21:11.655+0000] {dag.py:3239} INFO - Sync 1 DAGs
[2025-07-02T01:21:11.675+0000] {logging_mixin.py:190} INFO - [2025-07-02T01:21:11.675+0000] {dag.py:4180} INFO - Setting next_dagrun for extract_raw_data_pipeline to 2025-07-01 07:00:00+00:00, run_after=2025-07-02 07:00:00+00:00
[2025-07-02T01:21:11.690+0000] {processor.py:208} INFO - Processing /opt/airflow/dags/driven_data_pipeline.py took 0.087 seconds
[2025-07-02T01:21:42.313+0000] {processor.py:186} INFO - Started process (PID=2167) to work on /opt/airflow/dags/driven_data_pipeline.py
[2025-07-02T01:21:42.314+0000] {processor.py:914} INFO - Processing file /opt/airflow/dags/driven_data_pipeline.py for tasks to queue
[2025-07-02T01:21:42.316+0000] {logging_mixin.py:190} INFO - [2025-07-02T01:21:42.316+0000] {dagbag.py:588} INFO - Filling up the DagBag from /opt/airflow/dags/driven_data_pipeline.py
[2025-07-02T01:21:42.353+0000] {processor.py:925} INFO - DAG(s) 'extract_raw_data_pipeline' retrieved from /opt/airflow/dags/driven_data_pipeline.py
[2025-07-02T01:21:42.384+0000] {logging_mixin.py:190} INFO - [2025-07-02T01:21:42.384+0000] {dag.py:3239} INFO - Sync 1 DAGs
[2025-07-02T01:21:42.408+0000] {logging_mixin.py:190} INFO - [2025-07-02T01:21:42.408+0000] {dag.py:4180} INFO - Setting next_dagrun for extract_raw_data_pipeline to 2025-07-01 07:00:00+00:00, run_after=2025-07-02 07:00:00+00:00
[2025-07-02T01:21:42.424+0000] {processor.py:208} INFO - Processing /opt/airflow/dags/driven_data_pipeline.py took 0.116 seconds
[2025-07-02T01:22:12.783+0000] {processor.py:186} INFO - Started process (PID=2174) to work on /opt/airflow/dags/driven_data_pipeline.py
[2025-07-02T01:22:12.784+0000] {processor.py:914} INFO - Processing file /opt/airflow/dags/driven_data_pipeline.py for tasks to queue
[2025-07-02T01:22:12.788+0000] {logging_mixin.py:190} INFO - [2025-07-02T01:22:12.787+0000] {dagbag.py:588} INFO - Filling up the DagBag from /opt/airflow/dags/driven_data_pipeline.py
[2025-07-02T01:22:12.804+0000] {processor.py:925} INFO - DAG(s) 'extract_raw_data_pipeline' retrieved from /opt/airflow/dags/driven_data_pipeline.py
[2025-07-02T01:22:12.825+0000] {logging_mixin.py:190} INFO - [2025-07-02T01:22:12.825+0000] {dag.py:3239} INFO - Sync 1 DAGs
[2025-07-02T01:22:12.843+0000] {logging_mixin.py:190} INFO - [2025-07-02T01:22:12.843+0000] {dag.py:4180} INFO - Setting next_dagrun for extract_raw_data_pipeline to 2025-07-01 07:00:00+00:00, run_after=2025-07-02 07:00:00+00:00
[2025-07-02T01:22:12.858+0000] {processor.py:208} INFO - Processing /opt/airflow/dags/driven_data_pipeline.py took 0.087 seconds
[2025-07-02T01:22:43.428+0000] {processor.py:186} INFO - Started process (PID=2181) to work on /opt/airflow/dags/driven_data_pipeline.py
[2025-07-02T01:22:43.429+0000] {processor.py:914} INFO - Processing file /opt/airflow/dags/driven_data_pipeline.py for tasks to queue
[2025-07-02T01:22:43.431+0000] {logging_mixin.py:190} INFO - [2025-07-02T01:22:43.431+0000] {dagbag.py:588} INFO - Filling up the DagBag from /opt/airflow/dags/driven_data_pipeline.py
[2025-07-02T01:22:43.446+0000] {processor.py:925} INFO - DAG(s) 'extract_raw_data_pipeline' retrieved from /opt/airflow/dags/driven_data_pipeline.py
[2025-07-02T01:22:43.467+0000] {logging_mixin.py:190} INFO - [2025-07-02T01:22:43.467+0000] {dag.py:3239} INFO - Sync 1 DAGs
[2025-07-02T01:22:43.485+0000] {logging_mixin.py:190} INFO - [2025-07-02T01:22:43.484+0000] {dag.py:4180} INFO - Setting next_dagrun for extract_raw_data_pipeline to 2025-07-01 07:00:00+00:00, run_after=2025-07-02 07:00:00+00:00
[2025-07-02T01:22:43.500+0000] {processor.py:208} INFO - Processing /opt/airflow/dags/driven_data_pipeline.py took 0.076 seconds
[2025-07-02T01:23:13.973+0000] {processor.py:186} INFO - Started process (PID=2188) to work on /opt/airflow/dags/driven_data_pipeline.py
[2025-07-02T01:23:13.974+0000] {processor.py:914} INFO - Processing file /opt/airflow/dags/driven_data_pipeline.py for tasks to queue
[2025-07-02T01:23:13.976+0000] {logging_mixin.py:190} INFO - [2025-07-02T01:23:13.976+0000] {dagbag.py:588} INFO - Filling up the DagBag from /opt/airflow/dags/driven_data_pipeline.py
[2025-07-02T01:23:13.993+0000] {processor.py:925} INFO - DAG(s) 'extract_raw_data_pipeline' retrieved from /opt/airflow/dags/driven_data_pipeline.py
[2025-07-02T01:23:14.014+0000] {logging_mixin.py:190} INFO - [2025-07-02T01:23:14.014+0000] {dag.py:3239} INFO - Sync 1 DAGs
[2025-07-02T01:23:14.032+0000] {logging_mixin.py:190} INFO - [2025-07-02T01:23:14.032+0000] {dag.py:4180} INFO - Setting next_dagrun for extract_raw_data_pipeline to 2025-07-01 07:00:00+00:00, run_after=2025-07-02 07:00:00+00:00
[2025-07-02T01:23:14.048+0000] {processor.py:208} INFO - Processing /opt/airflow/dags/driven_data_pipeline.py took 0.081 seconds
[2025-07-02T01:23:44.659+0000] {processor.py:186} INFO - Started process (PID=2195) to work on /opt/airflow/dags/driven_data_pipeline.py
[2025-07-02T01:23:44.660+0000] {processor.py:914} INFO - Processing file /opt/airflow/dags/driven_data_pipeline.py for tasks to queue
[2025-07-02T01:23:44.663+0000] {logging_mixin.py:190} INFO - [2025-07-02T01:23:44.662+0000] {dagbag.py:588} INFO - Filling up the DagBag from /opt/airflow/dags/driven_data_pipeline.py
[2025-07-02T01:23:44.680+0000] {processor.py:925} INFO - DAG(s) 'extract_raw_data_pipeline' retrieved from /opt/airflow/dags/driven_data_pipeline.py
[2025-07-02T01:23:44.700+0000] {logging_mixin.py:190} INFO - [2025-07-02T01:23:44.700+0000] {dag.py:3239} INFO - Sync 1 DAGs
[2025-07-02T01:23:44.719+0000] {logging_mixin.py:190} INFO - [2025-07-02T01:23:44.718+0000] {dag.py:4180} INFO - Setting next_dagrun for extract_raw_data_pipeline to 2025-07-01 07:00:00+00:00, run_after=2025-07-02 07:00:00+00:00
[2025-07-02T01:23:44.732+0000] {processor.py:208} INFO - Processing /opt/airflow/dags/driven_data_pipeline.py took 0.083 seconds
[2025-07-02T01:24:15.124+0000] {processor.py:186} INFO - Started process (PID=2202) to work on /opt/airflow/dags/driven_data_pipeline.py
[2025-07-02T01:24:15.125+0000] {processor.py:914} INFO - Processing file /opt/airflow/dags/driven_data_pipeline.py for tasks to queue
[2025-07-02T01:24:15.127+0000] {logging_mixin.py:190} INFO - [2025-07-02T01:24:15.127+0000] {dagbag.py:588} INFO - Filling up the DagBag from /opt/airflow/dags/driven_data_pipeline.py
[2025-07-02T01:24:15.145+0000] {processor.py:925} INFO - DAG(s) 'extract_raw_data_pipeline' retrieved from /opt/airflow/dags/driven_data_pipeline.py
[2025-07-02T01:24:15.167+0000] {logging_mixin.py:190} INFO - [2025-07-02T01:24:15.167+0000] {dag.py:3239} INFO - Sync 1 DAGs
[2025-07-02T01:24:15.187+0000] {logging_mixin.py:190} INFO - [2025-07-02T01:24:15.187+0000] {dag.py:4180} INFO - Setting next_dagrun for extract_raw_data_pipeline to 2025-07-01 07:00:00+00:00, run_after=2025-07-02 07:00:00+00:00
[2025-07-02T01:24:15.202+0000] {processor.py:208} INFO - Processing /opt/airflow/dags/driven_data_pipeline.py took 0.084 seconds
[2025-07-02T01:24:45.686+0000] {processor.py:186} INFO - Started process (PID=2209) to work on /opt/airflow/dags/driven_data_pipeline.py
[2025-07-02T01:24:45.687+0000] {processor.py:914} INFO - Processing file /opt/airflow/dags/driven_data_pipeline.py for tasks to queue
[2025-07-02T01:24:45.689+0000] {logging_mixin.py:190} INFO - [2025-07-02T01:24:45.689+0000] {dagbag.py:588} INFO - Filling up the DagBag from /opt/airflow/dags/driven_data_pipeline.py
[2025-07-02T01:24:45.705+0000] {processor.py:925} INFO - DAG(s) 'extract_raw_data_pipeline' retrieved from /opt/airflow/dags/driven_data_pipeline.py
[2025-07-02T01:24:45.725+0000] {logging_mixin.py:190} INFO - [2025-07-02T01:24:45.725+0000] {dag.py:3239} INFO - Sync 1 DAGs
[2025-07-02T01:24:45.746+0000] {logging_mixin.py:190} INFO - [2025-07-02T01:24:45.745+0000] {dag.py:4180} INFO - Setting next_dagrun for extract_raw_data_pipeline to 2025-07-01 07:00:00+00:00, run_after=2025-07-02 07:00:00+00:00
[2025-07-02T01:24:45.761+0000] {processor.py:208} INFO - Processing /opt/airflow/dags/driven_data_pipeline.py took 0.080 seconds
[2025-07-02T01:25:16.205+0000] {processor.py:186} INFO - Started process (PID=2216) to work on /opt/airflow/dags/driven_data_pipeline.py
[2025-07-02T01:25:16.205+0000] {processor.py:914} INFO - Processing file /opt/airflow/dags/driven_data_pipeline.py for tasks to queue
[2025-07-02T01:25:16.208+0000] {logging_mixin.py:190} INFO - [2025-07-02T01:25:16.208+0000] {dagbag.py:588} INFO - Filling up the DagBag from /opt/airflow/dags/driven_data_pipeline.py
[2025-07-02T01:25:16.224+0000] {processor.py:925} INFO - DAG(s) 'extract_raw_data_pipeline' retrieved from /opt/airflow/dags/driven_data_pipeline.py
[2025-07-02T01:25:16.247+0000] {logging_mixin.py:190} INFO - [2025-07-02T01:25:16.247+0000] {dag.py:3239} INFO - Sync 1 DAGs
[2025-07-02T01:25:16.267+0000] {logging_mixin.py:190} INFO - [2025-07-02T01:25:16.267+0000] {dag.py:4180} INFO - Setting next_dagrun for extract_raw_data_pipeline to 2025-07-01 07:00:00+00:00, run_after=2025-07-02 07:00:00+00:00
[2025-07-02T01:25:16.282+0000] {processor.py:208} INFO - Processing /opt/airflow/dags/driven_data_pipeline.py took 0.082 seconds
[2025-07-02T01:25:46.771+0000] {processor.py:186} INFO - Started process (PID=2223) to work on /opt/airflow/dags/driven_data_pipeline.py
[2025-07-02T01:25:46.771+0000] {processor.py:914} INFO - Processing file /opt/airflow/dags/driven_data_pipeline.py for tasks to queue
[2025-07-02T01:25:46.774+0000] {logging_mixin.py:190} INFO - [2025-07-02T01:25:46.774+0000] {dagbag.py:588} INFO - Filling up the DagBag from /opt/airflow/dags/driven_data_pipeline.py
[2025-07-02T01:25:46.789+0000] {processor.py:925} INFO - DAG(s) 'extract_raw_data_pipeline' retrieved from /opt/airflow/dags/driven_data_pipeline.py
[2025-07-02T01:25:46.813+0000] {logging_mixin.py:190} INFO - [2025-07-02T01:25:46.813+0000] {dag.py:3239} INFO - Sync 1 DAGs
[2025-07-02T01:25:46.847+0000] {logging_mixin.py:190} INFO - [2025-07-02T01:25:46.847+0000] {dag.py:4180} INFO - Setting next_dagrun for extract_raw_data_pipeline to 2025-07-01 07:00:00+00:00, run_after=2025-07-02 07:00:00+00:00
[2025-07-02T01:25:46.875+0000] {processor.py:208} INFO - Processing /opt/airflow/dags/driven_data_pipeline.py took 0.109 seconds
[2025-07-02T01:27:44.774+0000] {processor.py:186} INFO - Started process (PID=2248) to work on /opt/airflow/dags/driven_data_pipeline.py
[2025-07-02T01:27:44.775+0000] {processor.py:914} INFO - Processing file /opt/airflow/dags/driven_data_pipeline.py for tasks to queue
[2025-07-02T01:27:44.776+0000] {logging_mixin.py:190} INFO - [2025-07-02T01:27:44.776+0000] {dagbag.py:588} INFO - Filling up the DagBag from /opt/airflow/dags/driven_data_pipeline.py
[2025-07-02T01:27:45.117+0000] {processor.py:925} INFO - DAG(s) 'extract_raw_data_pipeline' retrieved from /opt/airflow/dags/driven_data_pipeline.py
[2025-07-02T01:27:45.217+0000] {logging_mixin.py:190} INFO - [2025-07-02T01:27:45.217+0000] {dag.py:3239} INFO - Sync 1 DAGs
[2025-07-02T01:27:45.245+0000] {logging_mixin.py:190} INFO - [2025-07-02T01:27:45.244+0000] {dag.py:4180} INFO - Setting next_dagrun for extract_raw_data_pipeline to 2025-07-01 07:58:00+00:00, run_after=2025-07-01 07:59:00+00:00
[2025-07-02T01:27:45.265+0000] {processor.py:208} INFO - Processing /opt/airflow/dags/driven_data_pipeline.py took 0.498 seconds
[2025-07-02T01:28:15.509+0000] {processor.py:186} INFO - Started process (PID=2260) to work on /opt/airflow/dags/driven_data_pipeline.py
[2025-07-02T01:28:15.510+0000] {processor.py:914} INFO - Processing file /opt/airflow/dags/driven_data_pipeline.py for tasks to queue
[2025-07-02T01:28:15.511+0000] {logging_mixin.py:190} INFO - [2025-07-02T01:28:15.511+0000] {dagbag.py:588} INFO - Filling up the DagBag from /opt/airflow/dags/driven_data_pipeline.py
[2025-07-02T01:28:15.657+0000] {processor.py:925} INFO - DAG(s) 'extract_raw_data_pipeline' retrieved from /opt/airflow/dags/driven_data_pipeline.py
[2025-07-02T01:28:15.682+0000] {logging_mixin.py:190} INFO - [2025-07-02T01:28:15.682+0000] {dag.py:3239} INFO - Sync 1 DAGs
[2025-07-02T01:28:15.705+0000] {logging_mixin.py:190} INFO - [2025-07-02T01:28:15.704+0000] {dag.py:4180} INFO - Setting next_dagrun for extract_raw_data_pipeline to 2025-07-01 07:59:00+00:00, run_after=2025-07-02 07:00:00+00:00
[2025-07-02T01:28:15.721+0000] {processor.py:208} INFO - Processing /opt/airflow/dags/driven_data_pipeline.py took 0.218 seconds
[2025-07-02T01:28:45.783+0000] {processor.py:186} INFO - Started process (PID=2268) to work on /opt/airflow/dags/driven_data_pipeline.py
[2025-07-02T01:28:45.785+0000] {processor.py:914} INFO - Processing file /opt/airflow/dags/driven_data_pipeline.py for tasks to queue
[2025-07-02T01:28:45.786+0000] {logging_mixin.py:190} INFO - [2025-07-02T01:28:45.785+0000] {dagbag.py:588} INFO - Filling up the DagBag from /opt/airflow/dags/driven_data_pipeline.py
[2025-07-02T01:28:45.961+0000] {processor.py:925} INFO - DAG(s) 'extract_raw_data_pipeline' retrieved from /opt/airflow/dags/driven_data_pipeline.py
[2025-07-02T01:28:45.989+0000] {logging_mixin.py:190} INFO - [2025-07-02T01:28:45.989+0000] {dag.py:3239} INFO - Sync 1 DAGs
[2025-07-02T01:28:46.010+0000] {logging_mixin.py:190} INFO - [2025-07-02T01:28:46.010+0000] {dag.py:4180} INFO - Setting next_dagrun for extract_raw_data_pipeline to 2025-07-01 07:59:00+00:00, run_after=2025-07-02 07:00:00+00:00
[2025-07-02T01:28:46.028+0000] {processor.py:208} INFO - Processing /opt/airflow/dags/driven_data_pipeline.py took 0.251 seconds
[2025-07-02T01:29:16.248+0000] {processor.py:186} INFO - Started process (PID=2276) to work on /opt/airflow/dags/driven_data_pipeline.py
[2025-07-02T01:29:16.249+0000] {processor.py:914} INFO - Processing file /opt/airflow/dags/driven_data_pipeline.py for tasks to queue
[2025-07-02T01:29:16.251+0000] {logging_mixin.py:190} INFO - [2025-07-02T01:29:16.251+0000] {dagbag.py:588} INFO - Filling up the DagBag from /opt/airflow/dags/driven_data_pipeline.py
[2025-07-02T01:29:16.407+0000] {processor.py:925} INFO - DAG(s) 'extract_raw_data_pipeline' retrieved from /opt/airflow/dags/driven_data_pipeline.py
[2025-07-02T01:29:16.429+0000] {logging_mixin.py:190} INFO - [2025-07-02T01:29:16.428+0000] {dag.py:3239} INFO - Sync 1 DAGs
[2025-07-02T01:29:16.449+0000] {logging_mixin.py:190} INFO - [2025-07-02T01:29:16.449+0000] {dag.py:4180} INFO - Setting next_dagrun for extract_raw_data_pipeline to 2025-07-01 07:59:00+00:00, run_after=2025-07-02 07:00:00+00:00
[2025-07-02T01:29:16.468+0000] {processor.py:208} INFO - Processing /opt/airflow/dags/driven_data_pipeline.py took 0.227 seconds
[2025-07-02T01:29:46.536+0000] {processor.py:186} INFO - Started process (PID=2284) to work on /opt/airflow/dags/driven_data_pipeline.py
[2025-07-02T01:29:46.537+0000] {processor.py:914} INFO - Processing file /opt/airflow/dags/driven_data_pipeline.py for tasks to queue
[2025-07-02T01:29:46.539+0000] {logging_mixin.py:190} INFO - [2025-07-02T01:29:46.538+0000] {dagbag.py:588} INFO - Filling up the DagBag from /opt/airflow/dags/driven_data_pipeline.py
[2025-07-02T01:29:46.685+0000] {processor.py:925} INFO - DAG(s) 'extract_raw_data_pipeline' retrieved from /opt/airflow/dags/driven_data_pipeline.py
[2025-07-02T01:29:46.711+0000] {logging_mixin.py:190} INFO - [2025-07-02T01:29:46.711+0000] {dag.py:3239} INFO - Sync 1 DAGs
[2025-07-02T01:29:46.734+0000] {logging_mixin.py:190} INFO - [2025-07-02T01:29:46.733+0000] {dag.py:4180} INFO - Setting next_dagrun for extract_raw_data_pipeline to 2025-07-01 07:59:00+00:00, run_after=2025-07-02 07:00:00+00:00
[2025-07-02T01:29:46.751+0000] {processor.py:208} INFO - Processing /opt/airflow/dags/driven_data_pipeline.py took 0.222 seconds
[2025-07-02T01:30:17.038+0000] {processor.py:186} INFO - Started process (PID=2296) to work on /opt/airflow/dags/driven_data_pipeline.py
[2025-07-02T01:30:17.039+0000] {processor.py:914} INFO - Processing file /opt/airflow/dags/driven_data_pipeline.py for tasks to queue
[2025-07-02T01:30:17.040+0000] {logging_mixin.py:190} INFO - [2025-07-02T01:30:17.040+0000] {dagbag.py:588} INFO - Filling up the DagBag from /opt/airflow/dags/driven_data_pipeline.py
[2025-07-02T01:30:17.184+0000] {processor.py:925} INFO - DAG(s) 'extract_raw_data_pipeline' retrieved from /opt/airflow/dags/driven_data_pipeline.py
[2025-07-02T01:30:17.206+0000] {logging_mixin.py:190} INFO - [2025-07-02T01:30:17.206+0000] {dag.py:3239} INFO - Sync 1 DAGs
[2025-07-02T01:30:17.232+0000] {logging_mixin.py:190} INFO - [2025-07-02T01:30:17.232+0000] {dag.py:4180} INFO - Setting next_dagrun for extract_raw_data_pipeline to 2025-07-01 07:59:00+00:00, run_after=2025-07-02 07:00:00+00:00
[2025-07-02T01:30:17.249+0000] {processor.py:208} INFO - Processing /opt/airflow/dags/driven_data_pipeline.py took 0.216 seconds
[2025-07-02T01:30:47.308+0000] {processor.py:186} INFO - Started process (PID=2304) to work on /opt/airflow/dags/driven_data_pipeline.py
[2025-07-02T01:30:47.309+0000] {processor.py:914} INFO - Processing file /opt/airflow/dags/driven_data_pipeline.py for tasks to queue
[2025-07-02T01:30:47.311+0000] {logging_mixin.py:190} INFO - [2025-07-02T01:30:47.310+0000] {dagbag.py:588} INFO - Filling up the DagBag from /opt/airflow/dags/driven_data_pipeline.py
[2025-07-02T01:30:47.448+0000] {processor.py:925} INFO - DAG(s) 'extract_raw_data_pipeline' retrieved from /opt/airflow/dags/driven_data_pipeline.py
[2025-07-02T01:30:47.472+0000] {logging_mixin.py:190} INFO - [2025-07-02T01:30:47.471+0000] {dag.py:3239} INFO - Sync 1 DAGs
[2025-07-02T01:30:47.493+0000] {logging_mixin.py:190} INFO - [2025-07-02T01:30:47.493+0000] {dag.py:4180} INFO - Setting next_dagrun for extract_raw_data_pipeline to 2025-07-01 07:59:00+00:00, run_after=2025-07-02 07:00:00+00:00
[2025-07-02T01:30:47.510+0000] {processor.py:208} INFO - Processing /opt/airflow/dags/driven_data_pipeline.py took 0.207 seconds
[2025-07-02T01:31:17.775+0000] {processor.py:186} INFO - Started process (PID=2312) to work on /opt/airflow/dags/driven_data_pipeline.py
[2025-07-02T01:31:17.776+0000] {processor.py:914} INFO - Processing file /opt/airflow/dags/driven_data_pipeline.py for tasks to queue
[2025-07-02T01:31:17.777+0000] {logging_mixin.py:190} INFO - [2025-07-02T01:31:17.777+0000] {dagbag.py:588} INFO - Filling up the DagBag from /opt/airflow/dags/driven_data_pipeline.py
[2025-07-02T01:31:17.937+0000] {processor.py:925} INFO - DAG(s) 'extract_raw_data_pipeline' retrieved from /opt/airflow/dags/driven_data_pipeline.py
[2025-07-02T01:31:17.961+0000] {logging_mixin.py:190} INFO - [2025-07-02T01:31:17.961+0000] {dag.py:3239} INFO - Sync 1 DAGs
[2025-07-02T01:31:17.982+0000] {logging_mixin.py:190} INFO - [2025-07-02T01:31:17.982+0000] {dag.py:4180} INFO - Setting next_dagrun for extract_raw_data_pipeline to 2025-07-01 07:59:00+00:00, run_after=2025-07-02 07:00:00+00:00
[2025-07-02T01:31:18.002+0000] {processor.py:208} INFO - Processing /opt/airflow/dags/driven_data_pipeline.py took 0.234 seconds
[2025-07-02T01:31:48.066+0000] {processor.py:186} INFO - Started process (PID=2320) to work on /opt/airflow/dags/driven_data_pipeline.py
[2025-07-02T01:31:48.067+0000] {processor.py:914} INFO - Processing file /opt/airflow/dags/driven_data_pipeline.py for tasks to queue
[2025-07-02T01:31:48.069+0000] {logging_mixin.py:190} INFO - [2025-07-02T01:31:48.068+0000] {dagbag.py:588} INFO - Filling up the DagBag from /opt/airflow/dags/driven_data_pipeline.py
[2025-07-02T01:31:48.218+0000] {processor.py:925} INFO - DAG(s) 'extract_raw_data_pipeline' retrieved from /opt/airflow/dags/driven_data_pipeline.py
[2025-07-02T01:31:48.242+0000] {logging_mixin.py:190} INFO - [2025-07-02T01:31:48.242+0000] {dag.py:3239} INFO - Sync 1 DAGs
[2025-07-02T01:31:48.263+0000] {logging_mixin.py:190} INFO - [2025-07-02T01:31:48.263+0000] {dag.py:4180} INFO - Setting next_dagrun for extract_raw_data_pipeline to 2025-07-01 07:59:00+00:00, run_after=2025-07-02 07:00:00+00:00
[2025-07-02T01:31:48.281+0000] {processor.py:208} INFO - Processing /opt/airflow/dags/driven_data_pipeline.py took 0.221 seconds
[2025-07-02T01:32:18.728+0000] {processor.py:186} INFO - Started process (PID=2328) to work on /opt/airflow/dags/driven_data_pipeline.py
[2025-07-02T01:32:18.729+0000] {processor.py:914} INFO - Processing file /opt/airflow/dags/driven_data_pipeline.py for tasks to queue
[2025-07-02T01:32:18.730+0000] {logging_mixin.py:190} INFO - [2025-07-02T01:32:18.730+0000] {dagbag.py:588} INFO - Filling up the DagBag from /opt/airflow/dags/driven_data_pipeline.py
[2025-07-02T01:32:18.881+0000] {processor.py:925} INFO - DAG(s) 'extract_raw_data_pipeline' retrieved from /opt/airflow/dags/driven_data_pipeline.py
[2025-07-02T01:32:18.902+0000] {logging_mixin.py:190} INFO - [2025-07-02T01:32:18.902+0000] {dag.py:3239} INFO - Sync 1 DAGs
[2025-07-02T01:32:18.923+0000] {logging_mixin.py:190} INFO - [2025-07-02T01:32:18.923+0000] {dag.py:4180} INFO - Setting next_dagrun for extract_raw_data_pipeline to 2025-07-01 07:59:00+00:00, run_after=2025-07-02 07:00:00+00:00
[2025-07-02T01:32:18.939+0000] {processor.py:208} INFO - Processing /opt/airflow/dags/driven_data_pipeline.py took 0.217 seconds
[2025-07-02T01:32:49.100+0000] {processor.py:186} INFO - Started process (PID=2336) to work on /opt/airflow/dags/driven_data_pipeline.py
[2025-07-02T01:32:49.101+0000] {processor.py:914} INFO - Processing file /opt/airflow/dags/driven_data_pipeline.py for tasks to queue
[2025-07-02T01:32:49.102+0000] {logging_mixin.py:190} INFO - [2025-07-02T01:32:49.102+0000] {dagbag.py:588} INFO - Filling up the DagBag from /opt/airflow/dags/driven_data_pipeline.py
[2025-07-02T01:32:49.251+0000] {processor.py:925} INFO - DAG(s) 'extract_raw_data_pipeline' retrieved from /opt/airflow/dags/driven_data_pipeline.py
[2025-07-02T01:32:49.277+0000] {logging_mixin.py:190} INFO - [2025-07-02T01:32:49.276+0000] {dag.py:3239} INFO - Sync 1 DAGs
[2025-07-02T01:32:49.299+0000] {logging_mixin.py:190} INFO - [2025-07-02T01:32:49.298+0000] {dag.py:4180} INFO - Setting next_dagrun for extract_raw_data_pipeline to 2025-07-01 07:59:00+00:00, run_after=2025-07-02 07:00:00+00:00
[2025-07-02T01:32:49.316+0000] {processor.py:208} INFO - Processing /opt/airflow/dags/driven_data_pipeline.py took 0.222 seconds
[2025-07-02T01:33:19.571+0000] {processor.py:186} INFO - Started process (PID=2344) to work on /opt/airflow/dags/driven_data_pipeline.py
[2025-07-02T01:33:19.572+0000] {processor.py:914} INFO - Processing file /opt/airflow/dags/driven_data_pipeline.py for tasks to queue
[2025-07-02T01:33:19.573+0000] {logging_mixin.py:190} INFO - [2025-07-02T01:33:19.572+0000] {dagbag.py:588} INFO - Filling up the DagBag from /opt/airflow/dags/driven_data_pipeline.py
[2025-07-02T01:33:19.716+0000] {processor.py:925} INFO - DAG(s) 'extract_raw_data_pipeline' retrieved from /opt/airflow/dags/driven_data_pipeline.py
[2025-07-02T01:33:19.739+0000] {logging_mixin.py:190} INFO - [2025-07-02T01:33:19.739+0000] {dag.py:3239} INFO - Sync 1 DAGs
[2025-07-02T01:33:19.762+0000] {logging_mixin.py:190} INFO - [2025-07-02T01:33:19.762+0000] {dag.py:4180} INFO - Setting next_dagrun for extract_raw_data_pipeline to 2025-07-01 07:59:00+00:00, run_after=2025-07-02 07:00:00+00:00
[2025-07-02T01:33:19.781+0000] {processor.py:208} INFO - Processing /opt/airflow/dags/driven_data_pipeline.py took 0.216 seconds
[2025-07-02T01:33:49.948+0000] {processor.py:186} INFO - Started process (PID=2352) to work on /opt/airflow/dags/driven_data_pipeline.py
[2025-07-02T01:33:49.949+0000] {processor.py:914} INFO - Processing file /opt/airflow/dags/driven_data_pipeline.py for tasks to queue
[2025-07-02T01:33:49.950+0000] {logging_mixin.py:190} INFO - [2025-07-02T01:33:49.950+0000] {dagbag.py:588} INFO - Filling up the DagBag from /opt/airflow/dags/driven_data_pipeline.py
[2025-07-02T01:33:50.101+0000] {processor.py:925} INFO - DAG(s) 'extract_raw_data_pipeline' retrieved from /opt/airflow/dags/driven_data_pipeline.py
[2025-07-02T01:33:50.123+0000] {logging_mixin.py:190} INFO - [2025-07-02T01:33:50.122+0000] {dag.py:3239} INFO - Sync 1 DAGs
[2025-07-02T01:33:50.142+0000] {logging_mixin.py:190} INFO - [2025-07-02T01:33:50.142+0000] {dag.py:4180} INFO - Setting next_dagrun for extract_raw_data_pipeline to 2025-07-01 07:59:00+00:00, run_after=2025-07-02 07:00:00+00:00
[2025-07-02T01:33:50.159+0000] {processor.py:208} INFO - Processing /opt/airflow/dags/driven_data_pipeline.py took 0.217 seconds
[2025-07-02T01:34:20.346+0000] {processor.py:186} INFO - Started process (PID=2360) to work on /opt/airflow/dags/driven_data_pipeline.py
[2025-07-02T01:34:20.347+0000] {processor.py:914} INFO - Processing file /opt/airflow/dags/driven_data_pipeline.py for tasks to queue
[2025-07-02T01:34:20.348+0000] {logging_mixin.py:190} INFO - [2025-07-02T01:34:20.348+0000] {dagbag.py:588} INFO - Filling up the DagBag from /opt/airflow/dags/driven_data_pipeline.py
[2025-07-02T01:34:20.494+0000] {processor.py:925} INFO - DAG(s) 'extract_raw_data_pipeline' retrieved from /opt/airflow/dags/driven_data_pipeline.py
[2025-07-02T01:34:20.520+0000] {logging_mixin.py:190} INFO - [2025-07-02T01:34:20.520+0000] {dag.py:3239} INFO - Sync 1 DAGs
[2025-07-02T01:34:20.545+0000] {logging_mixin.py:190} INFO - [2025-07-02T01:34:20.545+0000] {dag.py:4180} INFO - Setting next_dagrun for extract_raw_data_pipeline to 2025-07-01 07:59:00+00:00, run_after=2025-07-02 07:00:00+00:00
[2025-07-02T01:34:20.564+0000] {processor.py:208} INFO - Processing /opt/airflow/dags/driven_data_pipeline.py took 0.224 seconds
[2025-07-02T01:34:50.708+0000] {processor.py:186} INFO - Started process (PID=2368) to work on /opt/airflow/dags/driven_data_pipeline.py
[2025-07-02T01:34:50.709+0000] {processor.py:914} INFO - Processing file /opt/airflow/dags/driven_data_pipeline.py for tasks to queue
[2025-07-02T01:34:50.710+0000] {logging_mixin.py:190} INFO - [2025-07-02T01:34:50.710+0000] {dagbag.py:588} INFO - Filling up the DagBag from /opt/airflow/dags/driven_data_pipeline.py
[2025-07-02T01:34:50.854+0000] {processor.py:925} INFO - DAG(s) 'extract_raw_data_pipeline' retrieved from /opt/airflow/dags/driven_data_pipeline.py
[2025-07-02T01:34:50.880+0000] {logging_mixin.py:190} INFO - [2025-07-02T01:34:50.879+0000] {dag.py:3239} INFO - Sync 1 DAGs
[2025-07-02T01:34:50.902+0000] {logging_mixin.py:190} INFO - [2025-07-02T01:34:50.902+0000] {dag.py:4180} INFO - Setting next_dagrun for extract_raw_data_pipeline to 2025-07-01 07:59:00+00:00, run_after=2025-07-02 07:00:00+00:00
[2025-07-02T01:34:50.918+0000] {processor.py:208} INFO - Processing /opt/airflow/dags/driven_data_pipeline.py took 0.216 seconds
[2025-07-02T01:35:21.094+0000] {processor.py:186} INFO - Started process (PID=2376) to work on /opt/airflow/dags/driven_data_pipeline.py
[2025-07-02T01:35:21.096+0000] {processor.py:914} INFO - Processing file /opt/airflow/dags/driven_data_pipeline.py for tasks to queue
[2025-07-02T01:35:21.098+0000] {logging_mixin.py:190} INFO - [2025-07-02T01:35:21.098+0000] {dagbag.py:588} INFO - Filling up the DagBag from /opt/airflow/dags/driven_data_pipeline.py
[2025-07-02T01:35:21.274+0000] {processor.py:925} INFO - DAG(s) 'extract_raw_data_pipeline' retrieved from /opt/airflow/dags/driven_data_pipeline.py
[2025-07-02T01:35:21.295+0000] {logging_mixin.py:190} INFO - [2025-07-02T01:35:21.295+0000] {dag.py:3239} INFO - Sync 1 DAGs
[2025-07-02T01:35:21.315+0000] {logging_mixin.py:190} INFO - [2025-07-02T01:35:21.314+0000] {dag.py:4180} INFO - Setting next_dagrun for extract_raw_data_pipeline to 2025-07-01 07:59:00+00:00, run_after=2025-07-02 07:00:00+00:00
[2025-07-02T01:35:21.331+0000] {processor.py:208} INFO - Processing /opt/airflow/dags/driven_data_pipeline.py took 0.246 seconds
[2025-07-02T01:35:51.492+0000] {processor.py:186} INFO - Started process (PID=2384) to work on /opt/airflow/dags/driven_data_pipeline.py
[2025-07-02T01:35:51.494+0000] {processor.py:914} INFO - Processing file /opt/airflow/dags/driven_data_pipeline.py for tasks to queue
[2025-07-02T01:35:51.495+0000] {logging_mixin.py:190} INFO - [2025-07-02T01:35:51.495+0000] {dagbag.py:588} INFO - Filling up the DagBag from /opt/airflow/dags/driven_data_pipeline.py
[2025-07-02T01:35:51.644+0000] {processor.py:925} INFO - DAG(s) 'extract_raw_data_pipeline' retrieved from /opt/airflow/dags/driven_data_pipeline.py
[2025-07-02T01:35:51.668+0000] {logging_mixin.py:190} INFO - [2025-07-02T01:35:51.667+0000] {dag.py:3239} INFO - Sync 1 DAGs
[2025-07-02T01:35:51.689+0000] {logging_mixin.py:190} INFO - [2025-07-02T01:35:51.689+0000] {dag.py:4180} INFO - Setting next_dagrun for extract_raw_data_pipeline to 2025-07-01 07:59:00+00:00, run_after=2025-07-02 07:00:00+00:00
[2025-07-02T01:35:51.707+0000] {processor.py:208} INFO - Processing /opt/airflow/dags/driven_data_pipeline.py took 0.221 seconds
[2025-07-02T01:36:21.984+0000] {processor.py:186} INFO - Started process (PID=2392) to work on /opt/airflow/dags/driven_data_pipeline.py
[2025-07-02T01:36:21.985+0000] {processor.py:914} INFO - Processing file /opt/airflow/dags/driven_data_pipeline.py for tasks to queue
[2025-07-02T01:36:21.986+0000] {logging_mixin.py:190} INFO - [2025-07-02T01:36:21.986+0000] {dagbag.py:588} INFO - Filling up the DagBag from /opt/airflow/dags/driven_data_pipeline.py
[2025-07-02T01:36:22.133+0000] {processor.py:925} INFO - DAG(s) 'extract_raw_data_pipeline' retrieved from /opt/airflow/dags/driven_data_pipeline.py
[2025-07-02T01:36:22.157+0000] {logging_mixin.py:190} INFO - [2025-07-02T01:36:22.156+0000] {dag.py:3239} INFO - Sync 1 DAGs
[2025-07-02T01:36:22.180+0000] {logging_mixin.py:190} INFO - [2025-07-02T01:36:22.179+0000] {dag.py:4180} INFO - Setting next_dagrun for extract_raw_data_pipeline to 2025-07-01 07:59:00+00:00, run_after=2025-07-02 07:00:00+00:00
[2025-07-02T01:36:22.197+0000] {processor.py:208} INFO - Processing /opt/airflow/dags/driven_data_pipeline.py took 0.218 seconds
[2025-07-02T01:36:52.257+0000] {processor.py:186} INFO - Started process (PID=2400) to work on /opt/airflow/dags/driven_data_pipeline.py
[2025-07-02T01:36:52.259+0000] {processor.py:914} INFO - Processing file /opt/airflow/dags/driven_data_pipeline.py for tasks to queue
[2025-07-02T01:36:52.261+0000] {logging_mixin.py:190} INFO - [2025-07-02T01:36:52.260+0000] {dagbag.py:588} INFO - Filling up the DagBag from /opt/airflow/dags/driven_data_pipeline.py
[2025-07-02T01:36:52.421+0000] {processor.py:925} INFO - DAG(s) 'extract_raw_data_pipeline' retrieved from /opt/airflow/dags/driven_data_pipeline.py
[2025-07-02T01:36:52.450+0000] {logging_mixin.py:190} INFO - [2025-07-02T01:36:52.450+0000] {dag.py:3239} INFO - Sync 1 DAGs
[2025-07-02T01:36:52.471+0000] {logging_mixin.py:190} INFO - [2025-07-02T01:36:52.471+0000] {dag.py:4180} INFO - Setting next_dagrun for extract_raw_data_pipeline to 2025-07-01 07:59:00+00:00, run_after=2025-07-02 07:00:00+00:00
[2025-07-02T01:36:52.491+0000] {processor.py:208} INFO - Processing /opt/airflow/dags/driven_data_pipeline.py took 0.241 seconds
[2025-07-02T01:37:22.728+0000] {processor.py:186} INFO - Started process (PID=2408) to work on /opt/airflow/dags/driven_data_pipeline.py
[2025-07-02T01:37:22.729+0000] {processor.py:914} INFO - Processing file /opt/airflow/dags/driven_data_pipeline.py for tasks to queue
[2025-07-02T01:37:22.731+0000] {logging_mixin.py:190} INFO - [2025-07-02T01:37:22.731+0000] {dagbag.py:588} INFO - Filling up the DagBag from /opt/airflow/dags/driven_data_pipeline.py
[2025-07-02T01:37:22.879+0000] {processor.py:925} INFO - DAG(s) 'extract_raw_data_pipeline' retrieved from /opt/airflow/dags/driven_data_pipeline.py
[2025-07-02T01:37:22.901+0000] {logging_mixin.py:190} INFO - [2025-07-02T01:37:22.901+0000] {dag.py:3239} INFO - Sync 1 DAGs
[2025-07-02T01:37:22.922+0000] {logging_mixin.py:190} INFO - [2025-07-02T01:37:22.922+0000] {dag.py:4180} INFO - Setting next_dagrun for extract_raw_data_pipeline to 2025-07-01 07:59:00+00:00, run_after=2025-07-02 07:00:00+00:00
[2025-07-02T01:37:22.938+0000] {processor.py:208} INFO - Processing /opt/airflow/dags/driven_data_pipeline.py took 0.215 seconds
[2025-07-02T01:37:53.303+0000] {processor.py:186} INFO - Started process (PID=2416) to work on /opt/airflow/dags/driven_data_pipeline.py
[2025-07-02T01:37:53.304+0000] {processor.py:914} INFO - Processing file /opt/airflow/dags/driven_data_pipeline.py for tasks to queue
[2025-07-02T01:37:53.307+0000] {logging_mixin.py:190} INFO - [2025-07-02T01:37:53.306+0000] {dagbag.py:588} INFO - Filling up the DagBag from /opt/airflow/dags/driven_data_pipeline.py
[2025-07-02T01:37:53.455+0000] {processor.py:925} INFO - DAG(s) 'extract_raw_data_pipeline' retrieved from /opt/airflow/dags/driven_data_pipeline.py
[2025-07-02T01:37:53.482+0000] {logging_mixin.py:190} INFO - [2025-07-02T01:37:53.481+0000] {dag.py:3239} INFO - Sync 1 DAGs
[2025-07-02T01:37:53.506+0000] {logging_mixin.py:190} INFO - [2025-07-02T01:37:53.506+0000] {dag.py:4180} INFO - Setting next_dagrun for extract_raw_data_pipeline to 2025-07-01 07:59:00+00:00, run_after=2025-07-02 07:00:00+00:00
[2025-07-02T01:37:53.526+0000] {processor.py:208} INFO - Processing /opt/airflow/dags/driven_data_pipeline.py took 0.229 seconds
[2025-07-02T01:38:23.619+0000] {processor.py:186} INFO - Started process (PID=2424) to work on /opt/airflow/dags/driven_data_pipeline.py
[2025-07-02T01:38:23.620+0000] {processor.py:914} INFO - Processing file /opt/airflow/dags/driven_data_pipeline.py for tasks to queue
[2025-07-02T01:38:23.623+0000] {logging_mixin.py:190} INFO - [2025-07-02T01:38:23.622+0000] {dagbag.py:588} INFO - Filling up the DagBag from /opt/airflow/dags/driven_data_pipeline.py
[2025-07-02T01:38:23.774+0000] {processor.py:925} INFO - DAG(s) 'extract_raw_data_pipeline' retrieved from /opt/airflow/dags/driven_data_pipeline.py
[2025-07-02T01:38:23.798+0000] {logging_mixin.py:190} INFO - [2025-07-02T01:38:23.798+0000] {dag.py:3239} INFO - Sync 1 DAGs
[2025-07-02T01:38:23.820+0000] {logging_mixin.py:190} INFO - [2025-07-02T01:38:23.820+0000] {dag.py:4180} INFO - Setting next_dagrun for extract_raw_data_pipeline to 2025-07-01 07:59:00+00:00, run_after=2025-07-02 07:00:00+00:00
[2025-07-02T01:38:23.836+0000] {processor.py:208} INFO - Processing /opt/airflow/dags/driven_data_pipeline.py took 0.226 seconds
[2025-07-02T01:38:54.170+0000] {processor.py:186} INFO - Started process (PID=2432) to work on /opt/airflow/dags/driven_data_pipeline.py
[2025-07-02T01:38:54.171+0000] {processor.py:914} INFO - Processing file /opt/airflow/dags/driven_data_pipeline.py for tasks to queue
[2025-07-02T01:38:54.173+0000] {logging_mixin.py:190} INFO - [2025-07-02T01:38:54.173+0000] {dagbag.py:588} INFO - Filling up the DagBag from /opt/airflow/dags/driven_data_pipeline.py
[2025-07-02T01:38:54.331+0000] {processor.py:925} INFO - DAG(s) 'extract_raw_data_pipeline' retrieved from /opt/airflow/dags/driven_data_pipeline.py
[2025-07-02T01:38:54.356+0000] {logging_mixin.py:190} INFO - [2025-07-02T01:38:54.356+0000] {dag.py:3239} INFO - Sync 1 DAGs
[2025-07-02T01:38:54.378+0000] {logging_mixin.py:190} INFO - [2025-07-02T01:38:54.378+0000] {dag.py:4180} INFO - Setting next_dagrun for extract_raw_data_pipeline to 2025-07-01 07:59:00+00:00, run_after=2025-07-02 07:00:00+00:00
[2025-07-02T01:38:54.394+0000] {processor.py:208} INFO - Processing /opt/airflow/dags/driven_data_pipeline.py took 0.230 seconds
[2025-07-02T01:39:24.532+0000] {processor.py:186} INFO - Started process (PID=2440) to work on /opt/airflow/dags/driven_data_pipeline.py
[2025-07-02T01:39:24.533+0000] {processor.py:914} INFO - Processing file /opt/airflow/dags/driven_data_pipeline.py for tasks to queue
[2025-07-02T01:39:24.535+0000] {logging_mixin.py:190} INFO - [2025-07-02T01:39:24.534+0000] {dagbag.py:588} INFO - Filling up the DagBag from /opt/airflow/dags/driven_data_pipeline.py
[2025-07-02T01:39:24.685+0000] {processor.py:925} INFO - DAG(s) 'extract_raw_data_pipeline' retrieved from /opt/airflow/dags/driven_data_pipeline.py
[2025-07-02T01:39:24.707+0000] {logging_mixin.py:190} INFO - [2025-07-02T01:39:24.707+0000] {dag.py:3239} INFO - Sync 1 DAGs
[2025-07-02T01:39:24.726+0000] {logging_mixin.py:190} INFO - [2025-07-02T01:39:24.726+0000] {dag.py:4180} INFO - Setting next_dagrun for extract_raw_data_pipeline to 2025-07-01 07:59:00+00:00, run_after=2025-07-02 07:00:00+00:00
[2025-07-02T01:39:24.741+0000] {processor.py:208} INFO - Processing /opt/airflow/dags/driven_data_pipeline.py took 0.216 seconds
[2025-07-02T01:39:54.955+0000] {processor.py:186} INFO - Started process (PID=2448) to work on /opt/airflow/dags/driven_data_pipeline.py
[2025-07-02T01:39:54.956+0000] {processor.py:914} INFO - Processing file /opt/airflow/dags/driven_data_pipeline.py for tasks to queue
[2025-07-02T01:39:54.958+0000] {logging_mixin.py:190} INFO - [2025-07-02T01:39:54.957+0000] {dagbag.py:588} INFO - Filling up the DagBag from /opt/airflow/dags/driven_data_pipeline.py
[2025-07-02T01:39:55.108+0000] {processor.py:925} INFO - DAG(s) 'extract_raw_data_pipeline' retrieved from /opt/airflow/dags/driven_data_pipeline.py
[2025-07-02T01:39:55.129+0000] {logging_mixin.py:190} INFO - [2025-07-02T01:39:55.129+0000] {dag.py:3239} INFO - Sync 1 DAGs
[2025-07-02T01:39:55.150+0000] {logging_mixin.py:190} INFO - [2025-07-02T01:39:55.150+0000] {dag.py:4180} INFO - Setting next_dagrun for extract_raw_data_pipeline to 2025-07-01 07:59:00+00:00, run_after=2025-07-02 07:00:00+00:00
[2025-07-02T01:39:55.169+0000] {processor.py:208} INFO - Processing /opt/airflow/dags/driven_data_pipeline.py took 0.219 seconds
[2025-07-02T01:40:25.329+0000] {processor.py:186} INFO - Started process (PID=2456) to work on /opt/airflow/dags/driven_data_pipeline.py
[2025-07-02T01:40:25.330+0000] {processor.py:914} INFO - Processing file /opt/airflow/dags/driven_data_pipeline.py for tasks to queue
[2025-07-02T01:40:25.332+0000] {logging_mixin.py:190} INFO - [2025-07-02T01:40:25.331+0000] {dagbag.py:588} INFO - Filling up the DagBag from /opt/airflow/dags/driven_data_pipeline.py
[2025-07-02T01:40:25.477+0000] {processor.py:925} INFO - DAG(s) 'extract_raw_data_pipeline' retrieved from /opt/airflow/dags/driven_data_pipeline.py
[2025-07-02T01:40:25.500+0000] {logging_mixin.py:190} INFO - [2025-07-02T01:40:25.499+0000] {dag.py:3239} INFO - Sync 1 DAGs
[2025-07-02T01:40:25.523+0000] {logging_mixin.py:190} INFO - [2025-07-02T01:40:25.522+0000] {dag.py:4180} INFO - Setting next_dagrun for extract_raw_data_pipeline to 2025-07-01 07:59:00+00:00, run_after=2025-07-02 07:00:00+00:00
[2025-07-02T01:40:25.540+0000] {processor.py:208} INFO - Processing /opt/airflow/dags/driven_data_pipeline.py took 0.218 seconds
[2025-07-02T01:40:55.730+0000] {processor.py:186} INFO - Started process (PID=2464) to work on /opt/airflow/dags/driven_data_pipeline.py
[2025-07-02T01:40:55.732+0000] {processor.py:914} INFO - Processing file /opt/airflow/dags/driven_data_pipeline.py for tasks to queue
[2025-07-02T01:40:55.733+0000] {logging_mixin.py:190} INFO - [2025-07-02T01:40:55.733+0000] {dagbag.py:588} INFO - Filling up the DagBag from /opt/airflow/dags/driven_data_pipeline.py
[2025-07-02T01:40:55.899+0000] {processor.py:925} INFO - DAG(s) 'extract_raw_data_pipeline' retrieved from /opt/airflow/dags/driven_data_pipeline.py
[2025-07-02T01:40:55.925+0000] {logging_mixin.py:190} INFO - [2025-07-02T01:40:55.924+0000] {dag.py:3239} INFO - Sync 1 DAGs
[2025-07-02T01:40:55.945+0000] {logging_mixin.py:190} INFO - [2025-07-02T01:40:55.945+0000] {dag.py:4180} INFO - Setting next_dagrun for extract_raw_data_pipeline to 2025-07-01 07:59:00+00:00, run_after=2025-07-02 07:00:00+00:00
[2025-07-02T01:40:55.961+0000] {processor.py:208} INFO - Processing /opt/airflow/dags/driven_data_pipeline.py took 0.237 seconds
[2025-07-02T01:41:26.172+0000] {processor.py:186} INFO - Started process (PID=2472) to work on /opt/airflow/dags/driven_data_pipeline.py
[2025-07-02T01:41:26.173+0000] {processor.py:914} INFO - Processing file /opt/airflow/dags/driven_data_pipeline.py for tasks to queue
[2025-07-02T01:41:26.175+0000] {logging_mixin.py:190} INFO - [2025-07-02T01:41:26.174+0000] {dagbag.py:588} INFO - Filling up the DagBag from /opt/airflow/dags/driven_data_pipeline.py
[2025-07-02T01:41:26.375+0000] {processor.py:925} INFO - DAG(s) 'extract_raw_data_pipeline' retrieved from /opt/airflow/dags/driven_data_pipeline.py
[2025-07-02T01:41:26.401+0000] {logging_mixin.py:190} INFO - [2025-07-02T01:41:26.401+0000] {dag.py:3239} INFO - Sync 1 DAGs
[2025-07-02T01:41:26.427+0000] {logging_mixin.py:190} INFO - [2025-07-02T01:41:26.427+0000] {dag.py:4180} INFO - Setting next_dagrun for extract_raw_data_pipeline to 2025-07-01 07:59:00+00:00, run_after=2025-07-02 07:00:00+00:00
[2025-07-02T01:41:26.446+0000] {processor.py:208} INFO - Processing /opt/airflow/dags/driven_data_pipeline.py took 0.283 seconds
[2025-07-02T01:41:56.553+0000] {processor.py:186} INFO - Started process (PID=2480) to work on /opt/airflow/dags/driven_data_pipeline.py
[2025-07-02T01:41:56.554+0000] {processor.py:914} INFO - Processing file /opt/airflow/dags/driven_data_pipeline.py for tasks to queue
[2025-07-02T01:41:56.555+0000] {logging_mixin.py:190} INFO - [2025-07-02T01:41:56.554+0000] {dagbag.py:588} INFO - Filling up the DagBag from /opt/airflow/dags/driven_data_pipeline.py
[2025-07-02T01:41:56.709+0000] {processor.py:925} INFO - DAG(s) 'extract_raw_data_pipeline' retrieved from /opt/airflow/dags/driven_data_pipeline.py
[2025-07-02T01:41:56.732+0000] {logging_mixin.py:190} INFO - [2025-07-02T01:41:56.732+0000] {dag.py:3239} INFO - Sync 1 DAGs
[2025-07-02T01:41:56.759+0000] {logging_mixin.py:190} INFO - [2025-07-02T01:41:56.758+0000] {dag.py:4180} INFO - Setting next_dagrun for extract_raw_data_pipeline to 2025-07-01 07:59:00+00:00, run_after=2025-07-02 07:00:00+00:00
[2025-07-02T01:41:56.777+0000] {processor.py:208} INFO - Processing /opt/airflow/dags/driven_data_pipeline.py took 0.231 seconds
[2025-07-02T01:42:27.023+0000] {processor.py:186} INFO - Started process (PID=2488) to work on /opt/airflow/dags/driven_data_pipeline.py
[2025-07-02T01:42:27.024+0000] {processor.py:914} INFO - Processing file /opt/airflow/dags/driven_data_pipeline.py for tasks to queue
[2025-07-02T01:42:27.025+0000] {logging_mixin.py:190} INFO - [2025-07-02T01:42:27.024+0000] {dagbag.py:588} INFO - Filling up the DagBag from /opt/airflow/dags/driven_data_pipeline.py
[2025-07-02T01:42:27.163+0000] {processor.py:925} INFO - DAG(s) 'extract_raw_data_pipeline' retrieved from /opt/airflow/dags/driven_data_pipeline.py
[2025-07-02T01:42:27.185+0000] {logging_mixin.py:190} INFO - [2025-07-02T01:42:27.184+0000] {dag.py:3239} INFO - Sync 1 DAGs
[2025-07-02T01:42:27.206+0000] {logging_mixin.py:190} INFO - [2025-07-02T01:42:27.206+0000] {dag.py:4180} INFO - Setting next_dagrun for extract_raw_data_pipeline to 2025-07-01 07:59:00+00:00, run_after=2025-07-02 07:00:00+00:00
[2025-07-02T01:42:27.221+0000] {processor.py:208} INFO - Processing /opt/airflow/dags/driven_data_pipeline.py took 0.205 seconds
[2025-07-02T01:42:57.386+0000] {processor.py:186} INFO - Started process (PID=2496) to work on /opt/airflow/dags/driven_data_pipeline.py
[2025-07-02T01:42:57.387+0000] {processor.py:914} INFO - Processing file /opt/airflow/dags/driven_data_pipeline.py for tasks to queue
[2025-07-02T01:42:57.388+0000] {logging_mixin.py:190} INFO - [2025-07-02T01:42:57.388+0000] {dagbag.py:588} INFO - Filling up the DagBag from /opt/airflow/dags/driven_data_pipeline.py
[2025-07-02T01:42:57.532+0000] {processor.py:925} INFO - DAG(s) 'extract_raw_data_pipeline' retrieved from /opt/airflow/dags/driven_data_pipeline.py
[2025-07-02T01:42:57.556+0000] {logging_mixin.py:190} INFO - [2025-07-02T01:42:57.556+0000] {dag.py:3239} INFO - Sync 1 DAGs
[2025-07-02T01:42:57.578+0000] {logging_mixin.py:190} INFO - [2025-07-02T01:42:57.577+0000] {dag.py:4180} INFO - Setting next_dagrun for extract_raw_data_pipeline to 2025-07-01 07:59:00+00:00, run_after=2025-07-02 07:00:00+00:00
[2025-07-02T01:42:57.594+0000] {processor.py:208} INFO - Processing /opt/airflow/dags/driven_data_pipeline.py took 0.214 seconds
[2025-07-02T01:43:27.737+0000] {processor.py:186} INFO - Started process (PID=2504) to work on /opt/airflow/dags/driven_data_pipeline.py
[2025-07-02T01:43:27.738+0000] {processor.py:914} INFO - Processing file /opt/airflow/dags/driven_data_pipeline.py for tasks to queue
[2025-07-02T01:43:27.739+0000] {logging_mixin.py:190} INFO - [2025-07-02T01:43:27.739+0000] {dagbag.py:588} INFO - Filling up the DagBag from /opt/airflow/dags/driven_data_pipeline.py
[2025-07-02T01:43:27.893+0000] {processor.py:925} INFO - DAG(s) 'extract_raw_data_pipeline' retrieved from /opt/airflow/dags/driven_data_pipeline.py
[2025-07-02T01:43:27.917+0000] {logging_mixin.py:190} INFO - [2025-07-02T01:43:27.917+0000] {dag.py:3239} INFO - Sync 1 DAGs
[2025-07-02T01:43:27.939+0000] {logging_mixin.py:190} INFO - [2025-07-02T01:43:27.938+0000] {dag.py:4180} INFO - Setting next_dagrun for extract_raw_data_pipeline to 2025-07-01 07:59:00+00:00, run_after=2025-07-02 07:00:00+00:00
[2025-07-02T01:43:27.956+0000] {processor.py:208} INFO - Processing /opt/airflow/dags/driven_data_pipeline.py took 0.226 seconds
[2025-07-02T01:43:58.037+0000] {processor.py:186} INFO - Started process (PID=2512) to work on /opt/airflow/dags/driven_data_pipeline.py
[2025-07-02T01:43:58.039+0000] {processor.py:914} INFO - Processing file /opt/airflow/dags/driven_data_pipeline.py for tasks to queue
[2025-07-02T01:43:58.040+0000] {logging_mixin.py:190} INFO - [2025-07-02T01:43:58.040+0000] {dagbag.py:588} INFO - Filling up the DagBag from /opt/airflow/dags/driven_data_pipeline.py
[2025-07-02T01:43:58.189+0000] {processor.py:925} INFO - DAG(s) 'extract_raw_data_pipeline' retrieved from /opt/airflow/dags/driven_data_pipeline.py
[2025-07-02T01:43:58.211+0000] {logging_mixin.py:190} INFO - [2025-07-02T01:43:58.211+0000] {dag.py:3239} INFO - Sync 1 DAGs
[2025-07-02T01:43:58.230+0000] {logging_mixin.py:190} INFO - [2025-07-02T01:43:58.229+0000] {dag.py:4180} INFO - Setting next_dagrun for extract_raw_data_pipeline to 2025-07-01 07:59:00+00:00, run_after=2025-07-02 07:00:00+00:00
[2025-07-02T01:43:58.247+0000] {processor.py:208} INFO - Processing /opt/airflow/dags/driven_data_pipeline.py took 0.217 seconds
[2025-07-02T01:44:28.505+0000] {processor.py:186} INFO - Started process (PID=2520) to work on /opt/airflow/dags/driven_data_pipeline.py
[2025-07-02T01:44:28.506+0000] {processor.py:914} INFO - Processing file /opt/airflow/dags/driven_data_pipeline.py for tasks to queue
[2025-07-02T01:44:28.508+0000] {logging_mixin.py:190} INFO - [2025-07-02T01:44:28.507+0000] {dagbag.py:588} INFO - Filling up the DagBag from /opt/airflow/dags/driven_data_pipeline.py
[2025-07-02T01:44:28.744+0000] {processor.py:925} INFO - DAG(s) 'extract_raw_data_pipeline' retrieved from /opt/airflow/dags/driven_data_pipeline.py
[2025-07-02T01:44:28.793+0000] {logging_mixin.py:190} INFO - [2025-07-02T01:44:28.793+0000] {dag.py:3239} INFO - Sync 1 DAGs
[2025-07-02T01:44:28.826+0000] {logging_mixin.py:190} INFO - [2025-07-02T01:44:28.825+0000] {dag.py:4180} INFO - Setting next_dagrun for extract_raw_data_pipeline to 2025-07-01 07:59:00+00:00, run_after=2025-07-02 07:00:00+00:00
[2025-07-02T01:44:28.850+0000] {processor.py:208} INFO - Processing /opt/airflow/dags/driven_data_pipeline.py took 0.351 seconds
[2025-07-02T01:44:59.078+0000] {processor.py:186} INFO - Started process (PID=2528) to work on /opt/airflow/dags/driven_data_pipeline.py
[2025-07-02T01:44:59.079+0000] {processor.py:914} INFO - Processing file /opt/airflow/dags/driven_data_pipeline.py for tasks to queue
[2025-07-02T01:44:59.080+0000] {logging_mixin.py:190} INFO - [2025-07-02T01:44:59.080+0000] {dagbag.py:588} INFO - Filling up the DagBag from /opt/airflow/dags/driven_data_pipeline.py
[2025-07-02T01:44:59.224+0000] {processor.py:925} INFO - DAG(s) 'extract_raw_data_pipeline' retrieved from /opt/airflow/dags/driven_data_pipeline.py
[2025-07-02T01:44:59.249+0000] {logging_mixin.py:190} INFO - [2025-07-02T01:44:59.249+0000] {dag.py:3239} INFO - Sync 1 DAGs
[2025-07-02T01:44:59.271+0000] {logging_mixin.py:190} INFO - [2025-07-02T01:44:59.271+0000] {dag.py:4180} INFO - Setting next_dagrun for extract_raw_data_pipeline to 2025-07-01 07:59:00+00:00, run_after=2025-07-02 07:00:00+00:00
[2025-07-02T01:44:59.286+0000] {processor.py:208} INFO - Processing /opt/airflow/dags/driven_data_pipeline.py took 0.213 seconds
[2025-07-02T01:45:29.455+0000] {processor.py:186} INFO - Started process (PID=2537) to work on /opt/airflow/dags/driven_data_pipeline.py
[2025-07-02T01:45:29.455+0000] {processor.py:914} INFO - Processing file /opt/airflow/dags/driven_data_pipeline.py for tasks to queue
[2025-07-02T01:45:29.457+0000] {logging_mixin.py:190} INFO - [2025-07-02T01:45:29.456+0000] {dagbag.py:588} INFO - Filling up the DagBag from /opt/airflow/dags/driven_data_pipeline.py
[2025-07-02T01:45:29.598+0000] {processor.py:925} INFO - DAG(s) 'extract_raw_data_pipeline' retrieved from /opt/airflow/dags/driven_data_pipeline.py
[2025-07-02T01:45:29.619+0000] {logging_mixin.py:190} INFO - [2025-07-02T01:45:29.619+0000] {dag.py:3239} INFO - Sync 1 DAGs
[2025-07-02T01:45:29.639+0000] {logging_mixin.py:190} INFO - [2025-07-02T01:45:29.639+0000] {dag.py:4180} INFO - Setting next_dagrun for extract_raw_data_pipeline to 2025-07-01 07:59:00+00:00, run_after=2025-07-02 07:00:00+00:00
[2025-07-02T01:45:29.654+0000] {processor.py:208} INFO - Processing /opt/airflow/dags/driven_data_pipeline.py took 0.205 seconds
[2025-07-02T01:45:59.878+0000] {processor.py:186} INFO - Started process (PID=2545) to work on /opt/airflow/dags/driven_data_pipeline.py
[2025-07-02T01:45:59.879+0000] {processor.py:914} INFO - Processing file /opt/airflow/dags/driven_data_pipeline.py for tasks to queue
[2025-07-02T01:45:59.881+0000] {logging_mixin.py:190} INFO - [2025-07-02T01:45:59.880+0000] {dagbag.py:588} INFO - Filling up the DagBag from /opt/airflow/dags/driven_data_pipeline.py
[2025-07-02T01:46:00.028+0000] {processor.py:925} INFO - DAG(s) 'extract_raw_data_pipeline' retrieved from /opt/airflow/dags/driven_data_pipeline.py
[2025-07-02T01:46:00.050+0000] {logging_mixin.py:190} INFO - [2025-07-02T01:46:00.050+0000] {dag.py:3239} INFO - Sync 1 DAGs
[2025-07-02T01:46:00.073+0000] {logging_mixin.py:190} INFO - [2025-07-02T01:46:00.073+0000] {dag.py:4180} INFO - Setting next_dagrun for extract_raw_data_pipeline to 2025-07-01 07:59:00+00:00, run_after=2025-07-02 07:00:00+00:00
[2025-07-02T01:46:00.093+0000] {processor.py:208} INFO - Processing /opt/airflow/dags/driven_data_pipeline.py took 0.223 seconds
[2025-07-02T01:46:30.213+0000] {processor.py:186} INFO - Started process (PID=2553) to work on /opt/airflow/dags/driven_data_pipeline.py
[2025-07-02T01:46:30.214+0000] {processor.py:914} INFO - Processing file /opt/airflow/dags/driven_data_pipeline.py for tasks to queue
[2025-07-02T01:46:30.216+0000] {logging_mixin.py:190} INFO - [2025-07-02T01:46:30.216+0000] {dagbag.py:588} INFO - Filling up the DagBag from /opt/airflow/dags/driven_data_pipeline.py
[2025-07-02T01:46:30.368+0000] {processor.py:925} INFO - DAG(s) 'extract_raw_data_pipeline' retrieved from /opt/airflow/dags/driven_data_pipeline.py
[2025-07-02T01:46:30.393+0000] {logging_mixin.py:190} INFO - [2025-07-02T01:46:30.393+0000] {dag.py:3239} INFO - Sync 1 DAGs
[2025-07-02T01:46:30.415+0000] {logging_mixin.py:190} INFO - [2025-07-02T01:46:30.415+0000] {dag.py:4180} INFO - Setting next_dagrun for extract_raw_data_pipeline to 2025-07-01 07:59:00+00:00, run_after=2025-07-02 07:00:00+00:00
[2025-07-02T01:46:30.431+0000] {processor.py:208} INFO - Processing /opt/airflow/dags/driven_data_pipeline.py took 0.227 seconds
[2025-07-02T01:47:00.663+0000] {processor.py:186} INFO - Started process (PID=2561) to work on /opt/airflow/dags/driven_data_pipeline.py
[2025-07-02T01:47:00.664+0000] {processor.py:914} INFO - Processing file /opt/airflow/dags/driven_data_pipeline.py for tasks to queue
[2025-07-02T01:47:00.666+0000] {logging_mixin.py:190} INFO - [2025-07-02T01:47:00.665+0000] {dagbag.py:588} INFO - Filling up the DagBag from /opt/airflow/dags/driven_data_pipeline.py
[2025-07-02T01:47:00.821+0000] {processor.py:925} INFO - DAG(s) 'extract_raw_data_pipeline' retrieved from /opt/airflow/dags/driven_data_pipeline.py
[2025-07-02T01:47:00.860+0000] {logging_mixin.py:190} INFO - [2025-07-02T01:47:00.860+0000] {dag.py:3239} INFO - Sync 1 DAGs
[2025-07-02T01:47:00.887+0000] {logging_mixin.py:190} INFO - [2025-07-02T01:47:00.887+0000] {dag.py:4180} INFO - Setting next_dagrun for extract_raw_data_pipeline to 2025-07-01 07:59:00+00:00, run_after=2025-07-02 07:00:00+00:00
[2025-07-02T01:47:00.905+0000] {processor.py:208} INFO - Processing /opt/airflow/dags/driven_data_pipeline.py took 0.248 seconds
[2025-07-02T01:47:31.057+0000] {processor.py:186} INFO - Started process (PID=2569) to work on /opt/airflow/dags/driven_data_pipeline.py
[2025-07-02T01:47:31.058+0000] {processor.py:914} INFO - Processing file /opt/airflow/dags/driven_data_pipeline.py for tasks to queue
[2025-07-02T01:47:31.060+0000] {logging_mixin.py:190} INFO - [2025-07-02T01:47:31.059+0000] {dagbag.py:588} INFO - Filling up the DagBag from /opt/airflow/dags/driven_data_pipeline.py
[2025-07-02T01:47:31.211+0000] {processor.py:925} INFO - DAG(s) 'extract_raw_data_pipeline' retrieved from /opt/airflow/dags/driven_data_pipeline.py
[2025-07-02T01:47:31.236+0000] {logging_mixin.py:190} INFO - [2025-07-02T01:47:31.236+0000] {dag.py:3239} INFO - Sync 1 DAGs
[2025-07-02T01:47:31.260+0000] {logging_mixin.py:190} INFO - [2025-07-02T01:47:31.260+0000] {dag.py:4180} INFO - Setting next_dagrun for extract_raw_data_pipeline to 2025-07-01 07:59:00+00:00, run_after=2025-07-02 07:00:00+00:00
[2025-07-02T01:47:31.291+0000] {processor.py:208} INFO - Processing /opt/airflow/dags/driven_data_pipeline.py took 0.239 seconds
[2025-07-02T01:48:01.431+0000] {processor.py:186} INFO - Started process (PID=2577) to work on /opt/airflow/dags/driven_data_pipeline.py
[2025-07-02T01:48:01.432+0000] {processor.py:914} INFO - Processing file /opt/airflow/dags/driven_data_pipeline.py for tasks to queue
[2025-07-02T01:48:01.433+0000] {logging_mixin.py:190} INFO - [2025-07-02T01:48:01.433+0000] {dagbag.py:588} INFO - Filling up the DagBag from /opt/airflow/dags/driven_data_pipeline.py
[2025-07-02T01:48:01.571+0000] {processor.py:925} INFO - DAG(s) 'extract_raw_data_pipeline' retrieved from /opt/airflow/dags/driven_data_pipeline.py
[2025-07-02T01:48:01.595+0000] {logging_mixin.py:190} INFO - [2025-07-02T01:48:01.594+0000] {dag.py:3239} INFO - Sync 1 DAGs
[2025-07-02T01:48:01.617+0000] {logging_mixin.py:190} INFO - [2025-07-02T01:48:01.616+0000] {dag.py:4180} INFO - Setting next_dagrun for extract_raw_data_pipeline to 2025-07-01 07:59:00+00:00, run_after=2025-07-02 07:00:00+00:00
[2025-07-02T01:48:01.649+0000] {processor.py:208} INFO - Processing /opt/airflow/dags/driven_data_pipeline.py took 0.223 seconds
[2025-07-02T01:48:31.875+0000] {processor.py:186} INFO - Started process (PID=2585) to work on /opt/airflow/dags/driven_data_pipeline.py
[2025-07-02T01:48:31.876+0000] {processor.py:914} INFO - Processing file /opt/airflow/dags/driven_data_pipeline.py for tasks to queue
[2025-07-02T01:48:31.878+0000] {logging_mixin.py:190} INFO - [2025-07-02T01:48:31.878+0000] {dagbag.py:588} INFO - Filling up the DagBag from /opt/airflow/dags/driven_data_pipeline.py
[2025-07-02T01:48:32.057+0000] {processor.py:925} INFO - DAG(s) 'extract_raw_data_pipeline' retrieved from /opt/airflow/dags/driven_data_pipeline.py
[2025-07-02T01:48:32.083+0000] {logging_mixin.py:190} INFO - [2025-07-02T01:48:32.082+0000] {dag.py:3239} INFO - Sync 1 DAGs
[2025-07-02T01:48:32.105+0000] {logging_mixin.py:190} INFO - [2025-07-02T01:48:32.105+0000] {dag.py:4180} INFO - Setting next_dagrun for extract_raw_data_pipeline to 2025-07-01 07:59:00+00:00, run_after=2025-07-02 07:00:00+00:00
[2025-07-02T01:48:32.121+0000] {processor.py:208} INFO - Processing /opt/airflow/dags/driven_data_pipeline.py took 0.253 seconds
[2025-07-02T01:49:02.300+0000] {processor.py:186} INFO - Started process (PID=2599) to work on /opt/airflow/dags/driven_data_pipeline.py
[2025-07-02T01:49:02.301+0000] {processor.py:914} INFO - Processing file /opt/airflow/dags/driven_data_pipeline.py for tasks to queue
[2025-07-02T01:49:02.303+0000] {logging_mixin.py:190} INFO - [2025-07-02T01:49:02.302+0000] {dagbag.py:588} INFO - Filling up the DagBag from /opt/airflow/dags/driven_data_pipeline.py
[2025-07-02T01:49:02.447+0000] {processor.py:925} INFO - DAG(s) 'extract_raw_data_pipeline' retrieved from /opt/airflow/dags/driven_data_pipeline.py
[2025-07-02T01:49:02.470+0000] {logging_mixin.py:190} INFO - [2025-07-02T01:49:02.470+0000] {dag.py:3239} INFO - Sync 1 DAGs
[2025-07-02T01:49:02.490+0000] {logging_mixin.py:190} INFO - [2025-07-02T01:49:02.490+0000] {dag.py:4180} INFO - Setting next_dagrun for extract_raw_data_pipeline to 2025-07-01 07:59:00+00:00, run_after=2025-07-02 07:00:00+00:00
[2025-07-02T01:49:02.506+0000] {processor.py:208} INFO - Processing /opt/airflow/dags/driven_data_pipeline.py took 0.213 seconds
[2025-07-02T01:49:32.661+0000] {processor.py:186} INFO - Started process (PID=2607) to work on /opt/airflow/dags/driven_data_pipeline.py
[2025-07-02T01:49:32.663+0000] {processor.py:914} INFO - Processing file /opt/airflow/dags/driven_data_pipeline.py for tasks to queue
[2025-07-02T01:49:32.665+0000] {logging_mixin.py:190} INFO - [2025-07-02T01:49:32.664+0000] {dagbag.py:588} INFO - Filling up the DagBag from /opt/airflow/dags/driven_data_pipeline.py
[2025-07-02T01:49:32.938+0000] {processor.py:925} INFO - DAG(s) 'extract_raw_data_pipeline' retrieved from /opt/airflow/dags/driven_data_pipeline.py
[2025-07-02T01:49:32.963+0000] {logging_mixin.py:190} INFO - [2025-07-02T01:49:32.963+0000] {dag.py:3239} INFO - Sync 1 DAGs
[2025-07-02T01:49:32.988+0000] {logging_mixin.py:190} INFO - [2025-07-02T01:49:32.987+0000] {dag.py:4180} INFO - Setting next_dagrun for extract_raw_data_pipeline to 2025-07-01 07:59:00+00:00, run_after=2025-07-02 07:00:00+00:00
[2025-07-02T01:49:33.008+0000] {processor.py:208} INFO - Processing /opt/airflow/dags/driven_data_pipeline.py took 0.353 seconds
[2025-07-02T01:50:03.142+0000] {processor.py:186} INFO - Started process (PID=2615) to work on /opt/airflow/dags/driven_data_pipeline.py
[2025-07-02T01:50:03.143+0000] {processor.py:914} INFO - Processing file /opt/airflow/dags/driven_data_pipeline.py for tasks to queue
[2025-07-02T01:50:03.145+0000] {logging_mixin.py:190} INFO - [2025-07-02T01:50:03.144+0000] {dagbag.py:588} INFO - Filling up the DagBag from /opt/airflow/dags/driven_data_pipeline.py
[2025-07-02T01:50:03.282+0000] {processor.py:925} INFO - DAG(s) 'extract_raw_data_pipeline' retrieved from /opt/airflow/dags/driven_data_pipeline.py
[2025-07-02T01:50:03.304+0000] {logging_mixin.py:190} INFO - [2025-07-02T01:50:03.304+0000] {dag.py:3239} INFO - Sync 1 DAGs
[2025-07-02T01:50:03.324+0000] {logging_mixin.py:190} INFO - [2025-07-02T01:50:03.324+0000] {dag.py:4180} INFO - Setting next_dagrun for extract_raw_data_pipeline to 2025-07-01 07:59:00+00:00, run_after=2025-07-02 07:00:00+00:00
[2025-07-02T01:50:03.349+0000] {processor.py:208} INFO - Processing /opt/airflow/dags/driven_data_pipeline.py took 0.214 seconds
[2025-07-02T01:50:33.505+0000] {processor.py:186} INFO - Started process (PID=2623) to work on /opt/airflow/dags/driven_data_pipeline.py
[2025-07-02T01:50:33.506+0000] {processor.py:914} INFO - Processing file /opt/airflow/dags/driven_data_pipeline.py for tasks to queue
[2025-07-02T01:50:33.508+0000] {logging_mixin.py:190} INFO - [2025-07-02T01:50:33.507+0000] {dagbag.py:588} INFO - Filling up the DagBag from /opt/airflow/dags/driven_data_pipeline.py
[2025-07-02T01:50:33.677+0000] {processor.py:925} INFO - DAG(s) 'extract_raw_data_pipeline' retrieved from /opt/airflow/dags/driven_data_pipeline.py
[2025-07-02T01:50:33.702+0000] {logging_mixin.py:190} INFO - [2025-07-02T01:50:33.702+0000] {dag.py:3239} INFO - Sync 1 DAGs
[2025-07-02T01:50:33.733+0000] {logging_mixin.py:190} INFO - [2025-07-02T01:50:33.733+0000] {dag.py:4180} INFO - Setting next_dagrun for extract_raw_data_pipeline to 2025-07-01 07:59:00+00:00, run_after=2025-07-02 07:00:00+00:00
[2025-07-02T01:50:33.750+0000] {processor.py:208} INFO - Processing /opt/airflow/dags/driven_data_pipeline.py took 0.251 seconds
[2025-07-02T01:51:03.874+0000] {processor.py:186} INFO - Started process (PID=2631) to work on /opt/airflow/dags/driven_data_pipeline.py
[2025-07-02T01:51:03.876+0000] {processor.py:914} INFO - Processing file /opt/airflow/dags/driven_data_pipeline.py for tasks to queue
[2025-07-02T01:51:03.878+0000] {logging_mixin.py:190} INFO - [2025-07-02T01:51:03.878+0000] {dagbag.py:588} INFO - Filling up the DagBag from /opt/airflow/dags/driven_data_pipeline.py
[2025-07-02T01:51:04.039+0000] {processor.py:925} INFO - DAG(s) 'extract_raw_data_pipeline' retrieved from /opt/airflow/dags/driven_data_pipeline.py
[2025-07-02T01:51:04.067+0000] {logging_mixin.py:190} INFO - [2025-07-02T01:51:04.067+0000] {dag.py:3239} INFO - Sync 1 DAGs
[2025-07-02T01:51:04.088+0000] {logging_mixin.py:190} INFO - [2025-07-02T01:51:04.088+0000] {dag.py:4180} INFO - Setting next_dagrun for extract_raw_data_pipeline to 2025-07-01 07:59:00+00:00, run_after=2025-07-02 07:00:00+00:00
[2025-07-02T01:51:04.106+0000] {processor.py:208} INFO - Processing /opt/airflow/dags/driven_data_pipeline.py took 0.242 seconds
[2025-07-02T01:51:34.277+0000] {processor.py:186} INFO - Started process (PID=2639) to work on /opt/airflow/dags/driven_data_pipeline.py
[2025-07-02T01:51:34.278+0000] {processor.py:914} INFO - Processing file /opt/airflow/dags/driven_data_pipeline.py for tasks to queue
[2025-07-02T01:51:34.279+0000] {logging_mixin.py:190} INFO - [2025-07-02T01:51:34.279+0000] {dagbag.py:588} INFO - Filling up the DagBag from /opt/airflow/dags/driven_data_pipeline.py
[2025-07-02T01:51:34.423+0000] {processor.py:925} INFO - DAG(s) 'extract_raw_data_pipeline' retrieved from /opt/airflow/dags/driven_data_pipeline.py
[2025-07-02T01:51:34.446+0000] {logging_mixin.py:190} INFO - [2025-07-02T01:51:34.446+0000] {dag.py:3239} INFO - Sync 1 DAGs
[2025-07-02T01:51:34.471+0000] {logging_mixin.py:190} INFO - [2025-07-02T01:51:34.471+0000] {dag.py:4180} INFO - Setting next_dagrun for extract_raw_data_pipeline to 2025-07-01 07:59:00+00:00, run_after=2025-07-02 07:00:00+00:00
[2025-07-02T01:51:34.491+0000] {processor.py:208} INFO - Processing /opt/airflow/dags/driven_data_pipeline.py took 0.219 seconds
[2025-07-02T01:52:04.719+0000] {processor.py:186} INFO - Started process (PID=2647) to work on /opt/airflow/dags/driven_data_pipeline.py
[2025-07-02T01:52:04.720+0000] {processor.py:914} INFO - Processing file /opt/airflow/dags/driven_data_pipeline.py for tasks to queue
[2025-07-02T01:52:04.722+0000] {logging_mixin.py:190} INFO - [2025-07-02T01:52:04.721+0000] {dagbag.py:588} INFO - Filling up the DagBag from /opt/airflow/dags/driven_data_pipeline.py
[2025-07-02T01:52:04.864+0000] {processor.py:925} INFO - DAG(s) 'extract_raw_data_pipeline' retrieved from /opt/airflow/dags/driven_data_pipeline.py
[2025-07-02T01:52:04.889+0000] {logging_mixin.py:190} INFO - [2025-07-02T01:52:04.888+0000] {dag.py:3239} INFO - Sync 1 DAGs
[2025-07-02T01:52:04.911+0000] {logging_mixin.py:190} INFO - [2025-07-02T01:52:04.910+0000] {dag.py:4180} INFO - Setting next_dagrun for extract_raw_data_pipeline to 2025-07-01 07:59:00+00:00, run_after=2025-07-02 07:00:00+00:00
[2025-07-02T01:52:04.928+0000] {processor.py:208} INFO - Processing /opt/airflow/dags/driven_data_pipeline.py took 0.214 seconds
[2025-07-02T01:52:35.057+0000] {processor.py:186} INFO - Started process (PID=2656) to work on /opt/airflow/dags/driven_data_pipeline.py
[2025-07-02T01:52:35.058+0000] {processor.py:914} INFO - Processing file /opt/airflow/dags/driven_data_pipeline.py for tasks to queue
[2025-07-02T01:52:35.060+0000] {logging_mixin.py:190} INFO - [2025-07-02T01:52:35.059+0000] {dagbag.py:588} INFO - Filling up the DagBag from /opt/airflow/dags/driven_data_pipeline.py
[2025-07-02T01:52:35.252+0000] {processor.py:925} INFO - DAG(s) 'extract_raw_data_pipeline' retrieved from /opt/airflow/dags/driven_data_pipeline.py
[2025-07-02T01:52:35.274+0000] {logging_mixin.py:190} INFO - [2025-07-02T01:52:35.274+0000] {dag.py:3239} INFO - Sync 1 DAGs
[2025-07-02T01:52:35.297+0000] {logging_mixin.py:190} INFO - [2025-07-02T01:52:35.297+0000] {dag.py:4180} INFO - Setting next_dagrun for extract_raw_data_pipeline to 2025-07-01 07:59:00+00:00, run_after=2025-07-02 07:00:00+00:00
[2025-07-02T01:52:35.315+0000] {processor.py:208} INFO - Processing /opt/airflow/dags/driven_data_pipeline.py took 0.265 seconds
[2025-07-02T01:53:05.535+0000] {processor.py:186} INFO - Started process (PID=2664) to work on /opt/airflow/dags/driven_data_pipeline.py
[2025-07-02T01:53:05.536+0000] {processor.py:914} INFO - Processing file /opt/airflow/dags/driven_data_pipeline.py for tasks to queue
[2025-07-02T01:53:05.537+0000] {logging_mixin.py:190} INFO - [2025-07-02T01:53:05.537+0000] {dagbag.py:588} INFO - Filling up the DagBag from /opt/airflow/dags/driven_data_pipeline.py
[2025-07-02T01:53:05.675+0000] {processor.py:925} INFO - DAG(s) 'extract_raw_data_pipeline' retrieved from /opt/airflow/dags/driven_data_pipeline.py
[2025-07-02T01:53:05.700+0000] {logging_mixin.py:190} INFO - [2025-07-02T01:53:05.700+0000] {dag.py:3239} INFO - Sync 1 DAGs
[2025-07-02T01:53:05.720+0000] {logging_mixin.py:190} INFO - [2025-07-02T01:53:05.720+0000] {dag.py:4180} INFO - Setting next_dagrun for extract_raw_data_pipeline to 2025-07-01 07:59:00+00:00, run_after=2025-07-02 07:00:00+00:00
[2025-07-02T01:53:05.737+0000] {processor.py:208} INFO - Processing /opt/airflow/dags/driven_data_pipeline.py took 0.208 seconds
[2025-07-02T01:53:35.847+0000] {processor.py:186} INFO - Started process (PID=2672) to work on /opt/airflow/dags/driven_data_pipeline.py
[2025-07-02T01:53:35.849+0000] {processor.py:914} INFO - Processing file /opt/airflow/dags/driven_data_pipeline.py for tasks to queue
[2025-07-02T01:53:35.850+0000] {logging_mixin.py:190} INFO - [2025-07-02T01:53:35.850+0000] {dagbag.py:588} INFO - Filling up the DagBag from /opt/airflow/dags/driven_data_pipeline.py
[2025-07-02T01:53:35.993+0000] {processor.py:925} INFO - DAG(s) 'extract_raw_data_pipeline' retrieved from /opt/airflow/dags/driven_data_pipeline.py
[2025-07-02T01:53:36.018+0000] {logging_mixin.py:190} INFO - [2025-07-02T01:53:36.018+0000] {dag.py:3239} INFO - Sync 1 DAGs
[2025-07-02T01:53:36.040+0000] {logging_mixin.py:190} INFO - [2025-07-02T01:53:36.040+0000] {dag.py:4180} INFO - Setting next_dagrun for extract_raw_data_pipeline to 2025-07-01 07:59:00+00:00, run_after=2025-07-02 07:00:00+00:00
[2025-07-02T01:53:36.056+0000] {processor.py:208} INFO - Processing /opt/airflow/dags/driven_data_pipeline.py took 0.216 seconds
[2025-07-02T01:54:06.392+0000] {processor.py:186} INFO - Started process (PID=2684) to work on /opt/airflow/dags/driven_data_pipeline.py
[2025-07-02T01:54:06.394+0000] {processor.py:914} INFO - Processing file /opt/airflow/dags/driven_data_pipeline.py for tasks to queue
[2025-07-02T01:54:06.395+0000] {logging_mixin.py:190} INFO - [2025-07-02T01:54:06.395+0000] {dagbag.py:588} INFO - Filling up the DagBag from /opt/airflow/dags/driven_data_pipeline.py
[2025-07-02T01:54:06.542+0000] {processor.py:925} INFO - DAG(s) 'extract_raw_data_pipeline' retrieved from /opt/airflow/dags/driven_data_pipeline.py
[2025-07-02T01:54:06.563+0000] {logging_mixin.py:190} INFO - [2025-07-02T01:54:06.563+0000] {dag.py:3239} INFO - Sync 1 DAGs
[2025-07-02T01:54:06.585+0000] {logging_mixin.py:190} INFO - [2025-07-02T01:54:06.584+0000] {dag.py:4180} INFO - Setting next_dagrun for extract_raw_data_pipeline to 2025-07-01 07:59:00+00:00, run_after=2025-07-02 07:00:00+00:00
[2025-07-02T01:54:06.601+0000] {processor.py:208} INFO - Processing /opt/airflow/dags/driven_data_pipeline.py took 0.214 seconds
[2025-07-02T01:54:36.670+0000] {processor.py:186} INFO - Started process (PID=2692) to work on /opt/airflow/dags/driven_data_pipeline.py
[2025-07-02T01:54:36.671+0000] {processor.py:914} INFO - Processing file /opt/airflow/dags/driven_data_pipeline.py for tasks to queue
[2025-07-02T01:54:36.673+0000] {logging_mixin.py:190} INFO - [2025-07-02T01:54:36.673+0000] {dagbag.py:588} INFO - Filling up the DagBag from /opt/airflow/dags/driven_data_pipeline.py
[2025-07-02T01:54:36.822+0000] {processor.py:925} INFO - DAG(s) 'extract_raw_data_pipeline' retrieved from /opt/airflow/dags/driven_data_pipeline.py
[2025-07-02T01:54:36.846+0000] {logging_mixin.py:190} INFO - [2025-07-02T01:54:36.845+0000] {dag.py:3239} INFO - Sync 1 DAGs
[2025-07-02T01:54:36.865+0000] {logging_mixin.py:190} INFO - [2025-07-02T01:54:36.865+0000] {dag.py:4180} INFO - Setting next_dagrun for extract_raw_data_pipeline to 2025-07-01 07:59:00+00:00, run_after=2025-07-02 07:00:00+00:00
[2025-07-02T01:54:36.881+0000] {processor.py:208} INFO - Processing /opt/airflow/dags/driven_data_pipeline.py took 0.217 seconds
[2025-07-02T01:55:07.188+0000] {processor.py:186} INFO - Started process (PID=2700) to work on /opt/airflow/dags/driven_data_pipeline.py
[2025-07-02T01:55:07.189+0000] {processor.py:914} INFO - Processing file /opt/airflow/dags/driven_data_pipeline.py for tasks to queue
[2025-07-02T01:55:07.190+0000] {logging_mixin.py:190} INFO - [2025-07-02T01:55:07.190+0000] {dagbag.py:588} INFO - Filling up the DagBag from /opt/airflow/dags/driven_data_pipeline.py
[2025-07-02T01:55:07.327+0000] {processor.py:925} INFO - DAG(s) 'extract_raw_data_pipeline' retrieved from /opt/airflow/dags/driven_data_pipeline.py
[2025-07-02T01:55:07.347+0000] {logging_mixin.py:190} INFO - [2025-07-02T01:55:07.347+0000] {dag.py:3239} INFO - Sync 1 DAGs
[2025-07-02T01:55:07.364+0000] {logging_mixin.py:190} INFO - [2025-07-02T01:55:07.364+0000] {dag.py:4180} INFO - Setting next_dagrun for extract_raw_data_pipeline to 2025-07-01 07:59:00+00:00, run_after=2025-07-02 07:00:00+00:00
[2025-07-02T01:55:07.379+0000] {processor.py:208} INFO - Processing /opt/airflow/dags/driven_data_pipeline.py took 0.197 seconds
[2025-07-02T01:55:37.460+0000] {processor.py:186} INFO - Started process (PID=2708) to work on /opt/airflow/dags/driven_data_pipeline.py
[2025-07-02T01:55:37.462+0000] {processor.py:914} INFO - Processing file /opt/airflow/dags/driven_data_pipeline.py for tasks to queue
[2025-07-02T01:55:37.465+0000] {logging_mixin.py:190} INFO - [2025-07-02T01:55:37.464+0000] {dagbag.py:588} INFO - Filling up the DagBag from /opt/airflow/dags/driven_data_pipeline.py
[2025-07-02T01:55:37.611+0000] {processor.py:925} INFO - DAG(s) 'extract_raw_data_pipeline' retrieved from /opt/airflow/dags/driven_data_pipeline.py
[2025-07-02T01:55:37.631+0000] {logging_mixin.py:190} INFO - [2025-07-02T01:55:37.631+0000] {dag.py:3239} INFO - Sync 1 DAGs
[2025-07-02T01:55:37.654+0000] {logging_mixin.py:190} INFO - [2025-07-02T01:55:37.654+0000] {dag.py:4180} INFO - Setting next_dagrun for extract_raw_data_pipeline to 2025-07-01 07:59:00+00:00, run_after=2025-07-02 07:00:00+00:00
[2025-07-02T01:55:37.670+0000] {processor.py:208} INFO - Processing /opt/airflow/dags/driven_data_pipeline.py took 0.221 seconds
[2025-07-02T01:56:08.004+0000] {processor.py:186} INFO - Started process (PID=2716) to work on /opt/airflow/dags/driven_data_pipeline.py
[2025-07-02T01:56:08.005+0000] {processor.py:914} INFO - Processing file /opt/airflow/dags/driven_data_pipeline.py for tasks to queue
[2025-07-02T01:56:08.006+0000] {logging_mixin.py:190} INFO - [2025-07-02T01:56:08.006+0000] {dagbag.py:588} INFO - Filling up the DagBag from /opt/airflow/dags/driven_data_pipeline.py
[2025-07-02T01:56:08.141+0000] {processor.py:925} INFO - DAG(s) 'extract_raw_data_pipeline' retrieved from /opt/airflow/dags/driven_data_pipeline.py
[2025-07-02T01:56:08.160+0000] {logging_mixin.py:190} INFO - [2025-07-02T01:56:08.160+0000] {dag.py:3239} INFO - Sync 1 DAGs
[2025-07-02T01:56:08.178+0000] {logging_mixin.py:190} INFO - [2025-07-02T01:56:08.178+0000] {dag.py:4180} INFO - Setting next_dagrun for extract_raw_data_pipeline to 2025-07-01 07:59:00+00:00, run_after=2025-07-02 07:00:00+00:00
[2025-07-02T01:56:08.196+0000] {processor.py:208} INFO - Processing /opt/airflow/dags/driven_data_pipeline.py took 0.197 seconds
[2025-07-02T01:56:38.359+0000] {processor.py:186} INFO - Started process (PID=2724) to work on /opt/airflow/dags/driven_data_pipeline.py
[2025-07-02T01:56:38.360+0000] {processor.py:914} INFO - Processing file /opt/airflow/dags/driven_data_pipeline.py for tasks to queue
[2025-07-02T01:56:38.362+0000] {logging_mixin.py:190} INFO - [2025-07-02T01:56:38.361+0000] {dagbag.py:588} INFO - Filling up the DagBag from /opt/airflow/dags/driven_data_pipeline.py
[2025-07-02T01:56:38.518+0000] {processor.py:925} INFO - DAG(s) 'extract_raw_data_pipeline' retrieved from /opt/airflow/dags/driven_data_pipeline.py
[2025-07-02T01:56:38.542+0000] {logging_mixin.py:190} INFO - [2025-07-02T01:56:38.542+0000] {dag.py:3239} INFO - Sync 1 DAGs
[2025-07-02T01:56:38.566+0000] {logging_mixin.py:190} INFO - [2025-07-02T01:56:38.566+0000] {dag.py:4180} INFO - Setting next_dagrun for extract_raw_data_pipeline to 2025-07-01 07:59:00+00:00, run_after=2025-07-02 07:00:00+00:00
[2025-07-02T01:56:38.585+0000] {processor.py:208} INFO - Processing /opt/airflow/dags/driven_data_pipeline.py took 0.233 seconds
[2025-07-02T01:56:47.698+0000] {processor.py:186} INFO - Started process (PID=2726) to work on /opt/airflow/dags/driven_data_pipeline.py
[2025-07-02T01:56:47.699+0000] {processor.py:914} INFO - Processing file /opt/airflow/dags/driven_data_pipeline.py for tasks to queue
[2025-07-02T01:56:47.700+0000] {logging_mixin.py:190} INFO - [2025-07-02T01:56:47.700+0000] {dagbag.py:588} INFO - Filling up the DagBag from /opt/airflow/dags/driven_data_pipeline.py
[2025-07-02T01:56:47.858+0000] {processor.py:925} INFO - DAG(s) 'extract_raw_data_pipeline' retrieved from /opt/airflow/dags/driven_data_pipeline.py
[2025-07-02T01:56:47.881+0000] {logging_mixin.py:190} INFO - [2025-07-02T01:56:47.881+0000] {dag.py:3239} INFO - Sync 1 DAGs
[2025-07-02T01:56:47.901+0000] {logging_mixin.py:190} INFO - [2025-07-02T01:56:47.901+0000] {dag.py:4180} INFO - Setting next_dagrun for extract_raw_data_pipeline to 2025-07-01 07:59:00+00:00, run_after=2025-07-02 07:00:00+00:00
[2025-07-02T01:56:47.922+0000] {processor.py:208} INFO - Processing /opt/airflow/dags/driven_data_pipeline.py took 0.230 seconds
[2025-07-02T01:57:17.960+0000] {processor.py:186} INFO - Started process (PID=2734) to work on /opt/airflow/dags/driven_data_pipeline.py
[2025-07-02T01:57:17.961+0000] {processor.py:914} INFO - Processing file /opt/airflow/dags/driven_data_pipeline.py for tasks to queue
[2025-07-02T01:57:17.962+0000] {logging_mixin.py:190} INFO - [2025-07-02T01:57:17.962+0000] {dagbag.py:588} INFO - Filling up the DagBag from /opt/airflow/dags/driven_data_pipeline.py
[2025-07-02T01:57:18.119+0000] {processor.py:925} INFO - DAG(s) 'extract_raw_data_pipeline' retrieved from /opt/airflow/dags/driven_data_pipeline.py
[2025-07-02T01:57:18.144+0000] {logging_mixin.py:190} INFO - [2025-07-02T01:57:18.144+0000] {dag.py:3239} INFO - Sync 1 DAGs
[2025-07-02T01:57:18.170+0000] {logging_mixin.py:190} INFO - [2025-07-02T01:57:18.169+0000] {dag.py:4180} INFO - Setting next_dagrun for extract_raw_data_pipeline to 2025-07-01 07:59:00+00:00, run_after=2025-07-02 07:00:00+00:00
[2025-07-02T01:57:18.185+0000] {processor.py:208} INFO - Processing /opt/airflow/dags/driven_data_pipeline.py took 0.233 seconds
[2025-07-02T01:58:38.320+0000] {processor.py:186} INFO - Started process (PID=56) to work on /opt/airflow/dags/driven_data_pipeline.py
[2025-07-02T01:58:38.321+0000] {processor.py:914} INFO - Processing file /opt/airflow/dags/driven_data_pipeline.py for tasks to queue
[2025-07-02T01:58:38.323+0000] {logging_mixin.py:190} INFO - [2025-07-02T01:58:38.322+0000] {dagbag.py:588} INFO - Filling up the DagBag from /opt/airflow/dags/driven_data_pipeline.py
[2025-07-02T01:58:38.643+0000] {processor.py:925} INFO - DAG(s) 'extract_raw_data_pipeline' retrieved from /opt/airflow/dags/driven_data_pipeline.py
[2025-07-02T01:58:38.674+0000] {logging_mixin.py:190} INFO - [2025-07-02T01:58:38.674+0000] {dag.py:3239} INFO - Sync 1 DAGs
[2025-07-02T01:58:38.692+0000] {logging_mixin.py:190} INFO - [2025-07-02T01:58:38.692+0000] {dag.py:4180} INFO - Setting next_dagrun for extract_raw_data_pipeline to 2025-07-01 07:59:00+00:00, run_after=2025-07-02 07:00:00+00:00
[2025-07-02T01:58:38.714+0000] {processor.py:208} INFO - Processing /opt/airflow/dags/driven_data_pipeline.py took 0.399 seconds
[2025-07-02T01:59:09.017+0000] {processor.py:186} INFO - Started process (PID=64) to work on /opt/airflow/dags/driven_data_pipeline.py
[2025-07-02T01:59:09.018+0000] {processor.py:914} INFO - Processing file /opt/airflow/dags/driven_data_pipeline.py for tasks to queue
[2025-07-02T01:59:09.021+0000] {logging_mixin.py:190} INFO - [2025-07-02T01:59:09.021+0000] {dagbag.py:588} INFO - Filling up the DagBag from /opt/airflow/dags/driven_data_pipeline.py
[2025-07-02T01:59:09.402+0000] {processor.py:925} INFO - DAG(s) 'extract_raw_data_pipeline' retrieved from /opt/airflow/dags/driven_data_pipeline.py
[2025-07-02T01:59:09.444+0000] {logging_mixin.py:190} INFO - [2025-07-02T01:59:09.444+0000] {dag.py:3239} INFO - Sync 1 DAGs
[2025-07-02T01:59:09.487+0000] {logging_mixin.py:190} INFO - [2025-07-02T01:59:09.487+0000] {dag.py:4180} INFO - Setting next_dagrun for extract_raw_data_pipeline to 2025-07-01 07:59:00+00:00, run_after=2025-07-02 07:00:00+00:00
[2025-07-02T01:59:09.521+0000] {processor.py:208} INFO - Processing /opt/airflow/dags/driven_data_pipeline.py took 0.510 seconds
[2025-07-02T01:59:39.914+0000] {processor.py:186} INFO - Started process (PID=76) to work on /opt/airflow/dags/driven_data_pipeline.py
[2025-07-02T01:59:39.915+0000] {processor.py:914} INFO - Processing file /opt/airflow/dags/driven_data_pipeline.py for tasks to queue
[2025-07-02T01:59:39.917+0000] {logging_mixin.py:190} INFO - [2025-07-02T01:59:39.917+0000] {dagbag.py:588} INFO - Filling up the DagBag from /opt/airflow/dags/driven_data_pipeline.py
[2025-07-02T01:59:40.213+0000] {processor.py:925} INFO - DAG(s) 'extract_raw_data_pipeline' retrieved from /opt/airflow/dags/driven_data_pipeline.py
[2025-07-02T01:59:40.236+0000] {logging_mixin.py:190} INFO - [2025-07-02T01:59:40.235+0000] {dag.py:3239} INFO - Sync 1 DAGs
[2025-07-02T01:59:40.255+0000] {logging_mixin.py:190} INFO - [2025-07-02T01:59:40.255+0000] {dag.py:4180} INFO - Setting next_dagrun for extract_raw_data_pipeline to 2025-07-01 07:59:00+00:00, run_after=2025-07-02 07:00:00+00:00
[2025-07-02T01:59:40.278+0000] {processor.py:208} INFO - Processing /opt/airflow/dags/driven_data_pipeline.py took 0.370 seconds
[2025-07-02T02:01:28.950+0000] {processor.py:186} INFO - Started process (PID=50) to work on /opt/airflow/dags/driven_data_pipeline.py
[2025-07-02T02:01:28.951+0000] {processor.py:914} INFO - Processing file /opt/airflow/dags/driven_data_pipeline.py for tasks to queue
[2025-07-02T02:01:28.953+0000] {logging_mixin.py:190} INFO - [2025-07-02T02:01:28.952+0000] {dagbag.py:588} INFO - Filling up the DagBag from /opt/airflow/dags/driven_data_pipeline.py
[2025-07-02T02:01:29.324+0000] {processor.py:925} INFO - DAG(s) 'extract_raw_data_pipeline' retrieved from /opt/airflow/dags/driven_data_pipeline.py
[2025-07-02T02:01:29.355+0000] {logging_mixin.py:190} INFO - [2025-07-02T02:01:29.354+0000] {dag.py:3239} INFO - Sync 1 DAGs
[2025-07-02T02:01:29.381+0000] {logging_mixin.py:190} INFO - [2025-07-02T02:01:29.381+0000] {dag.py:4180} INFO - Setting next_dagrun for extract_raw_data_pipeline to 2025-07-01 07:59:00+00:00, run_after=2025-07-02 07:00:00+00:00
[2025-07-02T02:01:29.408+0000] {processor.py:208} INFO - Processing /opt/airflow/dags/driven_data_pipeline.py took 0.463 seconds
[2025-07-02T02:01:59.725+0000] {processor.py:186} INFO - Started process (PID=64) to work on /opt/airflow/dags/driven_data_pipeline.py
[2025-07-02T02:01:59.726+0000] {processor.py:914} INFO - Processing file /opt/airflow/dags/driven_data_pipeline.py for tasks to queue
[2025-07-02T02:01:59.729+0000] {logging_mixin.py:190} INFO - [2025-07-02T02:01:59.728+0000] {dagbag.py:588} INFO - Filling up the DagBag from /opt/airflow/dags/driven_data_pipeline.py
[2025-07-02T02:02:00.021+0000] {processor.py:925} INFO - DAG(s) 'extract_raw_data_pipeline' retrieved from /opt/airflow/dags/driven_data_pipeline.py
[2025-07-02T02:02:00.040+0000] {logging_mixin.py:190} INFO - [2025-07-02T02:02:00.039+0000] {dag.py:3239} INFO - Sync 1 DAGs
[2025-07-02T02:02:00.056+0000] {logging_mixin.py:190} INFO - [2025-07-02T02:02:00.056+0000] {dag.py:4180} INFO - Setting next_dagrun for extract_raw_data_pipeline to 2025-07-01 07:59:00+00:00, run_after=2025-07-02 07:00:00+00:00
[2025-07-02T02:02:00.075+0000] {processor.py:208} INFO - Processing /opt/airflow/dags/driven_data_pipeline.py took 0.356 seconds
[2025-07-02T02:02:30.435+0000] {processor.py:186} INFO - Started process (PID=72) to work on /opt/airflow/dags/driven_data_pipeline.py
[2025-07-02T02:02:30.437+0000] {processor.py:914} INFO - Processing file /opt/airflow/dags/driven_data_pipeline.py for tasks to queue
[2025-07-02T02:02:30.439+0000] {logging_mixin.py:190} INFO - [2025-07-02T02:02:30.439+0000] {dagbag.py:588} INFO - Filling up the DagBag from /opt/airflow/dags/driven_data_pipeline.py
[2025-07-02T02:02:30.756+0000] {processor.py:925} INFO - DAG(s) 'extract_raw_data_pipeline' retrieved from /opt/airflow/dags/driven_data_pipeline.py
[2025-07-02T02:02:30.780+0000] {logging_mixin.py:190} INFO - [2025-07-02T02:02:30.779+0000] {dag.py:3239} INFO - Sync 1 DAGs
[2025-07-02T02:02:30.796+0000] {logging_mixin.py:190} INFO - [2025-07-02T02:02:30.795+0000] {dag.py:4180} INFO - Setting next_dagrun for extract_raw_data_pipeline to 2025-07-01 07:59:00+00:00, run_after=2025-07-02 07:00:00+00:00
[2025-07-02T02:02:30.809+0000] {processor.py:208} INFO - Processing /opt/airflow/dags/driven_data_pipeline.py took 0.379 seconds
[2025-07-02T02:03:01.168+0000] {processor.py:186} INFO - Started process (PID=84) to work on /opt/airflow/dags/driven_data_pipeline.py
[2025-07-02T02:03:01.169+0000] {processor.py:914} INFO - Processing file /opt/airflow/dags/driven_data_pipeline.py for tasks to queue
[2025-07-02T02:03:01.188+0000] {logging_mixin.py:190} INFO - [2025-07-02T02:03:01.188+0000] {dagbag.py:588} INFO - Filling up the DagBag from /opt/airflow/dags/driven_data_pipeline.py
[2025-07-02T02:03:01.508+0000] {processor.py:925} INFO - DAG(s) 'extract_raw_data_pipeline' retrieved from /opt/airflow/dags/driven_data_pipeline.py
[2025-07-02T02:03:01.529+0000] {logging_mixin.py:190} INFO - [2025-07-02T02:03:01.528+0000] {dag.py:3239} INFO - Sync 1 DAGs
[2025-07-02T02:03:01.548+0000] {logging_mixin.py:190} INFO - [2025-07-02T02:03:01.548+0000] {dag.py:4180} INFO - Setting next_dagrun for extract_raw_data_pipeline to 2025-07-01 07:59:00+00:00, run_after=2025-07-02 07:00:00+00:00
[2025-07-02T02:03:01.564+0000] {processor.py:208} INFO - Processing /opt/airflow/dags/driven_data_pipeline.py took 0.401 seconds
[2025-07-02T02:03:31.841+0000] {processor.py:186} INFO - Started process (PID=92) to work on /opt/airflow/dags/driven_data_pipeline.py
[2025-07-02T02:03:31.842+0000] {processor.py:914} INFO - Processing file /opt/airflow/dags/driven_data_pipeline.py for tasks to queue
[2025-07-02T02:03:31.845+0000] {logging_mixin.py:190} INFO - [2025-07-02T02:03:31.845+0000] {dagbag.py:588} INFO - Filling up the DagBag from /opt/airflow/dags/driven_data_pipeline.py
[2025-07-02T02:03:32.165+0000] {processor.py:925} INFO - DAG(s) 'extract_raw_data_pipeline' retrieved from /opt/airflow/dags/driven_data_pipeline.py
[2025-07-02T02:03:32.184+0000] {logging_mixin.py:190} INFO - [2025-07-02T02:03:32.183+0000] {dag.py:3239} INFO - Sync 1 DAGs
[2025-07-02T02:03:32.200+0000] {logging_mixin.py:190} INFO - [2025-07-02T02:03:32.200+0000] {dag.py:4180} INFO - Setting next_dagrun for extract_raw_data_pipeline to 2025-07-01 07:59:00+00:00, run_after=2025-07-02 07:00:00+00:00
[2025-07-02T02:03:32.215+0000] {processor.py:208} INFO - Processing /opt/airflow/dags/driven_data_pipeline.py took 0.379 seconds
[2025-07-02T02:04:02.487+0000] {processor.py:186} INFO - Started process (PID=101) to work on /opt/airflow/dags/driven_data_pipeline.py
[2025-07-02T02:04:02.488+0000] {processor.py:914} INFO - Processing file /opt/airflow/dags/driven_data_pipeline.py for tasks to queue
[2025-07-02T02:04:02.490+0000] {logging_mixin.py:190} INFO - [2025-07-02T02:04:02.490+0000] {dagbag.py:588} INFO - Filling up the DagBag from /opt/airflow/dags/driven_data_pipeline.py
[2025-07-02T02:04:02.787+0000] {processor.py:925} INFO - DAG(s) 'extract_raw_data_pipeline' retrieved from /opt/airflow/dags/driven_data_pipeline.py
[2025-07-02T02:04:02.805+0000] {logging_mixin.py:190} INFO - [2025-07-02T02:04:02.805+0000] {dag.py:3239} INFO - Sync 1 DAGs
[2025-07-02T02:04:02.823+0000] {logging_mixin.py:190} INFO - [2025-07-02T02:04:02.822+0000] {dag.py:4180} INFO - Setting next_dagrun for extract_raw_data_pipeline to 2025-07-01 07:59:00+00:00, run_after=2025-07-02 07:00:00+00:00
[2025-07-02T02:04:02.836+0000] {processor.py:208} INFO - Processing /opt/airflow/dags/driven_data_pipeline.py took 0.355 seconds
[2025-07-02T02:04:33.222+0000] {processor.py:186} INFO - Started process (PID=109) to work on /opt/airflow/dags/driven_data_pipeline.py
[2025-07-02T02:04:33.223+0000] {processor.py:914} INFO - Processing file /opt/airflow/dags/driven_data_pipeline.py for tasks to queue
[2025-07-02T02:04:33.226+0000] {logging_mixin.py:190} INFO - [2025-07-02T02:04:33.225+0000] {dagbag.py:588} INFO - Filling up the DagBag from /opt/airflow/dags/driven_data_pipeline.py
[2025-07-02T02:04:33.579+0000] {processor.py:925} INFO - DAG(s) 'extract_raw_data_pipeline' retrieved from /opt/airflow/dags/driven_data_pipeline.py
[2025-07-02T02:04:33.599+0000] {logging_mixin.py:190} INFO - [2025-07-02T02:04:33.599+0000] {dag.py:3239} INFO - Sync 1 DAGs
[2025-07-02T02:04:33.616+0000] {logging_mixin.py:190} INFO - [2025-07-02T02:04:33.616+0000] {dag.py:4180} INFO - Setting next_dagrun for extract_raw_data_pipeline to 2025-07-01 07:59:00+00:00, run_after=2025-07-02 07:00:00+00:00
[2025-07-02T02:04:33.631+0000] {processor.py:208} INFO - Processing /opt/airflow/dags/driven_data_pipeline.py took 0.417 seconds
[2025-07-02T02:05:04.002+0000] {processor.py:186} INFO - Started process (PID=117) to work on /opt/airflow/dags/driven_data_pipeline.py
[2025-07-02T02:05:04.003+0000] {processor.py:914} INFO - Processing file /opt/airflow/dags/driven_data_pipeline.py for tasks to queue
[2025-07-02T02:05:04.005+0000] {logging_mixin.py:190} INFO - [2025-07-02T02:05:04.005+0000] {dagbag.py:588} INFO - Filling up the DagBag from /opt/airflow/dags/driven_data_pipeline.py
[2025-07-02T02:05:04.282+0000] {processor.py:925} INFO - DAG(s) 'extract_raw_data_pipeline' retrieved from /opt/airflow/dags/driven_data_pipeline.py
[2025-07-02T02:05:04.300+0000] {logging_mixin.py:190} INFO - [2025-07-02T02:05:04.299+0000] {dag.py:3239} INFO - Sync 1 DAGs
[2025-07-02T02:05:04.315+0000] {logging_mixin.py:190} INFO - [2025-07-02T02:05:04.315+0000] {dag.py:4180} INFO - Setting next_dagrun for extract_raw_data_pipeline to 2025-07-01 07:59:00+00:00, run_after=2025-07-02 07:00:00+00:00
[2025-07-02T02:05:04.329+0000] {processor.py:208} INFO - Processing /opt/airflow/dags/driven_data_pipeline.py took 0.333 seconds
[2025-07-02T02:05:34.663+0000] {processor.py:186} INFO - Started process (PID=125) to work on /opt/airflow/dags/driven_data_pipeline.py
[2025-07-02T02:05:34.664+0000] {processor.py:914} INFO - Processing file /opt/airflow/dags/driven_data_pipeline.py for tasks to queue
[2025-07-02T02:05:34.666+0000] {logging_mixin.py:190} INFO - [2025-07-02T02:05:34.665+0000] {dagbag.py:588} INFO - Filling up the DagBag from /opt/airflow/dags/driven_data_pipeline.py
[2025-07-02T02:05:34.980+0000] {processor.py:925} INFO - DAG(s) 'extract_raw_data_pipeline' retrieved from /opt/airflow/dags/driven_data_pipeline.py
[2025-07-02T02:05:35.000+0000] {logging_mixin.py:190} INFO - [2025-07-02T02:05:34.999+0000] {dag.py:3239} INFO - Sync 1 DAGs
[2025-07-02T02:05:35.019+0000] {logging_mixin.py:190} INFO - [2025-07-02T02:05:35.019+0000] {dag.py:4180} INFO - Setting next_dagrun for extract_raw_data_pipeline to 2025-07-01 07:59:00+00:00, run_after=2025-07-02 07:00:00+00:00
[2025-07-02T02:05:35.035+0000] {processor.py:208} INFO - Processing /opt/airflow/dags/driven_data_pipeline.py took 0.378 seconds
[2025-07-02T02:06:00.912+0000] {processor.py:186} INFO - Started process (PID=133) to work on /opt/airflow/dags/driven_data_pipeline.py
[2025-07-02T02:06:00.913+0000] {processor.py:914} INFO - Processing file /opt/airflow/dags/driven_data_pipeline.py for tasks to queue
[2025-07-02T02:06:00.915+0000] {logging_mixin.py:190} INFO - [2025-07-02T02:06:00.915+0000] {dagbag.py:588} INFO - Filling up the DagBag from /opt/airflow/dags/driven_data_pipeline.py
[2025-07-02T02:06:01.214+0000] {processor.py:925} INFO - DAG(s) 'extract_raw_data_pipeline' retrieved from /opt/airflow/dags/driven_data_pipeline.py
[2025-07-02T02:06:01.235+0000] {logging_mixin.py:190} INFO - [2025-07-02T02:06:01.234+0000] {dag.py:3239} INFO - Sync 1 DAGs
[2025-07-02T02:06:01.253+0000] {logging_mixin.py:190} INFO - [2025-07-02T02:06:01.252+0000] {dag.py:4180} INFO - Setting next_dagrun for extract_raw_data_pipeline to 2025-07-01 07:59:00+00:00, run_after=2025-07-02 07:00:00+00:00
[2025-07-02T02:06:01.270+0000] {processor.py:208} INFO - Processing /opt/airflow/dags/driven_data_pipeline.py took 0.363 seconds
[2025-07-02T02:06:31.574+0000] {processor.py:186} INFO - Started process (PID=141) to work on /opt/airflow/dags/driven_data_pipeline.py
[2025-07-02T02:06:31.574+0000] {processor.py:914} INFO - Processing file /opt/airflow/dags/driven_data_pipeline.py for tasks to queue
[2025-07-02T02:06:31.577+0000] {logging_mixin.py:190} INFO - [2025-07-02T02:06:31.576+0000] {dagbag.py:588} INFO - Filling up the DagBag from /opt/airflow/dags/driven_data_pipeline.py
[2025-07-02T02:06:31.892+0000] {processor.py:925} INFO - DAG(s) 'extract_raw_data_pipeline' retrieved from /opt/airflow/dags/driven_data_pipeline.py
[2025-07-02T02:06:31.912+0000] {logging_mixin.py:190} INFO - [2025-07-02T02:06:31.911+0000] {dag.py:3239} INFO - Sync 1 DAGs
[2025-07-02T02:06:31.930+0000] {logging_mixin.py:190} INFO - [2025-07-02T02:06:31.930+0000] {dag.py:4180} INFO - Setting next_dagrun for extract_raw_data_pipeline to 2025-07-01 07:59:00+00:00, run_after=2025-07-02 07:00:00+00:00
[2025-07-02T02:06:31.945+0000] {processor.py:208} INFO - Processing /opt/airflow/dags/driven_data_pipeline.py took 0.376 seconds
[2025-07-02T02:07:31.489+0000] {processor.py:186} INFO - Started process (PID=50) to work on /opt/airflow/dags/driven_data_pipeline.py
[2025-07-02T02:07:31.490+0000] {processor.py:914} INFO - Processing file /opt/airflow/dags/driven_data_pipeline.py for tasks to queue
[2025-07-02T02:07:31.492+0000] {logging_mixin.py:190} INFO - [2025-07-02T02:07:31.491+0000] {dagbag.py:588} INFO - Filling up the DagBag from /opt/airflow/dags/driven_data_pipeline.py
[2025-07-02T02:07:31.813+0000] {processor.py:925} INFO - DAG(s) 'extract_raw_data_pipeline' retrieved from /opt/airflow/dags/driven_data_pipeline.py
[2025-07-02T02:07:31.850+0000] {logging_mixin.py:190} INFO - [2025-07-02T02:07:31.849+0000] {dag.py:3239} INFO - Sync 1 DAGs
[2025-07-02T02:07:31.873+0000] {logging_mixin.py:190} INFO - [2025-07-02T02:07:31.873+0000] {dag.py:4180} INFO - Setting next_dagrun for extract_raw_data_pipeline to 2025-07-01 07:59:00+00:00, run_after=2025-07-02 07:00:00+00:00
[2025-07-02T02:07:31.897+0000] {processor.py:208} INFO - Processing /opt/airflow/dags/driven_data_pipeline.py took 0.414 seconds
[2025-07-02T02:08:02.212+0000] {processor.py:186} INFO - Started process (PID=64) to work on /opt/airflow/dags/driven_data_pipeline.py
[2025-07-02T02:08:02.214+0000] {processor.py:914} INFO - Processing file /opt/airflow/dags/driven_data_pipeline.py for tasks to queue
[2025-07-02T02:08:02.219+0000] {logging_mixin.py:190} INFO - [2025-07-02T02:08:02.218+0000] {dagbag.py:588} INFO - Filling up the DagBag from /opt/airflow/dags/driven_data_pipeline.py
[2025-07-02T02:08:02.535+0000] {processor.py:925} INFO - DAG(s) 'extract_raw_data_pipeline' retrieved from /opt/airflow/dags/driven_data_pipeline.py
[2025-07-02T02:08:02.556+0000] {logging_mixin.py:190} INFO - [2025-07-02T02:08:02.556+0000] {dag.py:3239} INFO - Sync 1 DAGs
[2025-07-02T02:08:02.574+0000] {logging_mixin.py:190} INFO - [2025-07-02T02:08:02.573+0000] {dag.py:4180} INFO - Setting next_dagrun for extract_raw_data_pipeline to 2025-07-01 07:59:00+00:00, run_after=2025-07-02 07:00:00+00:00
[2025-07-02T02:08:02.587+0000] {processor.py:208} INFO - Processing /opt/airflow/dags/driven_data_pipeline.py took 0.383 seconds
[2025-07-02T02:08:32.837+0000] {processor.py:186} INFO - Started process (PID=72) to work on /opt/airflow/dags/driven_data_pipeline.py
[2025-07-02T02:08:32.839+0000] {processor.py:914} INFO - Processing file /opt/airflow/dags/driven_data_pipeline.py for tasks to queue
[2025-07-02T02:08:32.841+0000] {logging_mixin.py:190} INFO - [2025-07-02T02:08:32.841+0000] {dagbag.py:588} INFO - Filling up the DagBag from /opt/airflow/dags/driven_data_pipeline.py
[2025-07-02T02:08:33.136+0000] {processor.py:925} INFO - DAG(s) 'extract_raw_data_pipeline' retrieved from /opt/airflow/dags/driven_data_pipeline.py
[2025-07-02T02:08:33.156+0000] {logging_mixin.py:190} INFO - [2025-07-02T02:08:33.156+0000] {dag.py:3239} INFO - Sync 1 DAGs
[2025-07-02T02:08:33.174+0000] {logging_mixin.py:190} INFO - [2025-07-02T02:08:33.174+0000] {dag.py:4180} INFO - Setting next_dagrun for extract_raw_data_pipeline to 2025-07-01 07:59:00+00:00, run_after=2025-07-02 07:00:00+00:00
[2025-07-02T02:08:33.191+0000] {processor.py:208} INFO - Processing /opt/airflow/dags/driven_data_pipeline.py took 0.361 seconds
[2025-07-02T02:09:03.448+0000] {processor.py:186} INFO - Started process (PID=84) to work on /opt/airflow/dags/driven_data_pipeline.py
[2025-07-02T02:09:03.449+0000] {processor.py:914} INFO - Processing file /opt/airflow/dags/driven_data_pipeline.py for tasks to queue
[2025-07-02T02:09:03.453+0000] {logging_mixin.py:190} INFO - [2025-07-02T02:09:03.453+0000] {dagbag.py:588} INFO - Filling up the DagBag from /opt/airflow/dags/driven_data_pipeline.py
[2025-07-02T02:09:03.745+0000] {processor.py:925} INFO - DAG(s) 'extract_raw_data_pipeline' retrieved from /opt/airflow/dags/driven_data_pipeline.py
[2025-07-02T02:09:03.765+0000] {logging_mixin.py:190} INFO - [2025-07-02T02:09:03.765+0000] {dag.py:3239} INFO - Sync 1 DAGs
[2025-07-02T02:09:03.780+0000] {logging_mixin.py:190} INFO - [2025-07-02T02:09:03.780+0000] {dag.py:4180} INFO - Setting next_dagrun for extract_raw_data_pipeline to 2025-07-01 07:59:00+00:00, run_after=2025-07-02 07:00:00+00:00
[2025-07-02T02:09:03.794+0000] {processor.py:208} INFO - Processing /opt/airflow/dags/driven_data_pipeline.py took 0.353 seconds
[2025-07-02T02:09:34.062+0000] {processor.py:186} INFO - Started process (PID=92) to work on /opt/airflow/dags/driven_data_pipeline.py
[2025-07-02T02:09:34.063+0000] {processor.py:914} INFO - Processing file /opt/airflow/dags/driven_data_pipeline.py for tasks to queue
[2025-07-02T02:09:34.065+0000] {logging_mixin.py:190} INFO - [2025-07-02T02:09:34.065+0000] {dagbag.py:588} INFO - Filling up the DagBag from /opt/airflow/dags/driven_data_pipeline.py
[2025-07-02T02:09:34.369+0000] {processor.py:925} INFO - DAG(s) 'extract_raw_data_pipeline' retrieved from /opt/airflow/dags/driven_data_pipeline.py
[2025-07-02T02:09:34.388+0000] {logging_mixin.py:190} INFO - [2025-07-02T02:09:34.388+0000] {dag.py:3239} INFO - Sync 1 DAGs
[2025-07-02T02:09:34.405+0000] {logging_mixin.py:190} INFO - [2025-07-02T02:09:34.405+0000] {dag.py:4180} INFO - Setting next_dagrun for extract_raw_data_pipeline to 2025-07-01 07:59:00+00:00, run_after=2025-07-02 07:00:00+00:00
[2025-07-02T02:09:34.423+0000] {processor.py:208} INFO - Processing /opt/airflow/dags/driven_data_pipeline.py took 0.366 seconds
[2025-07-02T02:10:04.735+0000] {processor.py:186} INFO - Started process (PID=100) to work on /opt/airflow/dags/driven_data_pipeline.py
[2025-07-02T02:10:04.736+0000] {processor.py:914} INFO - Processing file /opt/airflow/dags/driven_data_pipeline.py for tasks to queue
[2025-07-02T02:10:04.739+0000] {logging_mixin.py:190} INFO - [2025-07-02T02:10:04.738+0000] {dagbag.py:588} INFO - Filling up the DagBag from /opt/airflow/dags/driven_data_pipeline.py
[2025-07-02T02:10:05.058+0000] {processor.py:925} INFO - DAG(s) 'extract_raw_data_pipeline' retrieved from /opt/airflow/dags/driven_data_pipeline.py
[2025-07-02T02:10:05.076+0000] {logging_mixin.py:190} INFO - [2025-07-02T02:10:05.076+0000] {dag.py:3239} INFO - Sync 1 DAGs
[2025-07-02T02:10:05.094+0000] {logging_mixin.py:190} INFO - [2025-07-02T02:10:05.094+0000] {dag.py:4180} INFO - Setting next_dagrun for extract_raw_data_pipeline to 2025-07-01 07:59:00+00:00, run_after=2025-07-02 07:00:00+00:00
[2025-07-02T02:10:05.108+0000] {processor.py:208} INFO - Processing /opt/airflow/dags/driven_data_pipeline.py took 0.379 seconds
[2025-07-02T02:10:35.433+0000] {processor.py:186} INFO - Started process (PID=108) to work on /opt/airflow/dags/driven_data_pipeline.py
[2025-07-02T02:10:35.435+0000] {processor.py:914} INFO - Processing file /opt/airflow/dags/driven_data_pipeline.py for tasks to queue
[2025-07-02T02:10:35.438+0000] {logging_mixin.py:190} INFO - [2025-07-02T02:10:35.438+0000] {dagbag.py:588} INFO - Filling up the DagBag from /opt/airflow/dags/driven_data_pipeline.py
[2025-07-02T02:10:35.734+0000] {processor.py:925} INFO - DAG(s) 'extract_raw_data_pipeline' retrieved from /opt/airflow/dags/driven_data_pipeline.py
[2025-07-02T02:10:35.756+0000] {logging_mixin.py:190} INFO - [2025-07-02T02:10:35.756+0000] {dag.py:3239} INFO - Sync 1 DAGs
[2025-07-02T02:10:35.778+0000] {logging_mixin.py:190} INFO - [2025-07-02T02:10:35.778+0000] {dag.py:4180} INFO - Setting next_dagrun for extract_raw_data_pipeline to 2025-07-01 07:59:00+00:00, run_after=2025-07-02 07:00:00+00:00
[2025-07-02T02:10:35.797+0000] {processor.py:208} INFO - Processing /opt/airflow/dags/driven_data_pipeline.py took 0.373 seconds
[2025-07-02T02:11:06.160+0000] {processor.py:186} INFO - Started process (PID=116) to work on /opt/airflow/dags/driven_data_pipeline.py
[2025-07-02T02:11:06.161+0000] {processor.py:914} INFO - Processing file /opt/airflow/dags/driven_data_pipeline.py for tasks to queue
[2025-07-02T02:11:06.163+0000] {logging_mixin.py:190} INFO - [2025-07-02T02:11:06.163+0000] {dagbag.py:588} INFO - Filling up the DagBag from /opt/airflow/dags/driven_data_pipeline.py
[2025-07-02T02:11:06.472+0000] {processor.py:925} INFO - DAG(s) 'extract_raw_data_pipeline' retrieved from /opt/airflow/dags/driven_data_pipeline.py
[2025-07-02T02:11:06.495+0000] {logging_mixin.py:190} INFO - [2025-07-02T02:11:06.495+0000] {dag.py:3239} INFO - Sync 1 DAGs
[2025-07-02T02:11:06.512+0000] {logging_mixin.py:190} INFO - [2025-07-02T02:11:06.512+0000] {dag.py:4180} INFO - Setting next_dagrun for extract_raw_data_pipeline to 2025-07-01 07:59:00+00:00, run_after=2025-07-02 07:00:00+00:00
[2025-07-02T02:11:06.527+0000] {processor.py:208} INFO - Processing /opt/airflow/dags/driven_data_pipeline.py took 0.372 seconds
[2025-07-02T02:11:36.766+0000] {processor.py:186} INFO - Started process (PID=128) to work on /opt/airflow/dags/driven_data_pipeline.py
[2025-07-02T02:11:36.768+0000] {processor.py:914} INFO - Processing file /opt/airflow/dags/driven_data_pipeline.py for tasks to queue
[2025-07-02T02:11:36.771+0000] {logging_mixin.py:190} INFO - [2025-07-02T02:11:36.770+0000] {dagbag.py:588} INFO - Filling up the DagBag from /opt/airflow/dags/driven_data_pipeline.py
[2025-07-02T02:11:37.151+0000] {processor.py:925} INFO - DAG(s) 'extract_raw_data_pipeline' retrieved from /opt/airflow/dags/driven_data_pipeline.py
[2025-07-02T02:11:37.169+0000] {logging_mixin.py:190} INFO - [2025-07-02T02:11:37.169+0000] {dag.py:3239} INFO - Sync 1 DAGs
[2025-07-02T02:11:37.186+0000] {logging_mixin.py:190} INFO - [2025-07-02T02:11:37.186+0000] {dag.py:4180} INFO - Setting next_dagrun for extract_raw_data_pipeline to 2025-07-01 07:59:00+00:00, run_after=2025-07-02 07:00:00+00:00
[2025-07-02T02:11:37.202+0000] {processor.py:208} INFO - Processing /opt/airflow/dags/driven_data_pipeline.py took 0.442 seconds
[2025-07-02T02:12:07.507+0000] {processor.py:186} INFO - Started process (PID=137) to work on /opt/airflow/dags/driven_data_pipeline.py
[2025-07-02T02:12:07.508+0000] {processor.py:914} INFO - Processing file /opt/airflow/dags/driven_data_pipeline.py for tasks to queue
[2025-07-02T02:12:07.514+0000] {logging_mixin.py:190} INFO - [2025-07-02T02:12:07.514+0000] {dagbag.py:588} INFO - Filling up the DagBag from /opt/airflow/dags/driven_data_pipeline.py
[2025-07-02T02:12:07.824+0000] {processor.py:925} INFO - DAG(s) 'extract_raw_data_pipeline' retrieved from /opt/airflow/dags/driven_data_pipeline.py
[2025-07-02T02:12:07.847+0000] {logging_mixin.py:190} INFO - [2025-07-02T02:12:07.847+0000] {dag.py:3239} INFO - Sync 1 DAGs
[2025-07-02T02:12:07.868+0000] {logging_mixin.py:190} INFO - [2025-07-02T02:12:07.868+0000] {dag.py:4180} INFO - Setting next_dagrun for extract_raw_data_pipeline to 2025-07-01 07:59:00+00:00, run_after=2025-07-02 07:00:00+00:00
[2025-07-02T02:12:07.885+0000] {processor.py:208} INFO - Processing /opt/airflow/dags/driven_data_pipeline.py took 0.384 seconds
[2025-07-02T02:12:38.223+0000] {processor.py:186} INFO - Started process (PID=145) to work on /opt/airflow/dags/driven_data_pipeline.py
[2025-07-02T02:12:38.224+0000] {processor.py:914} INFO - Processing file /opt/airflow/dags/driven_data_pipeline.py for tasks to queue
[2025-07-02T02:12:38.227+0000] {logging_mixin.py:190} INFO - [2025-07-02T02:12:38.226+0000] {dagbag.py:588} INFO - Filling up the DagBag from /opt/airflow/dags/driven_data_pipeline.py
[2025-07-02T02:12:38.516+0000] {processor.py:925} INFO - DAG(s) 'extract_raw_data_pipeline' retrieved from /opt/airflow/dags/driven_data_pipeline.py
[2025-07-02T02:12:38.535+0000] {logging_mixin.py:190} INFO - [2025-07-02T02:12:38.535+0000] {dag.py:3239} INFO - Sync 1 DAGs
[2025-07-02T02:12:38.554+0000] {logging_mixin.py:190} INFO - [2025-07-02T02:12:38.554+0000] {dag.py:4180} INFO - Setting next_dagrun for extract_raw_data_pipeline to 2025-07-01 07:59:00+00:00, run_after=2025-07-02 07:00:00+00:00
[2025-07-02T02:12:38.571+0000] {processor.py:208} INFO - Processing /opt/airflow/dags/driven_data_pipeline.py took 0.353 seconds
[2025-07-02T02:13:09.079+0000] {processor.py:186} INFO - Started process (PID=153) to work on /opt/airflow/dags/driven_data_pipeline.py
[2025-07-02T02:13:09.081+0000] {processor.py:914} INFO - Processing file /opt/airflow/dags/driven_data_pipeline.py for tasks to queue
[2025-07-02T02:13:09.084+0000] {logging_mixin.py:190} INFO - [2025-07-02T02:13:09.083+0000] {dagbag.py:588} INFO - Filling up the DagBag from /opt/airflow/dags/driven_data_pipeline.py
[2025-07-02T02:13:09.414+0000] {processor.py:925} INFO - DAG(s) 'extract_raw_data_pipeline' retrieved from /opt/airflow/dags/driven_data_pipeline.py
[2025-07-02T02:13:09.435+0000] {logging_mixin.py:190} INFO - [2025-07-02T02:13:09.435+0000] {dag.py:3239} INFO - Sync 1 DAGs
[2025-07-02T02:13:09.455+0000] {logging_mixin.py:190} INFO - [2025-07-02T02:13:09.455+0000] {dag.py:4180} INFO - Setting next_dagrun for extract_raw_data_pipeline to 2025-07-01 07:59:00+00:00, run_after=2025-07-02 07:00:00+00:00
[2025-07-02T02:13:09.471+0000] {processor.py:208} INFO - Processing /opt/airflow/dags/driven_data_pipeline.py took 0.405 seconds
[2025-07-02T02:13:39.836+0000] {processor.py:186} INFO - Started process (PID=161) to work on /opt/airflow/dags/driven_data_pipeline.py
[2025-07-02T02:13:39.837+0000] {processor.py:914} INFO - Processing file /opt/airflow/dags/driven_data_pipeline.py for tasks to queue
[2025-07-02T02:13:39.839+0000] {logging_mixin.py:190} INFO - [2025-07-02T02:13:39.839+0000] {dagbag.py:588} INFO - Filling up the DagBag from /opt/airflow/dags/driven_data_pipeline.py
[2025-07-02T02:13:40.153+0000] {processor.py:925} INFO - DAG(s) 'extract_raw_data_pipeline' retrieved from /opt/airflow/dags/driven_data_pipeline.py
[2025-07-02T02:13:40.172+0000] {logging_mixin.py:190} INFO - [2025-07-02T02:13:40.172+0000] {dag.py:3239} INFO - Sync 1 DAGs
[2025-07-02T02:13:40.187+0000] {logging_mixin.py:190} INFO - [2025-07-02T02:13:40.187+0000] {dag.py:4180} INFO - Setting next_dagrun for extract_raw_data_pipeline to 2025-07-01 07:59:00+00:00, run_after=2025-07-02 07:00:00+00:00
[2025-07-02T02:13:40.202+0000] {processor.py:208} INFO - Processing /opt/airflow/dags/driven_data_pipeline.py took 0.370 seconds
[2025-07-02T02:14:10.491+0000] {processor.py:186} INFO - Started process (PID=169) to work on /opt/airflow/dags/driven_data_pipeline.py
[2025-07-02T02:14:10.492+0000] {processor.py:914} INFO - Processing file /opt/airflow/dags/driven_data_pipeline.py for tasks to queue
[2025-07-02T02:14:10.495+0000] {logging_mixin.py:190} INFO - [2025-07-02T02:14:10.494+0000] {dagbag.py:588} INFO - Filling up the DagBag from /opt/airflow/dags/driven_data_pipeline.py
[2025-07-02T02:14:10.788+0000] {processor.py:925} INFO - DAG(s) 'extract_raw_data_pipeline' retrieved from /opt/airflow/dags/driven_data_pipeline.py
[2025-07-02T02:14:10.810+0000] {logging_mixin.py:190} INFO - [2025-07-02T02:14:10.810+0000] {dag.py:3239} INFO - Sync 1 DAGs
[2025-07-02T02:14:10.832+0000] {logging_mixin.py:190} INFO - [2025-07-02T02:14:10.831+0000] {dag.py:4180} INFO - Setting next_dagrun for extract_raw_data_pipeline to 2025-07-01 07:59:00+00:00, run_after=2025-07-02 07:00:00+00:00
[2025-07-02T02:14:10.848+0000] {processor.py:208} INFO - Processing /opt/airflow/dags/driven_data_pipeline.py took 0.364 seconds
[2025-07-02T02:14:41.133+0000] {processor.py:186} INFO - Started process (PID=177) to work on /opt/airflow/dags/driven_data_pipeline.py
[2025-07-02T02:14:41.134+0000] {processor.py:914} INFO - Processing file /opt/airflow/dags/driven_data_pipeline.py for tasks to queue
[2025-07-02T02:14:41.137+0000] {logging_mixin.py:190} INFO - [2025-07-02T02:14:41.136+0000] {dagbag.py:588} INFO - Filling up the DagBag from /opt/airflow/dags/driven_data_pipeline.py
[2025-07-02T02:14:41.451+0000] {processor.py:925} INFO - DAG(s) 'extract_raw_data_pipeline' retrieved from /opt/airflow/dags/driven_data_pipeline.py
[2025-07-02T02:14:41.471+0000] {logging_mixin.py:190} INFO - [2025-07-02T02:14:41.471+0000] {dag.py:3239} INFO - Sync 1 DAGs
[2025-07-02T02:14:41.487+0000] {logging_mixin.py:190} INFO - [2025-07-02T02:14:41.487+0000] {dag.py:4180} INFO - Setting next_dagrun for extract_raw_data_pipeline to 2025-07-01 07:59:00+00:00, run_after=2025-07-02 07:00:00+00:00
[2025-07-02T02:14:41.500+0000] {processor.py:208} INFO - Processing /opt/airflow/dags/driven_data_pipeline.py took 0.372 seconds
[2025-07-02T02:15:11.885+0000] {processor.py:186} INFO - Started process (PID=185) to work on /opt/airflow/dags/driven_data_pipeline.py
[2025-07-02T02:15:11.886+0000] {processor.py:914} INFO - Processing file /opt/airflow/dags/driven_data_pipeline.py for tasks to queue
[2025-07-02T02:15:11.888+0000] {logging_mixin.py:190} INFO - [2025-07-02T02:15:11.888+0000] {dagbag.py:588} INFO - Filling up the DagBag from /opt/airflow/dags/driven_data_pipeline.py
[2025-07-02T02:15:12.197+0000] {processor.py:925} INFO - DAG(s) 'extract_raw_data_pipeline' retrieved from /opt/airflow/dags/driven_data_pipeline.py
[2025-07-02T02:15:12.219+0000] {logging_mixin.py:190} INFO - [2025-07-02T02:15:12.219+0000] {dag.py:3239} INFO - Sync 1 DAGs
[2025-07-02T02:15:12.237+0000] {logging_mixin.py:190} INFO - [2025-07-02T02:15:12.237+0000] {dag.py:4180} INFO - Setting next_dagrun for extract_raw_data_pipeline to 2025-07-01 07:59:00+00:00, run_after=2025-07-02 07:00:00+00:00
[2025-07-02T02:15:12.255+0000] {processor.py:208} INFO - Processing /opt/airflow/dags/driven_data_pipeline.py took 0.375 seconds
[2025-07-02T02:15:42.536+0000] {processor.py:186} INFO - Started process (PID=193) to work on /opt/airflow/dags/driven_data_pipeline.py
[2025-07-02T02:15:42.537+0000] {processor.py:914} INFO - Processing file /opt/airflow/dags/driven_data_pipeline.py for tasks to queue
[2025-07-02T02:15:42.539+0000] {logging_mixin.py:190} INFO - [2025-07-02T02:15:42.539+0000] {dagbag.py:588} INFO - Filling up the DagBag from /opt/airflow/dags/driven_data_pipeline.py
[2025-07-02T02:15:42.854+0000] {processor.py:925} INFO - DAG(s) 'extract_raw_data_pipeline' retrieved from /opt/airflow/dags/driven_data_pipeline.py
[2025-07-02T02:15:42.875+0000] {logging_mixin.py:190} INFO - [2025-07-02T02:15:42.874+0000] {dag.py:3239} INFO - Sync 1 DAGs
[2025-07-02T02:15:42.891+0000] {logging_mixin.py:190} INFO - [2025-07-02T02:15:42.891+0000] {dag.py:4180} INFO - Setting next_dagrun for extract_raw_data_pipeline to 2025-07-01 07:59:00+00:00, run_after=2025-07-02 07:00:00+00:00
[2025-07-02T02:15:42.909+0000] {processor.py:208} INFO - Processing /opt/airflow/dags/driven_data_pipeline.py took 0.378 seconds
[2025-07-02T02:16:13.002+0000] {processor.py:186} INFO - Started process (PID=201) to work on /opt/airflow/dags/driven_data_pipeline.py
[2025-07-02T02:16:13.003+0000] {processor.py:914} INFO - Processing file /opt/airflow/dags/driven_data_pipeline.py for tasks to queue
[2025-07-02T02:16:13.006+0000] {logging_mixin.py:190} INFO - [2025-07-02T02:16:13.005+0000] {dagbag.py:588} INFO - Filling up the DagBag from /opt/airflow/dags/driven_data_pipeline.py
[2025-07-02T02:16:13.152+0000] {processor.py:925} INFO - DAG(s) 'extract_raw_data_pipeline' retrieved from /opt/airflow/dags/driven_data_pipeline.py
[2025-07-02T02:16:13.175+0000] {logging_mixin.py:190} INFO - [2025-07-02T02:16:13.175+0000] {dag.py:3239} INFO - Sync 1 DAGs
[2025-07-02T02:16:13.193+0000] {logging_mixin.py:190} INFO - [2025-07-02T02:16:13.192+0000] {dag.py:4180} INFO - Setting next_dagrun for extract_raw_data_pipeline to 2025-07-01 07:59:00+00:00, run_after=2025-07-02 07:00:00+00:00
[2025-07-02T02:16:13.208+0000] {processor.py:208} INFO - Processing /opt/airflow/dags/driven_data_pipeline.py took 0.212 seconds
[2025-07-02T02:16:43.509+0000] {processor.py:186} INFO - Started process (PID=209) to work on /opt/airflow/dags/driven_data_pipeline.py
[2025-07-02T02:16:43.510+0000] {processor.py:914} INFO - Processing file /opt/airflow/dags/driven_data_pipeline.py for tasks to queue
[2025-07-02T02:16:43.513+0000] {logging_mixin.py:190} INFO - [2025-07-02T02:16:43.513+0000] {dagbag.py:588} INFO - Filling up the DagBag from /opt/airflow/dags/driven_data_pipeline.py
[2025-07-02T02:16:43.664+0000] {processor.py:925} INFO - DAG(s) 'extract_raw_data_pipeline' retrieved from /opt/airflow/dags/driven_data_pipeline.py
[2025-07-02T02:16:43.685+0000] {logging_mixin.py:190} INFO - [2025-07-02T02:16:43.685+0000] {dag.py:3239} INFO - Sync 1 DAGs
[2025-07-02T02:16:43.704+0000] {logging_mixin.py:190} INFO - [2025-07-02T02:16:43.703+0000] {dag.py:4180} INFO - Setting next_dagrun for extract_raw_data_pipeline to 2025-07-01 07:59:00+00:00, run_after=2025-07-02 07:00:00+00:00
[2025-07-02T02:16:43.719+0000] {processor.py:208} INFO - Processing /opt/airflow/dags/driven_data_pipeline.py took 0.216 seconds
[2025-07-02T02:17:13.917+0000] {processor.py:186} INFO - Started process (PID=217) to work on /opt/airflow/dags/driven_data_pipeline.py
[2025-07-02T02:17:13.919+0000] {processor.py:914} INFO - Processing file /opt/airflow/dags/driven_data_pipeline.py for tasks to queue
[2025-07-02T02:17:13.924+0000] {logging_mixin.py:190} INFO - [2025-07-02T02:17:13.924+0000] {dagbag.py:588} INFO - Filling up the DagBag from /opt/airflow/dags/driven_data_pipeline.py
[2025-07-02T02:17:14.093+0000] {processor.py:925} INFO - DAG(s) 'extract_raw_data_pipeline' retrieved from /opt/airflow/dags/driven_data_pipeline.py
[2025-07-02T02:17:14.117+0000] {logging_mixin.py:190} INFO - [2025-07-02T02:17:14.116+0000] {dag.py:3239} INFO - Sync 1 DAGs
[2025-07-02T02:17:14.138+0000] {logging_mixin.py:190} INFO - [2025-07-02T02:17:14.138+0000] {dag.py:4180} INFO - Setting next_dagrun for extract_raw_data_pipeline to 2025-07-01 07:59:00+00:00, run_after=2025-07-02 07:00:00+00:00
[2025-07-02T02:17:14.168+0000] {processor.py:208} INFO - Processing /opt/airflow/dags/driven_data_pipeline.py took 0.264 seconds
[2025-07-02T02:17:44.395+0000] {processor.py:186} INFO - Started process (PID=225) to work on /opt/airflow/dags/driven_data_pipeline.py
[2025-07-02T02:17:44.396+0000] {processor.py:914} INFO - Processing file /opt/airflow/dags/driven_data_pipeline.py for tasks to queue
[2025-07-02T02:17:44.398+0000] {logging_mixin.py:190} INFO - [2025-07-02T02:17:44.398+0000] {dagbag.py:588} INFO - Filling up the DagBag from /opt/airflow/dags/driven_data_pipeline.py
[2025-07-02T02:17:44.547+0000] {processor.py:925} INFO - DAG(s) 'extract_raw_data_pipeline' retrieved from /opt/airflow/dags/driven_data_pipeline.py
[2025-07-02T02:17:44.570+0000] {logging_mixin.py:190} INFO - [2025-07-02T02:17:44.570+0000] {dag.py:3239} INFO - Sync 1 DAGs
[2025-07-02T02:17:44.591+0000] {logging_mixin.py:190} INFO - [2025-07-02T02:17:44.591+0000] {dag.py:4180} INFO - Setting next_dagrun for extract_raw_data_pipeline to 2025-07-01 07:59:00+00:00, run_after=2025-07-02 07:00:00+00:00
[2025-07-02T02:17:44.609+0000] {processor.py:208} INFO - Processing /opt/airflow/dags/driven_data_pipeline.py took 0.219 seconds
[2025-07-02T02:18:14.726+0000] {processor.py:186} INFO - Started process (PID=233) to work on /opt/airflow/dags/driven_data_pipeline.py
[2025-07-02T02:18:14.728+0000] {processor.py:914} INFO - Processing file /opt/airflow/dags/driven_data_pipeline.py for tasks to queue
[2025-07-02T02:18:14.730+0000] {logging_mixin.py:190} INFO - [2025-07-02T02:18:14.730+0000] {dagbag.py:588} INFO - Filling up the DagBag from /opt/airflow/dags/driven_data_pipeline.py
[2025-07-02T02:18:14.887+0000] {processor.py:925} INFO - DAG(s) 'extract_raw_data_pipeline' retrieved from /opt/airflow/dags/driven_data_pipeline.py
[2025-07-02T02:18:14.913+0000] {logging_mixin.py:190} INFO - [2025-07-02T02:18:14.913+0000] {dag.py:3239} INFO - Sync 1 DAGs
[2025-07-02T02:18:14.937+0000] {logging_mixin.py:190} INFO - [2025-07-02T02:18:14.937+0000] {dag.py:4180} INFO - Setting next_dagrun for extract_raw_data_pipeline to 2025-07-01 07:59:00+00:00, run_after=2025-07-02 07:00:00+00:00
[2025-07-02T02:18:14.960+0000] {processor.py:208} INFO - Processing /opt/airflow/dags/driven_data_pipeline.py took 0.240 seconds
[2025-07-02T02:18:45.161+0000] {processor.py:186} INFO - Started process (PID=241) to work on /opt/airflow/dags/driven_data_pipeline.py
[2025-07-02T02:18:45.162+0000] {processor.py:914} INFO - Processing file /opt/airflow/dags/driven_data_pipeline.py for tasks to queue
[2025-07-02T02:18:45.164+0000] {logging_mixin.py:190} INFO - [2025-07-02T02:18:45.164+0000] {dagbag.py:588} INFO - Filling up the DagBag from /opt/airflow/dags/driven_data_pipeline.py
[2025-07-02T02:18:45.338+0000] {processor.py:925} INFO - DAG(s) 'extract_raw_data_pipeline' retrieved from /opt/airflow/dags/driven_data_pipeline.py
[2025-07-02T02:18:45.363+0000] {logging_mixin.py:190} INFO - [2025-07-02T02:18:45.363+0000] {dag.py:3239} INFO - Sync 1 DAGs
[2025-07-02T02:18:45.383+0000] {logging_mixin.py:190} INFO - [2025-07-02T02:18:45.383+0000] {dag.py:4180} INFO - Setting next_dagrun for extract_raw_data_pipeline to 2025-07-01 07:59:00+00:00, run_after=2025-07-02 07:00:00+00:00
[2025-07-02T02:18:45.399+0000] {processor.py:208} INFO - Processing /opt/airflow/dags/driven_data_pipeline.py took 0.244 seconds
[2025-07-02T02:19:15.619+0000] {processor.py:186} INFO - Started process (PID=249) to work on /opt/airflow/dags/driven_data_pipeline.py
[2025-07-02T02:19:15.621+0000] {processor.py:914} INFO - Processing file /opt/airflow/dags/driven_data_pipeline.py for tasks to queue
[2025-07-02T02:19:15.624+0000] {logging_mixin.py:190} INFO - [2025-07-02T02:19:15.623+0000] {dagbag.py:588} INFO - Filling up the DagBag from /opt/airflow/dags/driven_data_pipeline.py
[2025-07-02T02:19:15.765+0000] {processor.py:925} INFO - DAG(s) 'extract_raw_data_pipeline' retrieved from /opt/airflow/dags/driven_data_pipeline.py
[2025-07-02T02:19:15.788+0000] {logging_mixin.py:190} INFO - [2025-07-02T02:19:15.788+0000] {dag.py:3239} INFO - Sync 1 DAGs
[2025-07-02T02:19:15.807+0000] {logging_mixin.py:190} INFO - [2025-07-02T02:19:15.807+0000] {dag.py:4180} INFO - Setting next_dagrun for extract_raw_data_pipeline to 2025-07-01 07:59:00+00:00, run_after=2025-07-02 07:00:00+00:00
[2025-07-02T02:19:15.822+0000] {processor.py:208} INFO - Processing /opt/airflow/dags/driven_data_pipeline.py took 0.209 seconds
[2025-07-02T02:19:46.030+0000] {processor.py:186} INFO - Started process (PID=257) to work on /opt/airflow/dags/driven_data_pipeline.py
[2025-07-02T02:19:46.032+0000] {processor.py:914} INFO - Processing file /opt/airflow/dags/driven_data_pipeline.py for tasks to queue
[2025-07-02T02:19:46.034+0000] {logging_mixin.py:190} INFO - [2025-07-02T02:19:46.034+0000] {dagbag.py:588} INFO - Filling up the DagBag from /opt/airflow/dags/driven_data_pipeline.py
[2025-07-02T02:19:46.196+0000] {processor.py:925} INFO - DAG(s) 'extract_raw_data_pipeline' retrieved from /opt/airflow/dags/driven_data_pipeline.py
[2025-07-02T02:19:46.220+0000] {logging_mixin.py:190} INFO - [2025-07-02T02:19:46.219+0000] {dag.py:3239} INFO - Sync 1 DAGs
[2025-07-02T02:19:46.241+0000] {logging_mixin.py:190} INFO - [2025-07-02T02:19:46.241+0000] {dag.py:4180} INFO - Setting next_dagrun for extract_raw_data_pipeline to 2025-07-01 07:59:00+00:00, run_after=2025-07-02 07:00:00+00:00
[2025-07-02T02:19:46.267+0000] {processor.py:208} INFO - Processing /opt/airflow/dags/driven_data_pipeline.py took 0.248 seconds
[2025-07-02T02:20:16.425+0000] {processor.py:186} INFO - Started process (PID=265) to work on /opt/airflow/dags/driven_data_pipeline.py
[2025-07-02T02:20:16.427+0000] {processor.py:914} INFO - Processing file /opt/airflow/dags/driven_data_pipeline.py for tasks to queue
[2025-07-02T02:20:16.430+0000] {logging_mixin.py:190} INFO - [2025-07-02T02:20:16.430+0000] {dagbag.py:588} INFO - Filling up the DagBag from /opt/airflow/dags/driven_data_pipeline.py
[2025-07-02T02:20:16.591+0000] {processor.py:925} INFO - DAG(s) 'extract_raw_data_pipeline' retrieved from /opt/airflow/dags/driven_data_pipeline.py
[2025-07-02T02:20:16.613+0000] {logging_mixin.py:190} INFO - [2025-07-02T02:20:16.613+0000] {dag.py:3239} INFO - Sync 1 DAGs
[2025-07-02T02:20:16.634+0000] {logging_mixin.py:190} INFO - [2025-07-02T02:20:16.634+0000] {dag.py:4180} INFO - Setting next_dagrun for extract_raw_data_pipeline to 2025-07-01 07:59:00+00:00, run_after=2025-07-02 07:00:00+00:00
[2025-07-02T02:20:16.651+0000] {processor.py:208} INFO - Processing /opt/airflow/dags/driven_data_pipeline.py took 0.233 seconds
[2025-07-02T02:20:46.853+0000] {processor.py:186} INFO - Started process (PID=273) to work on /opt/airflow/dags/driven_data_pipeline.py
[2025-07-02T02:20:46.854+0000] {processor.py:914} INFO - Processing file /opt/airflow/dags/driven_data_pipeline.py for tasks to queue
[2025-07-02T02:20:46.857+0000] {logging_mixin.py:190} INFO - [2025-07-02T02:20:46.857+0000] {dagbag.py:588} INFO - Filling up the DagBag from /opt/airflow/dags/driven_data_pipeline.py
[2025-07-02T02:20:47.031+0000] {processor.py:925} INFO - DAG(s) 'extract_raw_data_pipeline' retrieved from /opt/airflow/dags/driven_data_pipeline.py
[2025-07-02T02:20:47.062+0000] {logging_mixin.py:190} INFO - [2025-07-02T02:20:47.062+0000] {dag.py:3239} INFO - Sync 1 DAGs
[2025-07-02T02:20:47.084+0000] {logging_mixin.py:190} INFO - [2025-07-02T02:20:47.084+0000] {dag.py:4180} INFO - Setting next_dagrun for extract_raw_data_pipeline to 2025-07-01 07:59:00+00:00, run_after=2025-07-02 07:00:00+00:00
[2025-07-02T02:20:47.101+0000] {processor.py:208} INFO - Processing /opt/airflow/dags/driven_data_pipeline.py took 0.253 seconds
[2025-07-02T02:21:17.319+0000] {processor.py:186} INFO - Started process (PID=281) to work on /opt/airflow/dags/driven_data_pipeline.py
[2025-07-02T02:21:17.320+0000] {processor.py:914} INFO - Processing file /opt/airflow/dags/driven_data_pipeline.py for tasks to queue
[2025-07-02T02:21:17.323+0000] {logging_mixin.py:190} INFO - [2025-07-02T02:21:17.322+0000] {dagbag.py:588} INFO - Filling up the DagBag from /opt/airflow/dags/driven_data_pipeline.py
[2025-07-02T02:21:17.467+0000] {processor.py:925} INFO - DAG(s) 'extract_raw_data_pipeline' retrieved from /opt/airflow/dags/driven_data_pipeline.py
[2025-07-02T02:21:17.490+0000] {logging_mixin.py:190} INFO - [2025-07-02T02:21:17.490+0000] {dag.py:3239} INFO - Sync 1 DAGs
[2025-07-02T02:21:17.510+0000] {logging_mixin.py:190} INFO - [2025-07-02T02:21:17.510+0000] {dag.py:4180} INFO - Setting next_dagrun for extract_raw_data_pipeline to 2025-07-01 07:59:00+00:00, run_after=2025-07-02 07:00:00+00:00
[2025-07-02T02:21:17.526+0000] {processor.py:208} INFO - Processing /opt/airflow/dags/driven_data_pipeline.py took 0.213 seconds
[2025-07-02T02:21:47.787+0000] {processor.py:186} INFO - Started process (PID=290) to work on /opt/airflow/dags/driven_data_pipeline.py
[2025-07-02T02:21:47.789+0000] {processor.py:914} INFO - Processing file /opt/airflow/dags/driven_data_pipeline.py for tasks to queue
[2025-07-02T02:21:47.793+0000] {logging_mixin.py:190} INFO - [2025-07-02T02:21:47.792+0000] {dagbag.py:588} INFO - Filling up the DagBag from /opt/airflow/dags/driven_data_pipeline.py
[2025-07-02T02:21:47.971+0000] {processor.py:925} INFO - DAG(s) 'extract_raw_data_pipeline' retrieved from /opt/airflow/dags/driven_data_pipeline.py
[2025-07-02T02:21:47.997+0000] {logging_mixin.py:190} INFO - [2025-07-02T02:21:47.997+0000] {dag.py:3239} INFO - Sync 1 DAGs
[2025-07-02T02:21:48.017+0000] {logging_mixin.py:190} INFO - [2025-07-02T02:21:48.017+0000] {dag.py:4180} INFO - Setting next_dagrun for extract_raw_data_pipeline to 2025-07-01 07:59:00+00:00, run_after=2025-07-02 07:00:00+00:00
[2025-07-02T02:21:48.034+0000] {processor.py:208} INFO - Processing /opt/airflow/dags/driven_data_pipeline.py took 0.256 seconds
[2025-07-02T02:22:18.243+0000] {processor.py:186} INFO - Started process (PID=298) to work on /opt/airflow/dags/driven_data_pipeline.py
[2025-07-02T02:22:18.244+0000] {processor.py:914} INFO - Processing file /opt/airflow/dags/driven_data_pipeline.py for tasks to queue
[2025-07-02T02:22:18.246+0000] {logging_mixin.py:190} INFO - [2025-07-02T02:22:18.246+0000] {dagbag.py:588} INFO - Filling up the DagBag from /opt/airflow/dags/driven_data_pipeline.py
[2025-07-02T02:22:18.393+0000] {processor.py:925} INFO - DAG(s) 'extract_raw_data_pipeline' retrieved from /opt/airflow/dags/driven_data_pipeline.py
[2025-07-02T02:22:18.418+0000] {logging_mixin.py:190} INFO - [2025-07-02T02:22:18.418+0000] {dag.py:3239} INFO - Sync 1 DAGs
[2025-07-02T02:22:18.440+0000] {logging_mixin.py:190} INFO - [2025-07-02T02:22:18.440+0000] {dag.py:4180} INFO - Setting next_dagrun for extract_raw_data_pipeline to 2025-07-01 07:59:00+00:00, run_after=2025-07-02 07:00:00+00:00
[2025-07-02T02:22:18.458+0000] {processor.py:208} INFO - Processing /opt/airflow/dags/driven_data_pipeline.py took 0.221 seconds
[2025-07-02T02:22:48.568+0000] {processor.py:186} INFO - Started process (PID=306) to work on /opt/airflow/dags/driven_data_pipeline.py
[2025-07-02T02:22:48.569+0000] {processor.py:914} INFO - Processing file /opt/airflow/dags/driven_data_pipeline.py for tasks to queue
[2025-07-02T02:22:48.572+0000] {logging_mixin.py:190} INFO - [2025-07-02T02:22:48.571+0000] {dagbag.py:588} INFO - Filling up the DagBag from /opt/airflow/dags/driven_data_pipeline.py
[2025-07-02T02:22:48.725+0000] {processor.py:925} INFO - DAG(s) 'extract_raw_data_pipeline' retrieved from /opt/airflow/dags/driven_data_pipeline.py
[2025-07-02T02:22:48.751+0000] {logging_mixin.py:190} INFO - [2025-07-02T02:22:48.751+0000] {dag.py:3239} INFO - Sync 1 DAGs
[2025-07-02T02:22:48.774+0000] {logging_mixin.py:190} INFO - [2025-07-02T02:22:48.774+0000] {dag.py:4180} INFO - Setting next_dagrun for extract_raw_data_pipeline to 2025-07-01 07:59:00+00:00, run_after=2025-07-02 07:00:00+00:00
[2025-07-02T02:22:48.791+0000] {processor.py:208} INFO - Processing /opt/airflow/dags/driven_data_pipeline.py took 0.229 seconds
[2025-07-02T02:23:19.100+0000] {processor.py:186} INFO - Started process (PID=315) to work on /opt/airflow/dags/driven_data_pipeline.py
[2025-07-02T02:23:19.101+0000] {processor.py:914} INFO - Processing file /opt/airflow/dags/driven_data_pipeline.py for tasks to queue
[2025-07-02T02:23:19.103+0000] {logging_mixin.py:190} INFO - [2025-07-02T02:23:19.103+0000] {dagbag.py:588} INFO - Filling up the DagBag from /opt/airflow/dags/driven_data_pipeline.py
[2025-07-02T02:23:19.246+0000] {processor.py:925} INFO - DAG(s) 'extract_raw_data_pipeline' retrieved from /opt/airflow/dags/driven_data_pipeline.py
[2025-07-02T02:23:19.269+0000] {logging_mixin.py:190} INFO - [2025-07-02T02:23:19.269+0000] {dag.py:3239} INFO - Sync 1 DAGs
[2025-07-02T02:23:19.289+0000] {logging_mixin.py:190} INFO - [2025-07-02T02:23:19.289+0000] {dag.py:4180} INFO - Setting next_dagrun for extract_raw_data_pipeline to 2025-07-01 07:59:00+00:00, run_after=2025-07-02 07:00:00+00:00
[2025-07-02T02:23:19.304+0000] {processor.py:208} INFO - Processing /opt/airflow/dags/driven_data_pipeline.py took 0.210 seconds
[2025-07-02T02:23:49.435+0000] {processor.py:186} INFO - Started process (PID=323) to work on /opt/airflow/dags/driven_data_pipeline.py
[2025-07-02T02:23:49.436+0000] {processor.py:914} INFO - Processing file /opt/airflow/dags/driven_data_pipeline.py for tasks to queue
[2025-07-02T02:23:49.438+0000] {logging_mixin.py:190} INFO - [2025-07-02T02:23:49.438+0000] {dagbag.py:588} INFO - Filling up the DagBag from /opt/airflow/dags/driven_data_pipeline.py
[2025-07-02T02:23:49.621+0000] {processor.py:925} INFO - DAG(s) 'extract_raw_data_pipeline' retrieved from /opt/airflow/dags/driven_data_pipeline.py
[2025-07-02T02:23:49.648+0000] {logging_mixin.py:190} INFO - [2025-07-02T02:23:49.648+0000] {dag.py:3239} INFO - Sync 1 DAGs
[2025-07-02T02:23:49.670+0000] {logging_mixin.py:190} INFO - [2025-07-02T02:23:49.670+0000] {dag.py:4180} INFO - Setting next_dagrun for extract_raw_data_pipeline to 2025-07-01 07:59:00+00:00, run_after=2025-07-02 07:00:00+00:00
[2025-07-02T02:23:49.689+0000] {processor.py:208} INFO - Processing /opt/airflow/dags/driven_data_pipeline.py took 0.260 seconds
[2025-07-02T02:24:19.903+0000] {processor.py:186} INFO - Started process (PID=331) to work on /opt/airflow/dags/driven_data_pipeline.py
[2025-07-02T02:24:19.904+0000] {processor.py:914} INFO - Processing file /opt/airflow/dags/driven_data_pipeline.py for tasks to queue
[2025-07-02T02:24:19.907+0000] {logging_mixin.py:190} INFO - [2025-07-02T02:24:19.906+0000] {dagbag.py:588} INFO - Filling up the DagBag from /opt/airflow/dags/driven_data_pipeline.py
[2025-07-02T02:24:20.049+0000] {processor.py:925} INFO - DAG(s) 'extract_raw_data_pipeline' retrieved from /opt/airflow/dags/driven_data_pipeline.py
[2025-07-02T02:24:20.071+0000] {logging_mixin.py:190} INFO - [2025-07-02T02:24:20.071+0000] {dag.py:3239} INFO - Sync 1 DAGs
[2025-07-02T02:24:20.092+0000] {logging_mixin.py:190} INFO - [2025-07-02T02:24:20.092+0000] {dag.py:4180} INFO - Setting next_dagrun for extract_raw_data_pipeline to 2025-07-01 07:59:00+00:00, run_after=2025-07-02 07:00:00+00:00
[2025-07-02T02:24:20.108+0000] {processor.py:208} INFO - Processing /opt/airflow/dags/driven_data_pipeline.py took 0.211 seconds
[2025-07-02T02:24:50.238+0000] {processor.py:186} INFO - Started process (PID=339) to work on /opt/airflow/dags/driven_data_pipeline.py
[2025-07-02T02:24:50.239+0000] {processor.py:914} INFO - Processing file /opt/airflow/dags/driven_data_pipeline.py for tasks to queue
[2025-07-02T02:24:50.241+0000] {logging_mixin.py:190} INFO - [2025-07-02T02:24:50.241+0000] {dagbag.py:588} INFO - Filling up the DagBag from /opt/airflow/dags/driven_data_pipeline.py
[2025-07-02T02:24:50.386+0000] {processor.py:925} INFO - DAG(s) 'extract_raw_data_pipeline' retrieved from /opt/airflow/dags/driven_data_pipeline.py
[2025-07-02T02:24:50.409+0000] {logging_mixin.py:190} INFO - [2025-07-02T02:24:50.409+0000] {dag.py:3239} INFO - Sync 1 DAGs
[2025-07-02T02:24:50.429+0000] {logging_mixin.py:190} INFO - [2025-07-02T02:24:50.429+0000] {dag.py:4180} INFO - Setting next_dagrun for extract_raw_data_pipeline to 2025-07-01 07:59:00+00:00, run_after=2025-07-02 07:00:00+00:00
[2025-07-02T02:24:50.446+0000] {processor.py:208} INFO - Processing /opt/airflow/dags/driven_data_pipeline.py took 0.215 seconds
[2025-07-02T02:25:20.692+0000] {processor.py:186} INFO - Started process (PID=347) to work on /opt/airflow/dags/driven_data_pipeline.py
[2025-07-02T02:25:20.693+0000] {processor.py:914} INFO - Processing file /opt/airflow/dags/driven_data_pipeline.py for tasks to queue
[2025-07-02T02:25:20.696+0000] {logging_mixin.py:190} INFO - [2025-07-02T02:25:20.696+0000] {dagbag.py:588} INFO - Filling up the DagBag from /opt/airflow/dags/driven_data_pipeline.py
[2025-07-02T02:25:20.854+0000] {processor.py:925} INFO - DAG(s) 'extract_raw_data_pipeline' retrieved from /opt/airflow/dags/driven_data_pipeline.py
[2025-07-02T02:25:20.881+0000] {logging_mixin.py:190} INFO - [2025-07-02T02:25:20.881+0000] {dag.py:3239} INFO - Sync 1 DAGs
[2025-07-02T02:25:20.911+0000] {logging_mixin.py:190} INFO - [2025-07-02T02:25:20.911+0000] {dag.py:4180} INFO - Setting next_dagrun for extract_raw_data_pipeline to 2025-07-01 07:59:00+00:00, run_after=2025-07-02 07:00:00+00:00
[2025-07-02T02:25:20.948+0000] {processor.py:208} INFO - Processing /opt/airflow/dags/driven_data_pipeline.py took 0.261 seconds
[2025-07-02T02:25:51.062+0000] {processor.py:186} INFO - Started process (PID=355) to work on /opt/airflow/dags/driven_data_pipeline.py
[2025-07-02T02:25:51.063+0000] {processor.py:914} INFO - Processing file /opt/airflow/dags/driven_data_pipeline.py for tasks to queue
[2025-07-02T02:25:51.067+0000] {logging_mixin.py:190} INFO - [2025-07-02T02:25:51.066+0000] {dagbag.py:588} INFO - Filling up the DagBag from /opt/airflow/dags/driven_data_pipeline.py
[2025-07-02T02:25:51.225+0000] {processor.py:925} INFO - DAG(s) 'extract_raw_data_pipeline' retrieved from /opt/airflow/dags/driven_data_pipeline.py
[2025-07-02T02:25:51.246+0000] {logging_mixin.py:190} INFO - [2025-07-02T02:25:51.246+0000] {dag.py:3239} INFO - Sync 1 DAGs
[2025-07-02T02:25:51.266+0000] {logging_mixin.py:190} INFO - [2025-07-02T02:25:51.265+0000] {dag.py:4180} INFO - Setting next_dagrun for extract_raw_data_pipeline to 2025-07-01 07:59:00+00:00, run_after=2025-07-02 07:00:00+00:00
[2025-07-02T02:25:51.285+0000] {processor.py:208} INFO - Processing /opt/airflow/dags/driven_data_pipeline.py took 0.229 seconds
[2025-07-02T02:26:21.462+0000] {processor.py:186} INFO - Started process (PID=363) to work on /opt/airflow/dags/driven_data_pipeline.py
[2025-07-02T02:26:21.463+0000] {processor.py:914} INFO - Processing file /opt/airflow/dags/driven_data_pipeline.py for tasks to queue
[2025-07-02T02:26:21.465+0000] {logging_mixin.py:190} INFO - [2025-07-02T02:26:21.465+0000] {dagbag.py:588} INFO - Filling up the DagBag from /opt/airflow/dags/driven_data_pipeline.py
[2025-07-02T02:26:21.609+0000] {processor.py:925} INFO - DAG(s) 'extract_raw_data_pipeline' retrieved from /opt/airflow/dags/driven_data_pipeline.py
[2025-07-02T02:26:21.632+0000] {logging_mixin.py:190} INFO - [2025-07-02T02:26:21.632+0000] {dag.py:3239} INFO - Sync 1 DAGs
[2025-07-02T02:26:21.653+0000] {logging_mixin.py:190} INFO - [2025-07-02T02:26:21.653+0000] {dag.py:4180} INFO - Setting next_dagrun for extract_raw_data_pipeline to 2025-07-01 07:59:00+00:00, run_after=2025-07-02 07:00:00+00:00
[2025-07-02T02:26:21.670+0000] {processor.py:208} INFO - Processing /opt/airflow/dags/driven_data_pipeline.py took 0.215 seconds
[2025-07-02T02:26:51.860+0000] {processor.py:186} INFO - Started process (PID=371) to work on /opt/airflow/dags/driven_data_pipeline.py
[2025-07-02T02:26:51.861+0000] {processor.py:914} INFO - Processing file /opt/airflow/dags/driven_data_pipeline.py for tasks to queue
[2025-07-02T02:26:51.863+0000] {logging_mixin.py:190} INFO - [2025-07-02T02:26:51.863+0000] {dagbag.py:588} INFO - Filling up the DagBag from /opt/airflow/dags/driven_data_pipeline.py
[2025-07-02T02:26:52.011+0000] {processor.py:925} INFO - DAG(s) 'extract_raw_data_pipeline' retrieved from /opt/airflow/dags/driven_data_pipeline.py
[2025-07-02T02:26:52.036+0000] {logging_mixin.py:190} INFO - [2025-07-02T02:26:52.036+0000] {dag.py:3239} INFO - Sync 1 DAGs
[2025-07-02T02:26:52.058+0000] {logging_mixin.py:190} INFO - [2025-07-02T02:26:52.058+0000] {dag.py:4180} INFO - Setting next_dagrun for extract_raw_data_pipeline to 2025-07-01 07:59:00+00:00, run_after=2025-07-02 07:00:00+00:00
[2025-07-02T02:26:52.075+0000] {processor.py:208} INFO - Processing /opt/airflow/dags/driven_data_pipeline.py took 0.221 seconds
[2025-07-02T02:27:22.315+0000] {processor.py:186} INFO - Started process (PID=379) to work on /opt/airflow/dags/driven_data_pipeline.py
[2025-07-02T02:27:22.316+0000] {processor.py:914} INFO - Processing file /opt/airflow/dags/driven_data_pipeline.py for tasks to queue
[2025-07-02T02:27:22.319+0000] {logging_mixin.py:190} INFO - [2025-07-02T02:27:22.319+0000] {dagbag.py:588} INFO - Filling up the DagBag from /opt/airflow/dags/driven_data_pipeline.py
[2025-07-02T02:27:22.482+0000] {processor.py:925} INFO - DAG(s) 'extract_raw_data_pipeline' retrieved from /opt/airflow/dags/driven_data_pipeline.py
[2025-07-02T02:27:22.507+0000] {logging_mixin.py:190} INFO - [2025-07-02T02:27:22.507+0000] {dag.py:3239} INFO - Sync 1 DAGs
[2025-07-02T02:27:22.528+0000] {logging_mixin.py:190} INFO - [2025-07-02T02:27:22.528+0000] {dag.py:4180} INFO - Setting next_dagrun for extract_raw_data_pipeline to 2025-07-01 07:59:00+00:00, run_after=2025-07-02 07:00:00+00:00
[2025-07-02T02:27:22.545+0000] {processor.py:208} INFO - Processing /opt/airflow/dags/driven_data_pipeline.py took 0.238 seconds
[2025-07-02T02:27:52.687+0000] {processor.py:186} INFO - Started process (PID=387) to work on /opt/airflow/dags/driven_data_pipeline.py
[2025-07-02T02:27:52.689+0000] {processor.py:914} INFO - Processing file /opt/airflow/dags/driven_data_pipeline.py for tasks to queue
[2025-07-02T02:27:52.692+0000] {logging_mixin.py:190} INFO - [2025-07-02T02:27:52.691+0000] {dagbag.py:588} INFO - Filling up the DagBag from /opt/airflow/dags/driven_data_pipeline.py
[2025-07-02T02:27:52.906+0000] {processor.py:925} INFO - DAG(s) 'extract_raw_data_pipeline' retrieved from /opt/airflow/dags/driven_data_pipeline.py
[2025-07-02T02:27:52.931+0000] {logging_mixin.py:190} INFO - [2025-07-02T02:27:52.930+0000] {dag.py:3239} INFO - Sync 1 DAGs
[2025-07-02T02:27:52.950+0000] {logging_mixin.py:190} INFO - [2025-07-02T02:27:52.950+0000] {dag.py:4180} INFO - Setting next_dagrun for extract_raw_data_pipeline to 2025-07-01 07:59:00+00:00, run_after=2025-07-02 07:00:00+00:00
[2025-07-02T02:27:52.967+0000] {processor.py:208} INFO - Processing /opt/airflow/dags/driven_data_pipeline.py took 0.285 seconds
[2025-07-02T02:28:23.086+0000] {processor.py:186} INFO - Started process (PID=395) to work on /opt/airflow/dags/driven_data_pipeline.py
[2025-07-02T02:28:23.087+0000] {processor.py:914} INFO - Processing file /opt/airflow/dags/driven_data_pipeline.py for tasks to queue
[2025-07-02T02:28:23.089+0000] {logging_mixin.py:190} INFO - [2025-07-02T02:28:23.089+0000] {dagbag.py:588} INFO - Filling up the DagBag from /opt/airflow/dags/driven_data_pipeline.py
[2025-07-02T02:28:23.232+0000] {processor.py:925} INFO - DAG(s) 'extract_raw_data_pipeline' retrieved from /opt/airflow/dags/driven_data_pipeline.py
[2025-07-02T02:28:23.258+0000] {logging_mixin.py:190} INFO - [2025-07-02T02:28:23.257+0000] {dag.py:3239} INFO - Sync 1 DAGs
[2025-07-02T02:28:23.280+0000] {logging_mixin.py:190} INFO - [2025-07-02T02:28:23.279+0000] {dag.py:4180} INFO - Setting next_dagrun for extract_raw_data_pipeline to 2025-07-01 07:59:00+00:00, run_after=2025-07-02 07:00:00+00:00
[2025-07-02T02:28:23.298+0000] {processor.py:208} INFO - Processing /opt/airflow/dags/driven_data_pipeline.py took 0.218 seconds
[2025-07-02T02:28:53.655+0000] {processor.py:186} INFO - Started process (PID=403) to work on /opt/airflow/dags/driven_data_pipeline.py
[2025-07-02T02:28:53.657+0000] {processor.py:914} INFO - Processing file /opt/airflow/dags/driven_data_pipeline.py for tasks to queue
[2025-07-02T02:28:53.661+0000] {logging_mixin.py:190} INFO - [2025-07-02T02:28:53.660+0000] {dagbag.py:588} INFO - Filling up the DagBag from /opt/airflow/dags/driven_data_pipeline.py
[2025-07-02T02:28:53.980+0000] {processor.py:925} INFO - DAG(s) 'extract_raw_data_pipeline' retrieved from /opt/airflow/dags/driven_data_pipeline.py
[2025-07-02T02:28:54.004+0000] {logging_mixin.py:190} INFO - [2025-07-02T02:28:54.004+0000] {dag.py:3239} INFO - Sync 1 DAGs
[2025-07-02T02:28:54.026+0000] {logging_mixin.py:190} INFO - [2025-07-02T02:28:54.026+0000] {dag.py:4180} INFO - Setting next_dagrun for extract_raw_data_pipeline to 2025-07-01 07:59:00+00:00, run_after=2025-07-02 07:00:00+00:00
[2025-07-02T02:28:54.054+0000] {processor.py:208} INFO - Processing /opt/airflow/dags/driven_data_pipeline.py took 0.404 seconds
[2025-07-02T02:29:24.460+0000] {processor.py:186} INFO - Started process (PID=411) to work on /opt/airflow/dags/driven_data_pipeline.py
[2025-07-02T02:29:24.461+0000] {processor.py:914} INFO - Processing file /opt/airflow/dags/driven_data_pipeline.py for tasks to queue
[2025-07-02T02:29:24.464+0000] {logging_mixin.py:190} INFO - [2025-07-02T02:29:24.463+0000] {dagbag.py:588} INFO - Filling up the DagBag from /opt/airflow/dags/driven_data_pipeline.py
[2025-07-02T02:29:24.619+0000] {processor.py:925} INFO - DAG(s) 'extract_raw_data_pipeline' retrieved from /opt/airflow/dags/driven_data_pipeline.py
[2025-07-02T02:29:24.643+0000] {logging_mixin.py:190} INFO - [2025-07-02T02:29:24.643+0000] {dag.py:3239} INFO - Sync 1 DAGs
[2025-07-02T02:29:24.662+0000] {logging_mixin.py:190} INFO - [2025-07-02T02:29:24.662+0000] {dag.py:4180} INFO - Setting next_dagrun for extract_raw_data_pipeline to 2025-07-01 07:59:00+00:00, run_after=2025-07-02 07:00:00+00:00
[2025-07-02T02:29:24.679+0000] {processor.py:208} INFO - Processing /opt/airflow/dags/driven_data_pipeline.py took 0.225 seconds
[2025-07-02T02:29:54.779+0000] {processor.py:186} INFO - Started process (PID=419) to work on /opt/airflow/dags/driven_data_pipeline.py
[2025-07-02T02:29:54.780+0000] {processor.py:914} INFO - Processing file /opt/airflow/dags/driven_data_pipeline.py for tasks to queue
[2025-07-02T02:29:54.782+0000] {logging_mixin.py:190} INFO - [2025-07-02T02:29:54.782+0000] {dagbag.py:588} INFO - Filling up the DagBag from /opt/airflow/dags/driven_data_pipeline.py
[2025-07-02T02:29:54.923+0000] {processor.py:925} INFO - DAG(s) 'extract_raw_data_pipeline' retrieved from /opt/airflow/dags/driven_data_pipeline.py
[2025-07-02T02:29:54.947+0000] {logging_mixin.py:190} INFO - [2025-07-02T02:29:54.947+0000] {dag.py:3239} INFO - Sync 1 DAGs
[2025-07-02T02:29:54.968+0000] {logging_mixin.py:190} INFO - [2025-07-02T02:29:54.967+0000] {dag.py:4180} INFO - Setting next_dagrun for extract_raw_data_pipeline to 2025-07-01 07:59:00+00:00, run_after=2025-07-02 07:00:00+00:00
[2025-07-02T02:29:54.983+0000] {processor.py:208} INFO - Processing /opt/airflow/dags/driven_data_pipeline.py took 0.210 seconds
[2025-07-02T02:30:25.235+0000] {processor.py:186} INFO - Started process (PID=427) to work on /opt/airflow/dags/driven_data_pipeline.py
[2025-07-02T02:30:25.236+0000] {processor.py:914} INFO - Processing file /opt/airflow/dags/driven_data_pipeline.py for tasks to queue
[2025-07-02T02:30:25.239+0000] {logging_mixin.py:190} INFO - [2025-07-02T02:30:25.238+0000] {dagbag.py:588} INFO - Filling up the DagBag from /opt/airflow/dags/driven_data_pipeline.py
[2025-07-02T02:30:25.385+0000] {processor.py:925} INFO - DAG(s) 'extract_raw_data_pipeline' retrieved from /opt/airflow/dags/driven_data_pipeline.py
[2025-07-02T02:30:25.410+0000] {logging_mixin.py:190} INFO - [2025-07-02T02:30:25.409+0000] {dag.py:3239} INFO - Sync 1 DAGs
[2025-07-02T02:30:25.431+0000] {logging_mixin.py:190} INFO - [2025-07-02T02:30:25.431+0000] {dag.py:4180} INFO - Setting next_dagrun for extract_raw_data_pipeline to 2025-07-01 07:59:00+00:00, run_after=2025-07-02 07:00:00+00:00
[2025-07-02T02:30:25.446+0000] {processor.py:208} INFO - Processing /opt/airflow/dags/driven_data_pipeline.py took 0.216 seconds
[2025-07-02T02:30:55.600+0000] {processor.py:186} INFO - Started process (PID=435) to work on /opt/airflow/dags/driven_data_pipeline.py
[2025-07-02T02:30:55.602+0000] {processor.py:914} INFO - Processing file /opt/airflow/dags/driven_data_pipeline.py for tasks to queue
[2025-07-02T02:30:55.606+0000] {logging_mixin.py:190} INFO - [2025-07-02T02:30:55.606+0000] {dagbag.py:588} INFO - Filling up the DagBag from /opt/airflow/dags/driven_data_pipeline.py
[2025-07-02T02:30:55.765+0000] {processor.py:925} INFO - DAG(s) 'extract_raw_data_pipeline' retrieved from /opt/airflow/dags/driven_data_pipeline.py
[2025-07-02T02:30:55.789+0000] {logging_mixin.py:190} INFO - [2025-07-02T02:30:55.789+0000] {dag.py:3239} INFO - Sync 1 DAGs
[2025-07-02T02:30:55.810+0000] {logging_mixin.py:190} INFO - [2025-07-02T02:30:55.810+0000] {dag.py:4180} INFO - Setting next_dagrun for extract_raw_data_pipeline to 2025-07-01 07:59:00+00:00, run_after=2025-07-02 07:00:00+00:00
[2025-07-02T02:30:55.845+0000] {processor.py:208} INFO - Processing /opt/airflow/dags/driven_data_pipeline.py took 0.256 seconds
[2025-07-02T02:31:26.020+0000] {processor.py:186} INFO - Started process (PID=443) to work on /opt/airflow/dags/driven_data_pipeline.py
[2025-07-02T02:31:26.021+0000] {processor.py:914} INFO - Processing file /opt/airflow/dags/driven_data_pipeline.py for tasks to queue
[2025-07-02T02:31:26.024+0000] {logging_mixin.py:190} INFO - [2025-07-02T02:31:26.024+0000] {dagbag.py:588} INFO - Filling up the DagBag from /opt/airflow/dags/driven_data_pipeline.py
[2025-07-02T02:31:26.171+0000] {processor.py:925} INFO - DAG(s) 'extract_raw_data_pipeline' retrieved from /opt/airflow/dags/driven_data_pipeline.py
[2025-07-02T02:31:26.193+0000] {logging_mixin.py:190} INFO - [2025-07-02T02:31:26.193+0000] {dag.py:3239} INFO - Sync 1 DAGs
[2025-07-02T02:31:26.211+0000] {logging_mixin.py:190} INFO - [2025-07-02T02:31:26.211+0000] {dag.py:4180} INFO - Setting next_dagrun for extract_raw_data_pipeline to 2025-07-01 07:59:00+00:00, run_after=2025-07-02 07:00:00+00:00
[2025-07-02T02:31:26.227+0000] {processor.py:208} INFO - Processing /opt/airflow/dags/driven_data_pipeline.py took 0.214 seconds
[2025-07-02T02:31:56.506+0000] {processor.py:186} INFO - Started process (PID=451) to work on /opt/airflow/dags/driven_data_pipeline.py
[2025-07-02T02:31:56.507+0000] {processor.py:914} INFO - Processing file /opt/airflow/dags/driven_data_pipeline.py for tasks to queue
[2025-07-02T02:31:56.510+0000] {logging_mixin.py:190} INFO - [2025-07-02T02:31:56.510+0000] {dagbag.py:588} INFO - Filling up the DagBag from /opt/airflow/dags/driven_data_pipeline.py
[2025-07-02T02:31:56.655+0000] {processor.py:925} INFO - DAG(s) 'extract_raw_data_pipeline' retrieved from /opt/airflow/dags/driven_data_pipeline.py
[2025-07-02T02:31:56.678+0000] {logging_mixin.py:190} INFO - [2025-07-02T02:31:56.678+0000] {dag.py:3239} INFO - Sync 1 DAGs
[2025-07-02T02:31:56.698+0000] {logging_mixin.py:190} INFO - [2025-07-02T02:31:56.698+0000] {dag.py:4180} INFO - Setting next_dagrun for extract_raw_data_pipeline to 2025-07-01 07:59:00+00:00, run_after=2025-07-02 07:00:00+00:00
[2025-07-02T02:31:56.715+0000] {processor.py:208} INFO - Processing /opt/airflow/dags/driven_data_pipeline.py took 0.216 seconds
[2025-07-02T02:32:26.844+0000] {processor.py:186} INFO - Started process (PID=459) to work on /opt/airflow/dags/driven_data_pipeline.py
[2025-07-02T02:32:26.845+0000] {processor.py:914} INFO - Processing file /opt/airflow/dags/driven_data_pipeline.py for tasks to queue
[2025-07-02T02:32:26.847+0000] {logging_mixin.py:190} INFO - [2025-07-02T02:32:26.847+0000] {dagbag.py:588} INFO - Filling up the DagBag from /opt/airflow/dags/driven_data_pipeline.py
[2025-07-02T02:32:26.990+0000] {processor.py:925} INFO - DAG(s) 'extract_raw_data_pipeline' retrieved from /opt/airflow/dags/driven_data_pipeline.py
[2025-07-02T02:32:27.014+0000] {logging_mixin.py:190} INFO - [2025-07-02T02:32:27.013+0000] {dag.py:3239} INFO - Sync 1 DAGs
[2025-07-02T02:32:27.036+0000] {logging_mixin.py:190} INFO - [2025-07-02T02:32:27.035+0000] {dag.py:4180} INFO - Setting next_dagrun for extract_raw_data_pipeline to 2025-07-01 07:59:00+00:00, run_after=2025-07-02 07:00:00+00:00
[2025-07-02T02:32:27.050+0000] {processor.py:208} INFO - Processing /opt/airflow/dags/driven_data_pipeline.py took 0.213 seconds
[2025-07-02T02:32:57.388+0000] {processor.py:186} INFO - Started process (PID=467) to work on /opt/airflow/dags/driven_data_pipeline.py
[2025-07-02T02:32:57.389+0000] {processor.py:914} INFO - Processing file /opt/airflow/dags/driven_data_pipeline.py for tasks to queue
[2025-07-02T02:32:57.392+0000] {logging_mixin.py:190} INFO - [2025-07-02T02:32:57.392+0000] {dagbag.py:588} INFO - Filling up the DagBag from /opt/airflow/dags/driven_data_pipeline.py
[2025-07-02T02:32:57.541+0000] {processor.py:925} INFO - DAG(s) 'extract_raw_data_pipeline' retrieved from /opt/airflow/dags/driven_data_pipeline.py
[2025-07-02T02:32:57.564+0000] {logging_mixin.py:190} INFO - [2025-07-02T02:32:57.564+0000] {dag.py:3239} INFO - Sync 1 DAGs
[2025-07-02T02:32:57.583+0000] {logging_mixin.py:190} INFO - [2025-07-02T02:32:57.583+0000] {dag.py:4180} INFO - Setting next_dagrun for extract_raw_data_pipeline to 2025-07-01 07:59:00+00:00, run_after=2025-07-02 07:00:00+00:00
[2025-07-02T02:32:57.599+0000] {processor.py:208} INFO - Processing /opt/airflow/dags/driven_data_pipeline.py took 0.218 seconds
[2025-07-02T02:33:27.675+0000] {processor.py:186} INFO - Started process (PID=475) to work on /opt/airflow/dags/driven_data_pipeline.py
[2025-07-02T02:33:27.676+0000] {processor.py:914} INFO - Processing file /opt/airflow/dags/driven_data_pipeline.py for tasks to queue
[2025-07-02T02:33:27.678+0000] {logging_mixin.py:190} INFO - [2025-07-02T02:33:27.678+0000] {dagbag.py:588} INFO - Filling up the DagBag from /opt/airflow/dags/driven_data_pipeline.py
[2025-07-02T02:33:27.827+0000] {processor.py:925} INFO - DAG(s) 'extract_raw_data_pipeline' retrieved from /opt/airflow/dags/driven_data_pipeline.py
[2025-07-02T02:33:27.848+0000] {logging_mixin.py:190} INFO - [2025-07-02T02:33:27.847+0000] {dag.py:3239} INFO - Sync 1 DAGs
[2025-07-02T02:33:27.866+0000] {logging_mixin.py:190} INFO - [2025-07-02T02:33:27.865+0000] {dag.py:4180} INFO - Setting next_dagrun for extract_raw_data_pipeline to 2025-07-01 07:59:00+00:00, run_after=2025-07-02 07:00:00+00:00
[2025-07-02T02:33:27.881+0000] {processor.py:208} INFO - Processing /opt/airflow/dags/driven_data_pipeline.py took 0.212 seconds
